question_id,mock_test_id,question_text,options,topic_id,question_order,question_type,explanation,correct_answer,pairs,matches,module_id,time_spent_seconds,created_at
570ee357-71a4-4d15-9a0d-61879210121b,mock_50_all_1775001536997,"A developer needs to monitor all inbound and outbound network traffic for a specific Amazon EC2 instance to detect unusual activity or potential security breaches. This monitoring should be non-intrusive and allow for deep packet inspection by a security appliance deployed in a separate subnet. The goal is to capture and redirect network traffic from a specific EC2 instance for out-of-band analysis, ensuring HIGH fidelity.","[""Utilize VPC Traffic Mirroring to send a copy of the network traffic to a dedicated Elastic Network Interface (ENI) for analysis."",""Enable VPC Flow Logs for the subnet containing the EC2 instance and export them to Amazon S3 for analysis."",""Install a third-party packet capture tool directly on the EC2 instance to log all network activity."",""Configure AWS Network Firewall to inspect traffic flowing to and from the EC2 instance.""]",52,8,mcq,"Option A (correct) is the ideal solution for this requirement. VPC Traffic Mirroring allows you to copy network traffic from an ENI of an EC2 instance and send it to a target ENI for out-of-band inspection by security and monitoring appliances. This provides full packet capture for deep analysis without impacting the EC2 instance's performance. Option B (incorrect) provides flow-level metadata, not full packet data, which is insufficient for deep packet inspection. Option C (incorrect) would add operational overhead, consume instance resources, and might not be non-intrusive. Option D (incorrect) is for filtering and blocking traffic based on rules, not for mirroring traffic for deep, out-of-band analysis by a separate appliance.",[0],null,null,m_52_2,null,2026-04-01 02:22:45.261679+00
92f0443a-828c-4794-a9cf-07df399f1a9f,mock_50_all_1775001536997,A developer needs to identify if network connectivity issues between an Amazon EC2 instance and a public internet endpoint are due to configuration errors within the VPC or external factors. The goal is to pinpoint potential network configuration issues affecting outbound internet connectivity with HIGH accuracy.,"[""Examine Amazon CloudWatch metrics for the EC2 instance's network performance."",""Analyze VPC Flow Logs to review accepted and rejected traffic to and from the EC2 instance."",""Use AWS Network Manager to monitor the health of the VPC and its connections."",""Perform a series of `curl` commands to various public endpoints from the EC2 instance.""]",52,9,mcq,"Option B (correct) is the most effective way to identify network configuration issues affecting outbound internet connectivity. VPC Flow Logs provide detailed records of IP traffic, showing if traffic is reaching the NAT Gateway/Internet Gateway and if it's being accepted or rejected by security groups or network ACLs. This helps pinpoint if the issue is within the VPC's routing or security configuration. Option A (incorrect) provides aggregate performance data but doesn't offer the granular detail to diagnose specific connectivity configuration problems. Option C (incorrect) is more suited for hybrid network management and global network visibility, not for diagnosing specific outbound connectivity issues from a single EC2 instance. Option D (incorrect) can confirm connectivity or lack thereof, but it doesn't provide insight into *why* the connection might be failing from a network configuration perspective.",[1],null,null,m_52_2,null,2026-04-01 02:22:45.261679+00
815ba42d-c0e5-473a-9877-6fb28a533b63,mock_50_all_1775001536997,A company has a hybrid cloud environment with AWS Direct Connect linking their on-premises data center to an Amazon VPC. Applications in the VPC are intermittently failing to connect to on-premises resources. The network team needs a centralized view of network topology and health across both environments to troubleshoot connectivity issues from a single console.,"[""Configure Amazon CloudWatch to collect metrics from all network interfaces and VPN connections."",""Analyze VPC Flow Logs from the VPC to identify rejected traffic to on-premises IP ranges."",""Implement AWS Network Manager to visualize the global network, including Direct Connect connections, VPNs, and VPCs."",""Use AWS Config to track changes to network resources and identify recent misconfigurations.""]",52,10,mcq,"Option C (correct) is designed for this exact scenario. AWS Network Manager provides a centralized management and monitoring solution for your global network across AWS and on-premises environments, including Direct Connect connections, Site-to-Site VPNs, and Transit Gateways. It offers a visual topology and health monitoring, which is crucial for troubleshooting hybrid connectivity issues from a single console. Option A (incorrect) would provide metrics but not a unified topology view or direct diagnostic capabilities for hybrid networks. Option B (incorrect) provides granular traffic data but doesn't offer a centralized, holistic view of the hybrid network's health and topology. Option D (incorrect) tracks configuration changes, which is useful for auditing, but not for real-time monitoring or visualizing network health and reachability.",[2],null,null,m_52_2,null,2026-04-01 02:22:45.261679+00
eaef118e-f5e8-48a0-ae46-6f7516902fb3,mock_50_all_1775001536997,"A developer needs to quickly verify that a newly configured security group rule on an Amazon EC2 instance allows specific inbound traffic from a known IP address range, without actually sending traffic or waiting for a connection attempt. The goal is to validate network access configurations proactively and efficiently.","[""Review the security group rules manually in the AWS Management Console."",""Examine VPC Flow Logs to see if any traffic from the IP range has been accepted."",""Use an external port scanner to test connectivity to the EC2 instance's public IP address."",""Utilize AWS Reachability Analyzer to simulate a path from the source IP to the EC2 instance and identify blocking rules.""]",52,11,mcq,"Option D (correct) is the most effective and proactive method. AWS Reachability Analyzer allows you to specify a source and destination, and it will analyze your network configurations (security groups, network ACLs, route tables) to determine if a path exists and, if not, which rule is blocking it. This provides a definitive answer without needing to generate actual traffic. Option A (incorrect) is a manual process prone to human error and doesn't confirm the effective path. Option B (incorrect) only shows past traffic, not proactive validation, and requires traffic to have already occurred. Option C (incorrect) is an external test that might not accurately reflect internal AWS network configurations and could be blocked by other layers before reaching the security group.",[3],null,null,m_52_2,null,2026-04-01 02:22:45.261679+00
a65cad49-2488-47f3-a2de-1dfaf2ac087d,mock_50_all_1775001536997,"A high-performance computing (HPC) application running on Amazon EC2 instances requires extremely low-latency, high-throughput network communication between instances within the same cluster. The application frequently transfers large datasets between nodes. The developer needs to maximize network performance and minimize inter-instance communication latency.","[""Deploy EC2 instances with Elastic Fabric Adapter (EFA) enabled in a cluster placement group."",""Utilize EC2 instances with Enhanced Networking (ENA) and ensure jumbo frames are configured."",""Place EC2 instances in different Availability Zones to maximize fault tolerance."",""Implement a software-defined networking (SDN) solution on the EC2 instances to optimize routing.""]",52,12,mcq,"Option A (correct) is the optimal solution for HPC workloads requiring extremely low-latency and high-throughput inter-instance communication. Elastic Fabric Adapter (EFA) is a network device that enables applications to achieve the performance of an on-premises HPC cluster, with lower and more consistent latency and higher throughput than traditional TCP networking. Using a cluster placement group ensures instances are launched in a single Availability Zone on hardware that supports low-latency network connectivity. Option B (incorrect) provides good network performance but ENA alone does not offer the same level of OS-bypass and MPI support as EFA for HPC. Jumbo frames help with throughput but not as much with latency for HPC. Option C (incorrect) would increase latency between instances, which is detrimental to HPC applications. Option D (incorrect) would add significant operational overhead and complexity without necessarily achieving the specialized hardware acceleration provided by EFA.",[0],null,null,m_52_3,null,2026-04-01 02:22:45.261679+00
673b02b5-0d08-4f1c-9a15-084f189b8edc,mock_50_all_1775001536997,A global gaming company is launching a new multiplayer game with servers hosted on Amazon EC2 instances in multiple AWS Regions. Players worldwide are experiencing high latency due to geographical distance. The company needs to improve the user experience by reducing latency for global users connecting to the game servers.,"[""Configure Amazon Route 53 with latency-based routing policies to direct users to the closest regional endpoint."",""Implement AWS Global Accelerator to direct user traffic to the optimal AWS Region over the AWS global network."",""Utilize Amazon CloudFront to cache static game assets closer to users at edge locations."",""Deploy a VPN connection from each user's device to the nearest AWS Region.""]",52,13,mcq,"Option B (correct) is designed to improve performance for global users by routing their traffic through the AWS global network, which is optimized for performance, to the nearest healthy application endpoint. Global Accelerator uses static IP addresses and intelligent routing to reduce latency for interactive applications like gaming. Option A (incorrect) helps direct users to the closest region, but the traffic still traverses the public internet for the initial connection, which can introduce latency. Global Accelerator enhances this by using the AWS backbone. Option C (incorrect) is for caching static content and is not suitable for dynamic, interactive game traffic. Option D (incorrect) is impractical and unmanageable for a large number of global users and would introduce significant overhead.",[1],null,null,m_52_3,null,2026-04-01 02:22:45.261679+00
3b7126e2-f334-4bb0-a6d4-e99580729644,mock_50_all_1775001536997,A developer is designing a new application that will be deployed on Amazon EC2 instances. The application performs intensive network I/O operations and needs to achieve the highest possible network throughput. The developer needs to select an EC2 instance configuration that provides the BEST network performance.,"[""Choose an EC2 instance type that supports multiple Elastic Network Interfaces (ENIs)."",""Ensure the EC2 instance is launched in a placement group for network optimization."",""Select an EC2 instance type that supports Enhanced Networking (ENA) and ensure it is enabled."",""Configure the EC2 instance with a public IP address to bypass NAT Gateway overhead.""]",52,14,mcq,"Option C (correct) is crucial for achieving high network throughput on EC2 instances. Enhanced Networking (ENA) uses single root I/O virtualization (SR-IOV) to provide high-performance networking capabilities, significantly increasing packet per second (PPS) performance and reducing latency. Option A (incorrect) allows for multiple network interfaces, which can help with network segmentation, but doesn't inherently maximize the throughput of a single connection or instance. Option B (incorrect) helps ensure instances are physically close for low latency, but ENA is the underlying technology for high throughput. Option D (incorrect) is about internet connectivity, not about maximizing internal network throughput, and would expose the instance to the public internet.",[2],null,null,m_52_3,null,2026-04-01 02:22:45.261679+00
2d5ffcd5-7082-4e35-9c27-cc00d0e08da5,mock_50_all_1775001536997,"A developer needs to optimize data transfer costs for an application that serves static content (images, videos) to a global user base. The content is stored in Amazon S3. The primary goal is to reduce data transfer out costs and improve content delivery speed for global users.","[""Implement Amazon S3 Transfer Acceleration for faster uploads to S3."",""Use AWS Global Accelerator to route user requests to the nearest S3 bucket."",""Configure Amazon Route 53 with geolocation routing to direct users to the closest S3 bucket."",""Deploy Amazon CloudFront in front of the Amazon S3 bucket to cache content at edge locations.""]",52,15,mcq,"Option D (correct) is the most effective solution for reducing data transfer out costs from Amazon S3 and improving content delivery speed for a global user base. Amazon CloudFront caches content at edge locations worldwide, serving requests closer to users, which significantly reduces latency and minimizes the amount of data transferred directly from S3, thus lowering costs. Option A (incorrect) is for accelerating uploads to S3, not for optimizing content delivery to end-users or reducing data transfer out costs. Option B (incorrect) is primarily for accelerating dynamic application traffic to EC2 instances or ALBs, not typically for serving static content directly from S3 with cost optimization in mind. Option C (incorrect) can direct users to the closest S3 bucket, but the content is still served directly from S3, incurring standard S3 data transfer costs and not benefiting from edge caching.",[3],null,null,m_52_3,null,2026-04-01 02:22:45.261679+00
fbc89a5c-1498-4933-a0df-ec579b6dc569,mock_50_all_1775001536997,A critical application running on Amazon EC2 instances requires high availability and automatic failover in case of an instance or Availability Zone failure. The application uses a custom health check to determine instance health. The developer needs to ensure continuous application availability through automated health checks and traffic routing.,"[""Configure Amazon Route 53 health checks with DNS failover to redirect traffic to healthy instances or regions."",""Deploy an Application Load Balancer (ALB) with health checks configured for the EC2 instances in an Auto Scaling group."",""Implement a custom script on each EC2 instance to monitor its health and manually update DNS records upon failure."",""Use AWS Systems Manager to monitor instance health and automatically restart failed instances.""]",52,16,mcq,"Option B (correct) is the most common and effective pattern for achieving high availability with automatic failover for applications on EC2 instances. An Application Load Balancer (ALB) distributes incoming application traffic across multiple targets, such as EC2 instances, in multiple Availability Zones. It continuously monitors the health of its registered targets and routes traffic only to healthy instances, automatically failing over when an instance or AZ becomes unhealthy, especially when combined with an Auto Scaling group. Option A (incorrect) can provide DNS failover, but it operates at the DNS level and typically has higher failover times than an ALB, and it doesn't manage instance scaling. Option C (incorrect) is a manual and error-prone approach that does not scale and introduces significant operational overhead. Option D (incorrect) can manage and restart instances, but it doesn't handle traffic routing or provide immediate failover for application-level health issues like an ALB does.",[1],null,null,m_52_3,null,2026-04-01 02:22:45.261679+00
bc023130-9f56-4dbc-aac7-f1175bfa72a6,mock_50_all_1775001536997,"A developer is deploying a new database on Amazon EC2 instances that will handle large transactions. To minimize network overhead and maximize payload efficiency for internal VPC communication, the network configuration needs optimization. The developer needs to optimize network efficiency for large data transfers between instances within the same VPC.","[""Enable Enhanced Networking (ENA) on the EC2 instances."",""Configure Jumbo Frames (MTU of 9001) on the EC2 instances' operating systems."",""Utilize Elastic Fabric Adapter (EFA) for inter-instance communication."",""Place the EC2 instances in different subnets to distribute network load.""]",52,17,mcq,"Option B (correct) is the most effective way to optimize network efficiency for large data transfers between instances within the same VPC. Jumbo frames allow a larger payload per packet (up to 9001 bytes), which reduces the number of packets needed for large data transfers, thereby decreasing CPU utilization and network overhead. This is particularly beneficial for database replication or large file transfers. Option A (incorrect) provides high-performance networking but doesn't specifically address payload efficiency for large transfers in the same way jumbo frames do. Option C (incorrect) is designed for HPC workloads requiring extremely low-latency, OS-bypass communication, which is typically overkill and not the primary optimization for general large data transfers. Option D (incorrect) is for network segmentation and fault tolerance, not for optimizing network efficiency or throughput between instances.",[1],null,null,m_52_3,null,2026-04-01 02:22:45.261679+00
4eb22d27-d812-490e-bfbf-6b89374115e3,mock_50_all_1775001536997,A development team is building a new RESTful API using Amazon API Gateway and AWS Lambda. They need to secure the API with HTTPS and use a custom domain name (api.example.com). The team wants to minimize the operational overhead associated with managing SSL/TLS certificates. Which approach meets these requirements with the LEAST operational overhead?,"[""Option A: Request and provision an SSL/TLS certificate using AWS Certificate Manager (ACM) and associate it with the custom domain in Amazon API Gateway."",""Option B: Generate a self-signed SSL/TLS certificate, upload it to AWS Identity and Access Management (IAM) certificate store, and configure Amazon API Gateway to use it."",""Option C: Purchase an SSL/TLS certificate from a third-party provider, manually upload it to Amazon API Gateway, and set up a Lambda function to monitor its expiration."",""Option D: Deploy an Amazon EC2 instance with NGINX as a reverse proxy, install a certificate on it, and route all API Gateway traffic through this proxy.""]",53,1,mcq,"Option A (correct) is the most effective solution for minimizing operational overhead. AWS Certificate Manager (ACM) can provision and automatically renew SSL/TLS certificates, which can then be directly associated with custom domain names in Amazon API Gateway. This eliminates manual certificate management tasks. Option B (incorrect) involves using a self-signed certificate, which is not trusted by browsers and would result in security warnings for users, making it unsuitable for public-facing APIs. Option C (incorrect) still requires manual certificate management, including purchasing, uploading, and setting up custom monitoring for expiration, which increases operational overhead. Option D (incorrect) introduces significant operational overhead by requiring the management of an EC2 instance, NGINX, and manual certificate installation and renewal, which is contrary to the goal of a serverless API and minimizing operational effort.",[0],null,null,m_53_3,null,2026-04-01 02:22:45.261679+00
1f96a463-0ffd-45f5-b2fa-d20c9e05128f,mock_50_all_1775001536997,"A developer is designing a new application that uses Amazon EC2 instances across multiple subnets. The security team requires a robust network segmentation strategy to ensure that each application tier (web, application, database) can only communicate with its designated upstream/downstream tiers. Which AWS networking feature is MOST effective for implementing this granular, least-privilege network segmentation?","[""Option A: Use separate subnets for each application tier and apply granular Security Group rules to control traffic flow between them."",""Option B: Deploy all application tiers within a single large subnet and use Network Access Control Lists (NACLs) to segment traffic."",""Option C: Implement AWS WAF rules on an Application Load Balancer to filter traffic between the web and application tiers."",""Option D: Configure an AWS Network Firewall to inspect and filter all traffic between the different application tiers.""]",53,13,mcq,"Option A (correct) is the most effective and common approach for implementing granular network segmentation in a multi-tier application. By using separate subnets for each tier and applying Security Group rules that reference other Security Groups, you can precisely control which tiers can communicate with each other, enforcing the principle of least privilege. Security Groups are stateful and operate at the instance level. Option B (incorrect) uses NACLs, which are stateless and operate at the subnet level. While they can provide some segmentation, they are less granular and more complex to manage for specific inter-tier communication compared to Security Groups, especially within a single large subnet. Option C (incorrect) is limited to HTTP/HTTPS traffic and only applies to the web tier's inbound traffic, not comprehensive inter-tier communication. Option D (incorrect) is a powerful tool for centralized traffic inspection and filtering across VPCs or to the internet, but for granular inter-tier communication within the same VPC, Security Groups are typically more efficient and simpler to manage for this specific use case.",[0],null,null,m_53_1,null,2026-04-01 02:22:45.261679+00
db7ad55d-8b32-46c3-8cad-df824453144d,mock_50_all_1775001536997,A company has established an AWS Direct Connect connection between its on-premises data center and its AWS VPC. They need to ensure that all data transmitted over this connection is encrypted in transit to meet strict compliance requirements. Which is the MOST appropriate solution to secure data confidentiality over the existing Direct Connect connection?,"[""Option A: Establish an IPsec VPN connection over the AWS Direct Connect private virtual interface."",""Option B: Rely on the inherent security of the AWS Direct Connect connection, as it uses private networking."",""Option C: Implement application-level TLS encryption for all traffic flowing over the Direct Connect connection."",""Option D: Configure AWS Transit Gateway to route traffic, assuming it provides automatic encryption for Direct Connect.""]",53,2,mcq,"Option A (correct) is the recommended approach for encrypting data in transit over AWS Direct Connect to meet compliance requirements. While Direct Connect provides a private, dedicated connection, it does not encrypt data by default. An IPsec VPN tunnel established over the Direct Connect private virtual interface adds an additional layer of encryption, ensuring data confidentiality. Option B (incorrect) is wrong because Direct Connect, by itself, does not provide encryption for data in transit; it only offers a private connection. Option C (incorrect) is a valid approach for specific application traffic but does not secure all network-level data in transit across the entire Direct Connect connection, and it shifts the encryption burden to every application. Option D (incorrect) is inaccurate; AWS Transit Gateway facilitates routing between VPCs and on-premises networks but does not automatically encrypt traffic over Direct Connect without an explicit VPN configuration.",[0],null,null,m_53_3,null,2026-04-01 02:22:45.261679+00
7f6c4831-3d86-47af-a0e3-3cff0676e123,mock_50_all_1775001536997,A developer is building an application that stores highly sensitive customer data in an Amazon S3 bucket. The application runs on Amazon EC2 instances within a private subnet of a VPC. The security team mandates that all communication with the S3 bucket must be encrypted in transit and must not traverse the public internet. Which combination of services and configurations will meet these requirements?,"[""Option A: Configure a VPC endpoint for Amazon S3 and enforce HTTPS using an S3 bucket policy."",""Option B: Enable S3 bucket encryption at rest with AWS Key Management Service (AWS KMS) and use an Internet Gateway."",""Option C: Set up an Amazon CloudFront distribution with an Origin Access Control (OAC) to the S3 bucket and access CloudFront from the EC2 instances."",""Option D: Use a NAT Gateway to route traffic to S3 and ensure all EC2 instances use application-level encryption.""]",53,3,mcq,"Option A (correct) is the most appropriate solution. A VPC endpoint for Amazon S3 allows EC2 instances in a private subnet to access S3 directly without traversing the public internet. Enforcing HTTPS (TLS) via an S3 bucket policy ensures that all data in transit between the EC2 instances and the S3 bucket is encrypted. Option B (incorrect) only addresses encryption at rest and explicitly uses an Internet Gateway, which means traffic would traverse the public internet, violating a key requirement. Option C (incorrect) uses CloudFront for content delivery, which is not designed for direct EC2-to-S3 private access within a VPC and would still involve public endpoints for CloudFront. Option D (incorrect) uses a NAT Gateway, which routes traffic to the public internet, violating the requirement to avoid public internet traversal. Application-level encryption is good but doesn't prevent public internet traversal.",[0],null,null,m_53_3,null,2026-04-01 02:22:45.261679+00
14411682-f04d-4263-8dfb-35fc3970e918,mock_50_all_1775001536997,"A company operates multiple public-facing web applications, each fronted by an Application Load Balancer (ALB). The security team requires all ALBs to use valid SSL/TLS certificates and mandates that certificate management, including renewals, be fully automated to reduce manual effort and potential outages. Which AWS service should the developer use to achieve this MOST efficiently?","[""Option A: Manually purchase SSL/TLS certificates from a third-party Certificate Authority and upload them to each Application Load Balancer."",""Option B: Use AWS Certificate Manager (ACM) to provision and manage SSL/TLS certificates, associating them with the Application Load Balancers."",""Option C: Implement a custom AWS Lambda function to generate self-signed certificates and rotate them on a schedule."",""Option D: Configure Amazon Route 53 to handle certificate issuance and renewal for the Application Load Balancers.""]",53,4,mcq,"Option B (correct) is the most efficient and automated solution. AWS Certificate Manager (ACM) allows you to easily provision, manage, and deploy public and private SSL/TLS certificates for use with AWS services like Application Load Balancers. ACM automatically renews certificates before they expire, eliminating manual intervention and reducing operational overhead. Option A (incorrect) requires significant manual effort for purchasing, uploading, and tracking renewals, which is precisely what the team wants to avoid. Option C (incorrect) involves creating self-signed certificates, which are not trusted by browsers and would lead to security warnings for users, making them unsuitable for public-facing applications. Option D (incorrect) is inaccurate; Amazon Route 53 is a DNS service and does not directly handle certificate issuance or renewal for ALBs, although it can be used for domain validation during ACM certificate provisioning.",[1],null,null,m_53_3,null,2026-04-01 02:22:45.261679+00
dded8d2a-295b-4376-854c-500ee05f5340,mock_50_all_1775001536997,"A company has two Amazon VPCs, VPC-A and VPC-B, in the same AWS Region. Applications in VPC-A need to communicate with applications in VPC-B using private IP addresses. The security team insists that all traffic between these VPCs must be encrypted in transit to protect sensitive data. Which solution provides secure and private communication between the VPCs?","[""Option A: Establish a VPC Peering connection and then create an IPsec VPN tunnel over the peering connection."",""Option B: Configure a NAT Gateway in each VPC to route traffic between them over the public internet with TLS."",""Option C: Use a Transit Gateway to connect both VPCs and rely on its default encryption capabilities."",""Option D: Assign public IP addresses to all instances in both VPCs and enforce application-level TLS encryption.""]",53,5,mcq,"Option A (correct) is the appropriate solution. VPC Peering allows instances in different VPCs to communicate using private IP addresses as if they were in the same network. However, VPC Peering itself does not encrypt traffic. To meet the encryption requirement, an IPsec VPN tunnel must be established over the VPC Peering connection. Option B (incorrect) routes traffic over the public internet via NAT Gateways, violating the private communication requirement, even with TLS. Option C (incorrect) is partially correct in using a Transit Gateway for connectivity, but Transit Gateway does not provide encryption for inter-VPC traffic by default; an IPsec VPN attachment would still be needed for encryption, making this option incomplete and potentially misleading. Option D (incorrect) exposes instances to the public internet, which is a security risk, and relies solely on application-level encryption, which may not cover all traffic or be consistently enforced.",[0],null,null,m_53_3,null,2026-04-01 02:22:45.261679+00
a9868ae6-5183-4c94-b7d6-96952089ca10,mock_50_all_1775001536997,"A developer is deploying a public-facing web application that serves static content and API requests. To improve performance and security, they decide to use Amazon CloudFront. The security team requires end-to-end encryption for all traffic, from the client browser to the origin server (an Application Load Balancer). Which configuration ensures this requirement is met?","[""Option A: Configure CloudFront to use an HTTPS viewer protocol policy and an HTTPS only origin protocol policy, with an AWS Certificate Manager (ACM) certificate on CloudFront and the ALB."",""Option B: Configure CloudFront to use an HTTPS viewer protocol policy and an HTTP only origin protocol policy, with a self-signed certificate on CloudFront."",""Option C: Configure CloudFront to use an HTTP viewer protocol policy and an HTTPS only origin protocol policy, with an ACM certificate on the ALB."",""Option D: Use CloudFront with an Origin Access Control (OAC) to restrict access to the ALB, and rely on the ALB's default HTTP listener.""]",53,6,mcq,"Option A (correct) ensures end-to-end encryption. The HTTPS viewer protocol policy encrypts traffic from the client to CloudFront, and an ACM certificate on CloudFront validates this. The HTTPS only origin protocol policy ensures CloudFront connects to the ALB using HTTPS, and an ACM certificate on the ALB encrypts traffic from CloudFront to the origin. Option B (incorrect) fails to provide end-to-end encryption because the origin protocol is HTTP only, meaning traffic between CloudFront and the ALB is unencrypted. A self-signed certificate on CloudFront is also not trusted by browsers. Option C (incorrect) fails to provide end-to-end encryption because the HTTP viewer protocol policy means traffic from the client to CloudFront is unencrypted. Option D (incorrect) uses OAC for access restriction, which is good for security, but it explicitly mentions relying on the ALB's default HTTP listener, which would mean unencrypted traffic from CloudFront to the origin, failing the end-to-end encryption requirement.",[0],null,null,m_53_3,null,2026-04-01 02:22:45.261679+00
464c13c8-0d68-4196-acaa-77992359b7ab,mock_50_all_1775001536997,A company hosts its public website on Amazon Route 53 and wants to protect its DNS records from spoofing and other attacks. The security team has mandated implementing DNSSEC to ensure the authenticity and integrity of DNS responses. Which action should the developer take to implement DNSSEC for the domain?,"[""Option A: Enable DNSSEC for the public hosted zone in Amazon Route 53 and update the DS record at the domain registrar."",""Option B: Create a private hosted zone in Amazon Route 53 and configure DNSSEC for internal resolution."",""Option C: Implement AWS WAF rules to protect the Route 53 DNS queries from malicious attacks."",""Option D: Use Amazon CloudFront to cache DNS responses and provide DNSSEC protection at the edge.""]",53,7,mcq,"Option A (correct) describes the correct process for enabling DNSSEC for a public domain hosted in Amazon Route 53. Enabling DNSSEC in Route 53 generates the necessary DNSKEY and DS records. The DS record then needs to be updated at the domain registrar to establish the chain of trust from the top-level domain (TLD) to your hosted zone. Option B (incorrect) is for private DNS resolution within VPCs and does not provide protection for public DNS records against external spoofing. Option C (incorrect) is irrelevant; AWS WAF protects web applications, not DNS resolution directly. Option D (incorrect) is also incorrect; Amazon CloudFront is a content delivery network and does not provide DNSSEC protection for Route 53 hosted zones.",[0],null,null,m_53_3,null,2026-04-01 02:22:45.261679+00
06c27eaa-9995-4aef-8103-d25c1cefbd3c,mock_50_all_1775003086539,"A company has established a Direct Connect connection between its on-premises network and an AWS VPC. They need to ensure that only authorized traffic can flow between the two environments. Specifically, they want to control inbound and outbound traffic at both the subnet level and the instance level within the AWS VPC. Which two AWS networking features should be configured to enforce these granular security controls?","[""Configure AWS WAF on the Direct Connect gateway and Amazon GuardDuty for threat detection."",""Implement AWS Shield Advanced for DDoS protection and Amazon Inspector for vulnerability scanning."",""Apply Network Access Control Lists (Network ACLs) to subnets and Security Groups to Amazon EC2 instances."",""Use AWS Firewall Manager for centralized policy management and AWS Security Hub for compliance checks.""]",51,19,mcq,"Option C (correct) provides the granular security controls required. Network Access Control Lists (Network ACLs) operate at the subnet level and act as a stateless firewall, allowing or denying traffic to and from subnets. Security Groups operate at the instance level and act as a stateful firewall, controlling inbound and outbound traffic for Amazon EC2 instances. Together, they provide comprehensive network traffic filtering within the AWS VPC for hybrid connectivity. Option A (incorrect) AWS WAF is a web application firewall and is not directly applicable to controlling general network traffic over Direct Connect. Amazon GuardDuty is a threat detection service, not a traffic filtering mechanism. Option B (incorrect) AWS Shield Advanced provides DDoS protection, and Amazon Inspector performs vulnerability scanning; neither are designed for granular traffic filtering at the network or instance level. Option D (incorrect) AWS Firewall Manager and AWS Security Hub are management and compliance services, not direct traffic filtering mechanisms for VPCs.",[2],null,null,m_51_1,null,2026-04-01 02:22:45.261679+00
8bcffeb4-ddac-48ed-8488-a31ae56d0aa5,mock_50_all_1775003086539,"A security team needs to monitor all API calls made to AWS services within their account for auditing and compliance purposes. They require a centralized log of all actions, including who made the call, from where, and when, and want to store these logs securely for long-term retention. Which AWS service should be configured?","[""AWS CloudTrail."",""Amazon CloudWatch Logs."",""Amazon GuardDuty."",""AWS Config.""]",53,15,mcq,"Option A (correct) is the primary service for auditing AWS API calls. AWS CloudTrail records API calls made to AWS services in your account, providing a history of events that includes who made the call, the source IP address, when it occurred, and which resources were affected. These logs can be delivered to an Amazon S3 bucket for long-term, secure storage, which is crucial for auditing and compliance. Option B (incorrect) is a logging service that can store logs from various sources, including CloudTrail, but CloudTrail itself is responsible for generating the API call logs. CloudWatch Logs is typically used for real-time monitoring and analysis of these logs, not their initial generation. Option C (incorrect) is a threat detection service that monitors for malicious activity and unauthorized behavior, but it does not provide a comprehensive audit trail of all API calls. Option D (incorrect) is a service that enables you to assess, audit, and evaluate the configurations of your AWS resources, but it does not record API call history; it focuses on configuration changes.",[0],null,null,m_53_2,null,2026-04-01 02:22:45.261679+00
1932fcb1-6ecf-4e82-9f51-4c4bd4237b69,mock_50_all_1775001536997,"A company is deploying a new public-facing web application on Amazon EC2 instances behind an Application Load Balancer (ALB). The security team requires protection against common web exploits, such as SQL injection and cross-site scripting (XSS), without requiring code changes or managing additional infrastructure. Which AWS service should be used to meet this security requirement?","[""Option A: Configure Amazon EC2 Security Groups to filter malicious IP addresses."",""Option B: Implement Network Access Control Lists (NACLs) at the subnet level to block suspicious traffic."",""Option C: Deploy AWS Shield Advanced to protect against large-scale DDoS attacks."",""Option D: Integrate AWS WAF with the Application Load Balancer to filter web requests.""]",53,8,mcq,"Option D (correct) is the most appropriate solution. AWS WAF (Web Application Firewall) is designed to protect web applications from common web exploits that could affect application availability, compromise security, or consume excessive resources. It allows you to create custom rules to filter web requests based on conditions like SQL injection or XSS patterns, and it integrates directly with Application Load Balancers without requiring infrastructure management. Option A (incorrect) and Option B (incorrect) are network-level firewalls (Security Groups and NACLs) that operate at the IP and port level. They are not designed to inspect the content of web requests for application-layer exploits like SQL injection or XSS. Option C (incorrect) is for DDoS protection, which is a different security concern than application-layer exploits.",[3],null,null,m_53_1,null,2026-04-01 02:22:45.261679+00
328bfbff-483b-48ad-81e1-dadb3f9ea15b,mock_50_all_1775001536997,"A company needs to monitor all network traffic flowing in and out of its Amazon VPCs for security auditing and troubleshooting purposes. The solution must capture metadata about IP traffic, such as source/destination IP addresses, ports, protocols, and traffic volume. Which AWS service should the developer enable to collect this network flow information?","[""Option A: Enable AWS CloudTrail to log all network-related API calls."",""Option B: Use Amazon CloudWatch Logs to store application logs from EC2 instances."",""Option C: Enable VPC Flow Logs for all network interfaces in the VPC and send them to Amazon CloudWatch Logs or Amazon S3."",""Option D: Configure VPC Traffic Mirroring to capture full packet data for deep inspection.""]",53,15,mcq,"Option C (correct) is the service specifically designed to capture metadata about IP traffic flowing through your VPC. VPC Flow Logs record information about the IP traffic going to and from network interfaces in your VPC, including source/destination IPs, ports, protocols, and the action (ACCEPT or REJECT). These logs can be published to Amazon CloudWatch Logs or Amazon S3 for analysis and auditing. Option A (incorrect) logs API calls made to AWS services, not the actual network traffic data within the VPC. Option B (incorrect) is for storing application-level logs, not network flow metadata. Option D (incorrect) captures full packet data, which is much more detailed and resource-intensive than what is typically needed for general network monitoring and auditing, and it's usually used for specific troubleshooting or security analysis, not for logging all network traffic.",[2],null,null,m_53_2,null,2026-04-01 02:22:45.261679+00
07f43acf-bc0f-4471-a706-41bb337bf8d3,mock_50_all_1775001536997,"A security team needs to track all API calls made to AWS services within their account to detect unauthorized actions and ensure compliance. The solution must capture event history, including who made the call, from where, and when. Which AWS service is essential for meeting this security auditing requirement?","[""Option A: Enable Amazon CloudWatch Logs to collect logs from all running EC2 instances."",""Option B: Configure Amazon VPC Flow Logs to monitor network traffic within the VPC."",""Option C: Enable AWS Config to record configuration changes for AWS resources."",""Option D: Enable AWS CloudTrail to log all API activity and management events in the AWS account.""]",53,16,mcq,"Option D (correct) is the primary service for auditing API activity in AWS. AWS CloudTrail records API calls and related events made by users, roles, or AWS services in your account. This provides a complete history of actions, including who performed them, when, from which IP address, and what resources were affected, which is crucial for security auditing and compliance. Option A (incorrect) collects application and system logs from EC2 instances, not AWS API call history. Option B (incorrect) monitors network traffic flow within a VPC, not API calls to AWS services. Option C (incorrect) records configuration changes to AWS resources over time, which is useful for compliance, but it doesn't log every API call or user activity in the same way CloudTrail does.",[3],null,null,m_53_2,null,2026-04-01 02:22:45.261679+00
fef94df8-b12e-45e2-a555-0de743da18f0,mock_50_all_1775003086539,A developer wants to track changes to security groups and Network ACLs within their VPC to ensure that no unauthorized modifications occur. They need a service that records configuration changes and allows for historical lookup of these changes. Which AWS service should be enabled to meet this requirement?,"[""AWS Config."",""Amazon CloudWatch Events."",""Amazon GuardDuty."",""Amazon VPC Flow Logs.""]",53,21,mcq,"Option A (correct) is the appropriate service for tracking configuration changes. AWS Config continuously monitors and records your AWS resource configurations, including Security Groups and Network ACLs. It provides a detailed configuration history, allowing you to see how a resource's configuration has changed over time, which is essential for auditing and compliance. Option B (incorrect) delivers a near real-time stream of system events that describe changes in AWS resources, but it focuses on event notification rather than maintaining a historical configuration timeline. While it can react to changes, Config is specifically for the history. Option C (incorrect) is a threat detection service that monitors for malicious activity and unauthorized behavior, but it does not provide a historical record of resource configuration changes. Option D (incorrect) captures information about IP traffic flow within a VPC, not configuration changes to network security resources.",[0],null,null,m_53_2,null,2026-04-01 02:22:45.261679+00
dcd8b44d-0d8b-411c-8494-1febc5a88d94,mock_50_all_1775003086539,"A company operates multiple AWS accounts, each with its own VPC, and needs to share a common private hosted zone for internal DNS resolution across all these accounts. They want to avoid duplicating DNS records in each VPC and simplify management.","[""Create a separate private hosted zone in each VPC and manually synchronize DNS records."",""Use Amazon Route 53 to create a private hosted zone in one account and share it with other accounts using AWS Resource Access Manager (RAM)."",""Configure Amazon Route 53 Resolver endpoints in each VPC to query a central DNS server hosted on an EC2 instance."",""Establish VPC peering connections between all VPCs and rely on default DNS resolution.""]",50,20,mcq,"Option B (correct) is the most efficient and scalable way to share a common private hosted zone across multiple AWS accounts. Amazon Route 53 allows you to create a private hosted zone in a central account and then use AWS Resource Access Manager (RAM) to share this hosted zone with other AWS accounts. This enables all associated VPCs to resolve DNS records from the shared private hosted zone, eliminating duplication and simplifying management. Option A (incorrect) would lead to significant operational overhead, potential for inconsistencies, and is not scalable. Option C (incorrect) introduces a single point of failure and increases operational overhead by requiring a custom DNS server on an EC2 instance. Option D (incorrect) enables network connectivity but does not inherently provide a mechanism for sharing a common private hosted zone for DNS resolution across accounts.",[1],null,null,m_50_2,null,2026-04-01 02:22:45.261679+00
b7c56d96-68d5-4561-a5d9-3295a46b33a8,mock_50_all_1775003086539,"A development team needs to deploy a new application that requires a consistent network environment across multiple development and testing AWS accounts. They want to automate the provisioning of VPCs, subnets, and route tables to ensure repeatability and reduce manual configuration errors. The solution must integrate with their existing CI/CD pipeline and minimize the effort required for infrastructure updates. Which approach provides the MOST efficient and repeatable network infrastructure automation?","[""Utilize AWS CloudFormation templates to define the VPC, subnets, and route tables, then integrate these templates into the CI/CD pipeline for automated deployment."",""Manually configure the network resources in one AWS account and then use AWS CLI commands to replicate the configuration across other accounts."",""Develop custom scripts using the AWS SDK to provision network resources, storing the scripts in a version control system for manual execution."",""Use the AWS Management Console to create the network infrastructure in each account, ensuring all settings are identical through careful manual review.""]",51,1,mcq,"Option A (correct) leverages AWS CloudFormation, a declarative infrastructure as code service, which allows defining network resources like VPCs, subnets, and route tables in templates. Integrating these templates into a CI/CD pipeline ensures automated, consistent, and repeatable deployments across multiple accounts, minimizing manual errors and operational overhead. Option B (incorrect) involves manual replication using AWS CLI, which is prone to human error, lacks a declarative state, and is less efficient for complex network setups compared to CloudFormation. Option C (incorrect) requires developing and maintaining custom scripts with the AWS SDK, increasing development and maintenance overhead, and still relies on manual execution or complex custom orchestration. Option D (incorrect) is a purely manual approach, which is highly inefficient, error-prone, and does not support automation or repeatability, making it unsuitable for consistent deployments across multiple accounts.",[0],null,null,m_51_4,null,2026-04-01 02:22:45.261679+00
dd6c2a4a-50de-4c54-b83b-ac12316ba38a,mock_50_all_1775003086539,"A company is planning to establish an AWS Direct Connect connection to link their on-premises data center with their AWS VPCs. Before the connection can be provisioned, AWS requires a specific document that authorizes AWS to connect to the customer's equipment at the Direct Connect location. What is the name of this crucial document that must be submitted?","[""Service Level Agreement (SLA)"",""Letter of Authorization (LOA)"",""Network Topology Diagram (NTD)"",""AWS Account Registration Form (AARF)""]",51,18,mcq,"Option B (correct) is the required document. A Letter of Authorization (LOA) is a document that grants AWS permission to connect to your equipment at the Direct Connect location. This document is crucial for the physical provisioning of the Direct Connect connection. Option A (incorrect) a Service Level Agreement (SLA) defines the level of service expected from AWS but is not an authorization document for physical connection. Option C (incorrect) a Network Topology Diagram (NTD) illustrates the network layout but is not the authorization document required by AWS for physical connectivity. Option D (incorrect) an AWS Account Registration Form is related to account creation and management, not Direct Connect provisioning.",[1],null,null,m_51_1,null,2026-04-01 02:22:45.261679+00
a86def2a-ea53-4fb0-a73f-8d53477689df,mock_50_all_1775001536997,A security team needs to prevent Amazon EC2 instances in a VPC from making outbound connections to known malicious IP addresses and domains. The solution must be proactive and centrally managed. Which AWS service can be configured to inspect and filter all outbound traffic from the VPC to enforce this policy?,"[""Option A: Configure Security Group outbound rules on each EC2 instance to deny traffic to malicious IPs."",""Option B: Use AWS Network Firewall to inspect and filter all outbound traffic from the VPC based on a managed threat intelligence list."",""Option C: Enable VPC Flow Logs to identify outbound connections to malicious IPs and then manually update NACLs."",""Option D: Deploy an Amazon Route 53 Resolver DNS Firewall to block DNS queries to malicious domains.""]",53,14,mcq,"Option B (correct) is the most effective solution for proactive and centrally managed outbound traffic filtering. AWS Network Firewall is a managed service that allows you to deploy network firewalls in your VPC to inspect and filter all inbound and outbound traffic, including blocking connections to known malicious IP addresses and domains using stateful rules and threat intelligence. Option A (incorrect) requires managing Security Group rules on every instance, which is not centrally managed and becomes complex at scale. It's also reactive, as you need to know the IPs beforehand. Option C (incorrect) is a monitoring solution (VPC Flow Logs) that identifies malicious connections after they occur, requiring manual intervention to update NACLs, which is not proactive or centrally managed. Option D (incorrect) is good for blocking DNS queries to malicious domains but does not inspect or filter actual network traffic, so it's not a complete solution for preventing outbound connections to malicious IPs.",[1],null,null,m_53_1,null,2026-04-01 02:22:45.261679+00
91204595-d857-4a4b-93bc-d7b5bc6b4d64,mock_50_all_1775001536997,"A development team has deployed a new web application on Amazon EC2 instances behind an Application Load Balancer. They need to collect standard application metrics (CPU utilization, request count, error rates) and custom application logs, and centralize them for monitoring and alerting, aiming for the LEAST operational overhead.","[""Configure Amazon EC2 instances to send logs to an Amazon S3 bucket, and create Amazon CloudWatch alarms based on S3 object creation events for monitoring."",""Install a custom logging agent on each Amazon EC2 instance to push logs to a dedicated Amazon Elasticsearch Service cluster, and use basic Amazon CloudWatch metrics."",""Use the Amazon CloudWatch agent on Amazon EC2 instances to collect custom logs and metrics, sending them to Amazon CloudWatch Logs and Amazon CloudWatch Metrics."",""Enable VPC Flow Logs for the VPC and analyze them in Amazon Athena for application-level insights, while relying on basic Amazon CloudWatch metrics for EC2.""]",50,1,mcq,"Option C (correct) utilizes the Amazon CloudWatch agent, which is a unified agent for collecting both system-level metrics and custom application logs from Amazon EC2 instances. It integrates seamlessly with Amazon CloudWatch Logs and Amazon CloudWatch Metrics, providing a centralized and managed solution with the least operational overhead for setup and ongoing management. Option A (incorrect) involves sending logs to Amazon S3, which is durable but requires additional services like AWS Lambda or Amazon Athena for real-time monitoring and alerting, increasing operational complexity. Option B (incorrect) suggests deploying and managing an Amazon Elasticsearch Service cluster, which introduces significant operational overhead and cost compared to a fully managed CloudWatch solution for basic logging and metrics. Option D (incorrect) uses VPC Flow Logs, which are for network traffic monitoring, not application-level logs or performance metrics, and analyzing them in Amazon Athena adds query complexity not suitable for real-time application monitoring.",[2],null,null,m_50_4,null,2026-04-01 02:22:45.261679+00
bc9c2916-0f05-41be-a118-1fb92f591cb3,mock_50_all_1775001536997,A development team needs to monitor network traffic between Amazon EC2 instances within a VPC to identify potential security group misconfigurations and unauthorized communication patterns. They require a solution that provides detailed flow information with the LEAST operational overhead.,"[""Enable VPC Flow Logs for the VPC and send them to Amazon CloudWatch Logs, then create CloudWatch Alarms for specific traffic patterns."",""Deploy a custom network agent on each Amazon EC2 instance to capture and analyze network packets, sending logs to Amazon S3."",""Configure AWS Network Firewall to inspect all inter-instance traffic and log connection attempts to an Amazon S3 bucket."",""Utilize AWS Transit Gateway Network Manager to visualize traffic flows and identify anomalies across the VPC.""]",50,2,mcq,"Option A (correct) is the most suitable solution. VPC Flow Logs capture detailed information about IP traffic going to and from network interfaces in a VPC. They can be published directly to Amazon CloudWatch Logs, which is a fully managed service, minimizing operational overhead. CloudWatch Alarms can then be configured based on log patterns to detect anomalies. Option B (incorrect) involves deploying and managing custom agents on each instance, which significantly increases operational overhead and complexity. Option C (incorrect) involves deploying AWS Network Firewall, which is a powerful tool for traffic inspection and filtering, but it's an active network component that adds more complexity and cost than simply monitoring traffic flows, and its primary purpose is not just passive monitoring for misconfigurations. Option D (incorrect) AWS Transit Gateway Network Manager is designed for managing and monitoring global networks with Transit Gateways, not for detailed flow analysis within a single VPC between EC2 instances.",[0],null,null,m_50_4,null,2026-04-01 02:22:45.261679+00
579e8103-3fe5-4d8f-944e-971b39b6cfef,mock_50_all_1775001536997,An operations team suspects an intermittent network issue affecting connectivity to a specific Amazon EC2 instance within a VPC from another instance in a different subnet. They need a tool to quickly diagnose reachability problems without manually tracing network paths.,"[""Use Amazon CloudWatch Logs to analyze VPC Flow Logs for denied connections between the instances."",""Implement AWS Systems Manager Session Manager to connect to both instances and run network diagnostic commands."",""Utilize AWS Reachability Analyzer to perform a network path analysis between the source and destination EC2 instances."",""Configure AWS X-Ray to trace requests between the applications running on the EC2 instances.""]",50,3,mcq,"Option C (correct) is the most effective tool for quickly diagnosing reachability problems between resources within a VPC. AWS Reachability Analyzer performs static analysis of network configurations to determine if a path exists and identifies any blocking components like security groups or network ACLs. Option A (incorrect) analyzing VPC Flow Logs in CloudWatch Logs can show denied traffic, but it requires sifting through logs and doesn't provide a direct path analysis or identify the exact blocking rule as quickly as Reachability Analyzer. Option B (incorrect) using AWS Systems Manager Session Manager allows connecting to instances to run commands, but it still requires manual execution of diagnostic tools and interpretation, which is not as quick or automated as Reachability Analyzer. Option D (incorrect) AWS X-Ray is used for tracing requests within distributed applications to identify performance bottlenecks, not for diagnosing underlying network reachability issues between instances.",[2],null,null,m_50_4,null,2026-04-01 02:22:45.261679+00
a2e72f78-1378-44e5-b603-75480e4a33be,mock_50_all_1775001536997,"A small business is migrating a few applications to AWS and needs to establish a secure, private connection from their on-premises network to their AWS VPC. They have a limited budget for initial hardware investment but require a reliable link. Which option is the MOST cost-effective for initial setup?","[""Implement an AWS Site-to-Site VPN connection between their on-premises firewall and the AWS VPC."",""Order an AWS Direct Connect dedicated connection from a Direct Connect partner."",""Set up a Transit Gateway Connect attachment to establish a high-bandwidth connection."",""Deploy a dedicated Amazon EC2 instance in the VPC to act as a VPN server for the on-premises network.""]",50,4,mcq,"Option A (correct) is the most cost-effective for initial setup. An AWS Site-to-Site VPN connection uses existing internet connectivity and on-premises firewall/gateway equipment, avoiding the significant upfront costs of a dedicated Direct Connect circuit or new hardware. It provides a secure, encrypted tunnel over the public internet. Option B (incorrect) AWS Direct Connect offers dedicated, private connectivity but involves substantial upfront costs for circuit installation and potentially partner fees, making it less cost-effective for a small business with a limited budget. Option C (incorrect) Transit Gateway Connect attachments are used for integrating SD-WAN appliances with AWS Transit Gateway, which is a more advanced and potentially more expensive solution than a simple Site-to-Site VPN, especially for a small business. Option D (incorrect) deploying a custom VPN server on an Amazon EC2 instance increases operational overhead for managing the server, software, and security, and is generally less reliable and secure than a managed AWS Site-to-Site VPN.",[0],null,null,m_50_5,null,2026-04-01 02:22:45.261679+00
3d4d672e-1f1f-424e-98fa-ab5dc46e5c35,mock_50_all_1775001536997,A company has multiple AWS VPCs and on-premises networks that need to communicate. They want to simplify routing configuration and centralize network management for their hybrid cloud environment with the LEAST complexity to manage routing.,"[""Use AWS Transit Gateway to connect all VPCs and on-premises networks."",""Establish individual VPC peering connections between every pair of VPCs and VPN connections to on-premises."",""Deploy a custom routing appliance on an Amazon EC2 instance in a central VPC to handle all traffic."",""Configure AWS Direct Connect Gateways to manage routing between on-premises and all VPCs.""]",50,5,mcq,"Option A (correct) is the best solution for simplifying routing and centralizing network management in a hybrid cloud environment with multiple VPCs and on-premises networks. AWS Transit Gateway acts as a central hub, allowing all connected VPCs and on-premises networks (via AWS Direct Connect or AWS Site-to-Site VPN) to communicate with each other without complex, many-to-many peering relationships. This significantly reduces routing complexity. Option B (incorrect) establishing individual VPC peering connections between every pair of VPCs creates a mesh network that becomes unmanageable as the number of VPCs grows (N*(N-1)/2 connections). Adding individual VPNs further complicates routing. Option C (incorrect) deploying a custom routing appliance on an EC2 instance introduces a single point of failure, requires manual management, scaling, and patching, significantly increasing operational overhead and complexity. Option D (incorrect) AWS Direct Connect Gateways are primarily for connecting Direct Connect connections to multiple VPCs across different AWS accounts or regions, but they don't provide the centralized routing capabilities for inter-VPC communication that Transit Gateway offers.",[1],null,null,m_50_5,null,2026-04-01 02:22:45.261679+00
fe2ae816-a855-4da4-b7c4-ed583c8ff9e7,mock_50_all_1775001536997,"A growing startup has several development, staging, and production VPCs in the same AWS Region, all needing to communicate with each other and a shared services VPC. They want to avoid complex, many-to-many peering connections and achieve the LEAST operational overhead for multi-VPC connectivity.","[""Implement an AWS Transit Gateway and connect all VPCs to it."",""Create VPC peering connections between each pair of VPCs that need to communicate."",""Deploy a NAT Gateway in each VPC to route traffic between them."",""Use AWS PrivateLink to establish private connectivity between services in different VPCs.""]",50,6,mcq,"Option A (correct) is the most effective solution for minimizing operational overhead in a multi-VPC environment requiring inter-VPC communication. AWS Transit Gateway acts as a central hub, simplifying network architecture by allowing all VPCs to connect to a single gateway, eliminating the need for complex, many-to-many VPC peering connections. This significantly reduces the number of connections to manage and simplifies routing tables. Option B (incorrect) creating VPC peering connections between each pair of VPCs leads to a 'spaghetti' network that becomes difficult to manage and scale as the number of VPCs grows (N*(N-1)/2 connections), increasing operational overhead. Option C (incorrect) NAT Gateways are used to allow instances in private subnets to connect to the internet or other AWS services, not for routing traffic directly between VPCs. This approach would be incorrect and not feasible for the stated requirement. Option D (incorrect) AWS PrivateLink is designed for providing private connectivity to services hosted in other VPCs or AWS accounts, not for general-purpose inter-VPC communication between all instances. It's service-specific, not a broad network connectivity solution.",[0],null,null,m_50_6,null,2026-04-01 02:22:45.261679+00
f500e955-b587-4797-99e1-264879d646e3,mock_50_all_1775001536997,"A SaaS provider hosts a critical service in their AWS account and wants to offer private, secure access to this service for their customers, who are in different AWS accounts and VPCs, without exposing the service over the public internet. Which approach is the MOST secure and isolated for service access across accounts?","[""Configure an AWS PrivateLink endpoint service for the SaaS offering."",""Establish VPC peering connections between the SaaS provider's VPC and each customer's VPC."",""Deploy an Application Load Balancer with public IP addresses and restrict access using security groups."",""Use an AWS Transit Gateway to connect the SaaS provider's VPC to all customer VPCs.""]",50,7,mcq,"Option A (correct) is the most secure and isolated approach for providing private access to a service across different AWS accounts and VPCs without exposing it to the public internet. AWS PrivateLink allows customers to create interface VPC endpoints in their own VPCs, which connect privately to the SaaS provider's endpoint service. Traffic remains entirely within the AWS network, providing enhanced security and isolation. Option B (incorrect) establishing VPC peering connections for each customer would become unmanageable as the number of customers grows, creating a complex mesh network. It also requires customers to manage routing and doesn't provide the same level of service isolation as PrivateLink. Option C (incorrect) deploying a public-facing Application Load Balancer, even with security group restrictions, still exposes the service to the public internet, which violates the requirement for private access. Option D (incorrect) using an AWS Transit Gateway to connect to all customer VPCs would allow general network connectivity between the provider's and customer's VPCs, which is less isolated and secure than PrivateLink, which provides service-specific access without exposing the entire VPC network.",[0],null,null,m_50_6,null,2026-04-01 02:22:45.261679+00
7730370f-41ea-4e4c-9196-70b048bdfb36,mock_50_all_1775001536997,A mobile application frequently calls a public API hosted on AWS API Gateway. The API responses are largely static for a period and can be cached. The company wants to reduce the load on the API Gateway and improve response times for global users. Which approach is the MOST cost-effective for distributing cached API responses?,"[""Enable API Gateway caching directly on the stage and integrate with Amazon CloudFront."",""Configure an Amazon CloudFront distribution with the API Gateway as a custom origin."",""Implement a custom caching layer on Amazon EC2 instances in multiple regions."",""Use AWS Global Accelerator to route traffic to the API Gateway.""]",50,8,mcq,"Option A (correct) is the most cost-effective approach for distributing cached API responses globally. API Gateway's built-in caching can cache responses directly at the API Gateway stage, reducing the load on backend services. Integrating this with Amazon CloudFront, which caches content at edge locations worldwide, further reduces latency for global users and offloads requests from API Gateway, making it highly efficient and cost-effective. Option B (incorrect) while configuring CloudFront with API Gateway as a custom origin is a valid approach, enabling API Gateway's own caching in conjunction with CloudFront provides a more robust and often more cost-effective caching strategy, as API Gateway's cache is closer to the backend. Option C (incorrect) implementing a custom caching layer on EC2 instances in multiple regions would significantly increase operational overhead and cost due to managing servers, software, and replication, making it less cost-effective than managed AWS services. Option D (incorrect) AWS Global Accelerator is designed to improve performance for dynamic applications by routing traffic over the AWS global network to the nearest healthy endpoint. While it can reduce latency, it does not provide caching capabilities itself, so it wouldn't reduce the load on API Gateway for static responses.",[0],null,null,m_50_1,null,2026-04-01 02:22:45.261679+00
0a531336-b6b2-4c8b-8174-919d35f33a28,mock_50_all_1775001536997,A global media company needs to manage public DNS records for its primary website. They require a highly available and scalable DNS service that can handle millions of queries and integrate with AWS resources. Which AWS service provides the HIGHEST availability and reliability for public DNS resolution?,"[""Amazon Route 53."",""AWS Global Accelerator."",""Amazon CloudFront."",""AWS Directory Service for Microsoft Active Directory.""]",50,9,mcq,"Option A (correct) is the most suitable service. Amazon Route 53 is a highly available and scalable cloud DNS web service. It is designed to provide reliable and cost-effective domain name resolution by routing user requests to internet applications. It offers various routing policies, health checks, and integrates seamlessly with other AWS services, making it ideal for managing public DNS records for a global website. Option B (incorrect) AWS Global Accelerator is a networking service that improves the availability and performance of applications with local or global users by routing traffic to optimal endpoints. It uses static IP addresses and the AWS global network, but it relies on Route 53 for DNS resolution and is not a primary DNS service itself. Option C (incorrect) Amazon CloudFront is a content delivery network (CDN) that speeds up distribution of static and dynamic web content to users. While it uses DNS for routing, it is not a general-purpose DNS management service. Option D (incorrect) AWS Directory Service for Microsoft Active Directory is a managed directory service for Active Directory-dependent workloads, not a public DNS resolution service.",[0],null,null,m_50_2,null,2026-04-01 02:22:45.261679+00
de515708-d80f-4482-905e-18a08ea6df76,mock_50_all_1775001536997,"A financial institution operates several internal applications within its AWS VPCs. They need to resolve internal hostnames securely and reliably, preventing any exposure to the public internet, and ensure that only authorized VPCs can query these records. Which solution provides the SECUREST DNS resolution for internal applications?","[""Configure Amazon Route 53 private hosted zones associated with the relevant VPCs."",""Set up a public hosted zone in Amazon Route 53 and restrict access using security groups."",""Deploy a custom DNS server on an Amazon EC2 instance within a private subnet."",""Use AWS Directory Service for Microsoft Active Directory to manage internal DNS.""]",50,10,mcq,"Option A (correct) is the most secure and reliable solution for internal DNS resolution within AWS VPCs. Amazon Route 53 private hosted zones allow you to manage DNS records for your internal domains that are only resolvable within the associated VPCs. This prevents any exposure to the public internet and ensures that only authorized VPCs can query these records. Option B (incorrect) setting up a public hosted zone would expose internal hostnames to the public internet, which violates the security requirement. Restricting access with security groups is not a suitable mechanism for public DNS resolution. Option C (incorrect) deploying a custom DNS server on an EC2 instance increases operational overhead for management, patching, and scaling. It's generally less reliable and secure than a fully managed service like Route 53 private hosted zones. Option D (incorrect) AWS Directory Service for Microsoft Active Directory can manage DNS, but it's a more complex and costly solution if the primary requirement is just internal DNS resolution without the full suite of Active Directory features. Route 53 private hosted zones are simpler and more direct for this specific use case.",[1],null,null,m_50_2,null,2026-04-01 02:22:45.261679+00
52ef61ad-ca83-4296-b2e7-a4ba02cc9667,mock_50_all_1775001536997,"A development team needs to deploy a new application environment, including a VPC, subnets, route tables, and security groups, into multiple AWS accounts and Regions. The solution must ensure consistent configurations, be repeatable, and minimize manual configuration errors. Which approach provides the MOST efficient and repeatable way to provision this network infrastructure?","[""Use AWS CloudFormation templates to define the network infrastructure and deploy them using AWS CloudFormation StackSets."",""Manually configure the VPC and associated resources in one AWS account and then replicate the steps using the AWS Management Console in other accounts."",""Develop a custom Python script using the AWS SDK to call AWS APIs for VPC creation and resource configuration in each target account."",""Utilize AWS Systems Manager Automation documents to orchestrate the creation of network resources across accounts.""]",51,1,mcq,"Option A (correct) leverages AWS CloudFormation for Infrastructure as Code, ensuring consistent, repeatable deployments. AWS CloudFormation StackSets extend this capability to deploy templates across multiple AWS accounts and Regions from a single operation, making it the most efficient and repeatable solution for this scenario. Option B (incorrect) involves manual configuration, which is prone to errors, inconsistent, and not scalable for multiple accounts and Regions. Option C (incorrect) requires developing and maintaining custom scripts, which increases operational overhead and can be less robust than a declarative service like CloudFormation. Option D (incorrect) AWS Systems Manager Automation documents can orchestrate tasks, but CloudFormation is specifically designed for declarative infrastructure provisioning and management, offering better lifecycle management and drift detection for network resources.",[0],null,null,m_51_4,null,2026-04-01 02:22:45.261679+00
c9b978a7-5d03-4d38-bc81-58e21830fbc1,mock_50_all_1775001536997,"A company is implementing a CI/CD pipeline for its application, which includes deploying changes to network security group rules. The pipeline needs to automatically update these rules based on application version changes, without hardcoding IP addresses or manual intervention. Which combination of services should a developer use to achieve this with HIGH efficiency and security?","[""Store security group rule parameters in AWS Systems Manager Parameter Store and reference them in an AWS CloudFormation template deployed by the CI/CD pipeline."",""Directly embed security group rule updates within the CI/CD script using hardcoded values and execute them via the AWS CLI."",""Create an AWS Lambda function that listens for Amazon CloudWatch Events and updates security groups based on event data."",""Manually update security group rules through the AWS Management Console after each application deployment.""]",51,2,mcq,"Option A (correct) is the most efficient and secure approach. Storing dynamic parameters like IP addresses in AWS Systems Manager Parameter Store allows them to be securely managed and retrieved. Referencing these parameters within an AWS CloudFormation template ensures that network changes are version-controlled, auditable, and deployed consistently through the CI/CD pipeline without hardcoding. Option B (incorrect) uses hardcoded values and AWS CLI, which is insecure, not auditable, and prone to errors, directly violating the requirement to avoid hardcoding. Option C (incorrect) while an AWS Lambda function can update security groups, it introduces additional complexity for managing the Lambda function and its permissions, and CloudFormation is a more suitable tool for declarative infrastructure changes within a CI/CD pipeline. Option D (incorrect) involves manual intervention, which is inefficient, error-prone, and contradicts the goal of an automated CI/CD pipeline.",[0],null,null,m_51_4,null,2026-04-01 02:22:45.261679+00
cf465504-054d-4405-b887-f03f44c947ee,mock_50_all_1775001536997,"A company needs to implement an event-driven mechanism to automatically adjust network access controls. Specifically, when a new EC2 instance is launched with a specific tag, a corresponding security group rule must be added to allow traffic from a predefined IP range. This process should be fully automated and require MINIMAL ongoing maintenance. Which solution meets these requirements?","[""Configure an Amazon CloudWatch Event Rule to detect EC2 instance launches with the specific tag, triggering an AWS Lambda function to modify the security group."",""Periodically run an AWS Systems Manager Automation document to scan for new EC2 instances and update security group rules."",""Manually monitor EC2 instance launches and update security group rules using the AWS Management Console as needed."",""Use AWS Config rules to detect non-compliant security groups and then manually remediate them.""]",51,3,mcq,"Option A (correct) provides an event-driven, automated solution with minimal maintenance. An Amazon CloudWatch Event Rule can detect specific API calls (like `RunInstances`) and filter by tags. This event can then trigger an AWS Lambda function, which can programmatically modify security group rules using the AWS SDK. This approach is highly responsive and requires no polling. Option B (incorrect) involves periodic scanning, which is not truly event-driven and introduces latency between the instance launch and the security group update. Option C (incorrect) requires manual intervention, which directly contradicts the automation requirement and increases operational overhead. Option D (incorrect) AWS Config rules are for compliance auditing and can detect non-compliance, but they don't directly automate the remediation of security group rules in an event-driven manner for new instances; they would typically flag an existing resource as non-compliant.",[0],null,null,m_51_4,null,2026-04-01 02:22:45.261679+00
51be2d0f-cb4a-4259-a7b7-16ad49ab294d,mock_50_all_1775001536997,"A startup is rapidly expanding its AWS footprint, deploying new VPCs and associated network resources across several AWS accounts for different projects. They need a way to ensure that all new VPCs adhere to a standard set of network configurations, including specific NACLs and subnet CIDR ranges, without requiring individual team members to manually configure each VPC. The solution must be scalable and enforce consistency. Which approach is MOST suitable?","[""Implement AWS CloudFormation StackSets to deploy a standardized VPC template across all target accounts and Regions."",""Provide detailed documentation and training to all development teams on how to manually configure VPCs according to best practices."",""Develop a custom script using the AWS CLI that creates VPCs and associated resources, and distribute it to all teams."",""Use AWS Organizations Service Control Policies (SCPs) to restrict the creation of non-compliant VPC resources.""]",51,4,mcq,"Option A (correct) is the most suitable approach for ensuring standardized and consistent network configurations across multiple AWS accounts and Regions. AWS CloudFormation StackSets allow a single CloudFormation template to be deployed to multiple target accounts and Regions, enforcing a consistent baseline for VPCs, NACLs, and subnet configurations. Option B (incorrect) relies on manual effort and human adherence, which is prone to errors and inconsistencies as the number of teams and VPCs grows. Option C (incorrect) requires teams to run a script, which still involves manual steps, maintenance of the script, and doesn't offer the declarative state management and drift detection of CloudFormation. Option D (incorrect) AWS Organizations Service Control Policies (SCPs) can prevent the creation of non-compliant resources, but they do not actively provision or enforce the creation of standardized resources; they are guardrails, not automation tools for deployment.",[0],null,null,m_51_4,null,2026-04-01 02:22:45.261679+00
af762f1f-54ec-4df4-a1b2-f059a9c36f6c,mock_50_all_1775001536997,A company wants to centralize network logging and monitoring for all its VPCs across multiple AWS accounts. They need to collect VPC Flow Logs from all VPCs and send them to a central Amazon S3 bucket in a dedicated logging account for long-term storage and analysis. The solution should be automated and scalable. Which approach is MOST effective for this requirement?,"[""Use AWS CloudFormation StackSets to deploy VPC Flow Log configurations in each account, directing logs to the central S3 bucket."",""Manually configure VPC Flow Logs for each VPC in every account to send logs to the central S3 bucket."",""Develop an AWS Lambda function that periodically scans all accounts for new VPCs and enables Flow Logs, then updates the S3 bucket policy."",""Create a cross-account IAM role in the central logging account and assume it from each source account to configure Flow Logs.""]",51,5,mcq,"Option A (correct) is the most effective and scalable approach. AWS CloudFormation StackSets allow you to define the VPC Flow Log configuration once in a template and then deploy it consistently across all target AWS accounts and Regions. This ensures that all VPCs automatically send their Flow Logs to the designated central Amazon S3 bucket, providing automation and scalability. Option B (incorrect) involves manual configuration, which is not scalable, prone to errors, and increases operational overhead significantly for multiple accounts. Option C (incorrect) while an AWS Lambda function could automate some tasks, managing the discovery of new VPCs and ensuring continuous configuration across all accounts is more complex and less declarative than using CloudFormation StackSets for infrastructure deployment. Option D (incorrect) creating a cross-account IAM role is necessary for permissions, but it doesn't provide the automation and declarative infrastructure management for deploying the Flow Log configurations themselves; it's a prerequisite for the actual configuration.",[0],null,null,m_51_4,null,2026-04-01 02:22:45.261679+00
fa94eaba-0545-4d6b-bcbc-bfa4807a45d6,mock_50_all_1775001536997,"A development team needs to rapidly provision consistent and repeatable network environments, including VPCs, subnets, and routing tables, across multiple AWS accounts for testing and staging. They require a solution that minimizes manual configuration errors and allows for version control and easy rollback of network changes, while adhering to the principle of infrastructure as code. Which approach best meets these requirements with the LEAST operational overhead?","[""Use AWS CloudFormation templates to define the VPC infrastructure, managing them in a version control system and deploying them programmatically."",""Manually configure VPCs, subnets, and route tables using the AWS Management Console, ensuring strict adherence to a documented checklist."",""Develop custom Python scripts using the AWS SDK to create and manage network resources, executing them from a dedicated EC2 instance."",""Implement AWS CDK to define network resources using familiar programming languages, then synthesize and deploy the generated CloudFormation templates.""]",51,6,mcq,"Option A (correct) leverages AWS CloudFormation, which is designed for provisioning and managing AWS resources as infrastructure as code. Templates ensure consistency, repeatability, and allow for version control and rollbacks, directly addressing the requirements with minimal operational overhead once the templates are defined. Option B (incorrect) involves manual configuration, which is prone to errors, lacks version control, and is not repeatable or efficient, directly violating the stated requirements. Option C (incorrect) involves developing custom scripts, which adds significant development and maintenance overhead compared to using a declarative service like CloudFormation. While it offers automation, it's not the LEAST operational overhead for infrastructure provisioning. Option D (incorrect) also uses CloudFormation under the hood, but the question asks for the LEAST operational overhead. While AWS CDK offers developer productivity benefits, for managing established, repeatable network environments, directly using CloudFormation templates can sometimes have slightly less overhead for teams already familiar with YAML/JSON templates, as it removes the compilation/synthesis step inherent to CDK for deployment. However, for a developer associate, both are valid IaC tools, but CloudFormation is the foundational service for declarative infrastructure.",[0],null,null,m_51_4,null,2026-04-01 02:22:45.261679+00
b23c240d-8eb7-42c9-b1ca-de9a21b21cf1,mock_50_all_1775001536997,"A company is expanding its application portfolio and requires a standardized way to define and deploy application-specific network infrastructure (e.g., load balancers, security groups, and target groups) alongside their application code. Developers prefer using familiar programming languages for infrastructure definition. The solution must promote reusability of network components and integrate seamlessly into existing CI/CD pipelines. Which approach is MOST suitable for this scenario?","[""Utilize AWS CLI commands within CI/CD scripts to provision and update network resources as part of the application deployment process."",""Implement AWS Cloud Development Kit (CDK) to define network infrastructure using TypeScript or Python, integrating CDK deploy commands into the CI/CD pipeline."",""Manually create and manage network resources through the AWS Management Console for each application, following a detailed documentation guide."",""Write AWS CloudFormation templates for each application's network infrastructure, storing them in Amazon S3 and deploying them using the CloudFormation console.""]",51,7,mcq,"Option B (correct) uses AWS CDK, which allows developers to define cloud infrastructure using familiar programming languages (like TypeScript, Python, Java, Go, .NET). This directly addresses the preference for programming languages, promotes reusability through constructs, and integrates well into CI/CD pipelines for automated deployments. Option A (incorrect) uses AWS CLI commands, which are imperative and can become complex and error-prone for managing intricate infrastructure. It lacks the declarative nature and higher-level abstractions offered by CDK or CloudFormation, making it less suitable for reusability and maintainability. Option C (incorrect) involves manual configuration, which is inefficient, error-prone, and does not support infrastructure as code principles or integration with CI/CD, directly contradicting the requirements. Option D (incorrect) uses AWS CloudFormation templates, which provide infrastructure as code. However, the scenario specifically states that developers prefer using familiar programming languages, which is a core benefit of CDK over raw CloudFormation templates, making CDK a more suitable and developer-friendly choice for this specific constraint.",[1],null,null,m_51_4,null,2026-04-01 02:22:45.261679+00
06f956cc-b025-4745-b3b9-b1c17ed051db,mock_50_all_1775001536997,"A company operates a global application with users distributed across North America, Europe, and Asia. They want to ensure that users are routed to the closest available application endpoint to minimize latency. The application endpoints are hosted on Amazon EC2 instances behind Application Load Balancers in different AWS Regions. Which Amazon Route 53 routing policy should be implemented to achieve the LOWEST latency for users?","[""Amazon Route 53 Latency-based Routing policy."",""Amazon Route 53 Weighted Routing policy."",""Amazon Route 53 Geolocation Routing policy."",""Amazon Route 53 Simple Routing policy.""]",51,8,mcq,"Option A (correct) is specifically designed to route users to the AWS Region that provides the lowest latency. Route 53 measures latency from various locations on the internet to AWS data centers and uses this data to determine the optimal routing. Option B (incorrect) Amazon Route 53 Weighted Routing policy distributes traffic among multiple resources based on weights assigned to each record set, which is useful for load balancing or testing new versions, but not primarily for latency optimization. Option C (incorrect) Amazon Route 53 Geolocation Routing policy routes traffic based on the geographic location of your users, which can reduce latency but requires explicit configuration for each region/country and might not always pick the absolute lowest latency path if network conditions vary. Option D (incorrect) Amazon Route 53 Simple Routing policy is for single resource routing and does not provide any intelligence for latency or geographic distribution.",[0],null,null,m_51_3,null,2026-04-01 02:22:45.261679+00
ded18751-ac03-447f-9de2-4b1a55052e91,mock_50_all_1775001536997,A developer needs to secure a public-facing web application's domain hosted on Amazon Route 53 by enabling DNSSEC. This will protect against DNS spoofing and cache poisoning attacks. What is the correct sequence of steps to enable DNSSEC for a domain registered with Route 53 and hosted in a Route 53 public hosted zone?,"[""Enable DNSSEC signing for the hosted zone in Route 53, then retrieve the DS record and update the domain registration with the DS record."",""Update the domain registration with the DS record first, then enable DNSSEC signing for the hosted zone in Route 53."",""Enable DNSSEC signing for the hosted zone, then create a new public hosted zone with DNSSEC enabled."",""Configure DNSSEC on the web server, then update the Route 53 hosted zone.""]",51,9,mcq,"Option A (correct) outlines the correct sequence for enabling DNSSEC. First, you enable DNSSEC signing for your public hosted zone in Amazon Route 53. Route 53 then generates the necessary cryptographic keys and a Delegation Signer (DS) record. Second, you retrieve this DS record from Route 53 and update your domain registrar (which can also be Route 53 if it's the registrar) with this DS record. This establishes the chain of trust from the parent zone to your hosted zone. Option B (incorrect) reverses the order; you cannot update the domain registration with a DS record before the hosted zone has generated it. Option C (incorrect) creating a new hosted zone is unnecessary; DNSSEC is enabled on the existing public hosted zone. Option D (incorrect) DNSSEC is a DNS-level security protocol, not something configured on the web server itself.",[0],null,null,m_51_3,null,2026-04-01 02:22:45.261679+00
d87a938c-8c1d-4943-b69e-a619e5ff9db2,mock_50_all_1775001536997,"A company has multiple AWS accounts, each with its own VPC, and needs to share a common set of private DNS records (e.g., internal service endpoints) across all these VPCs for service discovery. The solution should be simple to manage and avoid duplicating DNS records in each account. Which AWS service should be used to share the Amazon Route 53 private hosted zone efficiently?","[""Share the Amazon Route 53 private hosted zone using AWS Resource Access Manager (RAM)."",""Create a separate Amazon Route 53 private hosted zone in each AWS account with identical records."",""Use Amazon Route 53 public hosted zones and restrict access using security groups."",""Configure custom DNS forwarding rules on EC2 instances in each VPC to a central DNS server.""]",51,10,mcq,"Option A (correct) is the most efficient and recommended way to share private hosted zones across multiple AWS accounts. AWS Resource Access Manager (RAM) allows you to share your Route 53 private hosted zones with other AWS accounts or within your AWS Organization, enabling centralized management of DNS records while allowing resolution from all associated VPCs. Option B (incorrect) involves duplicating DNS records across multiple accounts, leading to increased operational overhead, potential inconsistencies, and higher management complexity. Option C (incorrect) Amazon Route 53 public hosted zones are not suitable for internal service discovery and exposing internal DNS records publicly is a security risk. Security groups are for network traffic, not DNS record access. Option D (incorrect) configuring custom DNS forwarding on EC2 instances is a manual, complex, and less scalable approach compared to the managed service offering of Route 53 private hosted zones shared via RAM.",[0],null,null,m_51_3,null,2026-04-01 02:22:45.261679+00
c1cb0e17-d3db-4b23-adfa-7750c03b6841,mock_50_all_1775001536997,"An organization is migrating some applications to AWS while keeping others on-premises. They need seamless DNS resolution where AWS resources can resolve on-premises hostnames and vice-versa, without manually updating host files or using public DNS. The on-premises network uses Active Directory DNS servers. Which Amazon Route 53 feature, combined with network connectivity, enables this conditional forwarding?","[""Amazon Route 53 Resolver inbound and outbound endpoints."",""Amazon Route 53 public hosted zones with CNAME records."",""Amazon Route 53 Private Hosted Zones with VPC peering."",""Amazon Route 53 Traffic Flow policies.""]",51,11,mcq,"Option A (correct) is the specific feature designed for conditional forwarding in hybrid DNS architectures. Amazon Route 53 Resolver inbound endpoints allow on-premises DNS servers to forward queries for AWS private DNS names to Route 53. Outbound endpoints allow VPCs to forward queries for on-premises DNS names to on-premises DNS servers. This enables seamless bidirectional resolution. Option B (incorrect) Amazon Route 53 public hosted zones are for public internet-facing domains and are not suitable for private, internal, or hybrid DNS resolution. CNAME records are for aliasing, not conditional forwarding. Option C (incorrect) while Amazon Route 53 Private Hosted Zones are for private DNS, VPC peering alone does not provide conditional forwarding capabilities; it only provides network connectivity. You would still need a mechanism like Route 53 Resolver to handle the forwarding logic. Option D (incorrect) Amazon Route 53 Traffic Flow policies are used for advanced routing strategies for public DNS, such as failover, geolocation, or latency-based routing, and are not designed for conditional forwarding between on-premises and AWS private networks.",[0],null,null,m_51_3,null,2026-04-01 02:22:45.261679+00
c9fdee97-2c1e-4c9e-8880-dabdc2850c55,mock_50_all_1775001536997,"A large enterprise uses multiple AWS accounts for different departments and environments. They need to centralize DNS resolution for all private resources within their AWS environment, allowing applications in any VPC to resolve hostnames for services in other VPCs and accounts without complex peering configurations. The solution must support conditional forwarding to on-premises DNS servers for specific domains. Which AWS services should be used to achieve this centralized and secure DNS architecture?","[""Configure Amazon Route 53 public hosted zones in a central account and manually update DNS records for all private resources."",""Establish VPC peering connections between all VPCs and configure local DNS resolvers within each VPC to forward queries."",""Deploy AWS Route 53 private hosted zones in a central account, share them via AWS Resource Access Manager (RAM), and configure Route 53 Resolver inbound and outbound endpoints."",""Use Amazon EC2 instances running custom DNS software in each VPC, configuring them to forward queries to a central DNS server.""]",51,12,mcq,"Option C (correct) is the most appropriate solution. AWS Route 53 private hosted zones can be associated with multiple VPCs, even across accounts, when shared via AWS Resource Access Manager (RAM). Route 53 Resolver inbound endpoints allow on-premises DNS servers to resolve AWS private DNS, while outbound endpoints enable AWS resources to resolve on-premises DNS, supporting conditional forwarding and centralizing resolution. Option A (incorrect) uses public hosted zones, which are not suitable for private, internal DNS resolution and would expose internal hostnames publicly. Option B (incorrect) involves establishing a complex mesh of VPC peering connections, which becomes unmanageable as the number of VPCs grows, and it doesn't inherently provide a centralized DNS resolution mechanism for conditional forwarding. Option D (incorrect) introduces significant operational overhead by requiring the management of EC2 instances running custom DNS software, which is less scalable, less reliable, and more complex than using managed Route 53 Resolver services.",[2],null,null,m_51_3,null,2026-04-01 02:22:45.261679+00
bdb12ee0-e2e4-4bb8-a57b-c92d964cec9e,mock_50_all_1775001536997,"A company is migrating a legacy application to AWS. The application running on Amazon EC2 instances in a VPC needs to resolve hostnames for existing services still hosted in the on-premises data center. Conversely, on-premises clients must be able to resolve hostnames for the new AWS-hosted services. The solution must ensure reliable and secure DNS resolution between AWS and on-premises environments without exposing private DNS records to the public internet. Which combination of Route 53 features should be implemented?","[""Configure Amazon Route 53 public hosted zones for both AWS and on-premises domains and update records manually."",""Set up Amazon Route 53 private hosted zones for AWS services and configure local DNS servers in the VPC to forward queries to on-premises DNS."",""Establish a Site-to-Site VPN connection and configure Amazon Route 53 Resolver inbound and outbound endpoints with conditional forwarding rules."",""Use Amazon Route 53 DNSSEC for all domains and rely on public DNS resolution for both AWS and on-premises services.""]",51,13,mcq,"Option C (correct) is the ideal solution for hybrid DNS resolution. A Site-to-Site VPN (or Direct Connect) provides the necessary network connectivity between AWS and on-premises. Route 53 Resolver inbound endpoints allow on-premises DNS servers to forward queries for AWS private domains to the VPC. Route 53 Resolver outbound endpoints, with conditional forwarding rules, enable AWS resources to forward queries for on-premises domains to the on-premises DNS servers. This setup ensures secure, private, and reliable bidirectional DNS resolution. Option A (incorrect) uses public hosted zones, which would expose private DNS records to the internet and is not suitable for internal hybrid resolution. Option B (incorrect) only addresses AWS-to-on-premises resolution partially and requires managing local DNS servers, which is less integrated and scalable than Route 53 Resolver. It also doesn't cover on-premises to AWS resolution. Option D (incorrect) focuses on DNSSEC for security but relies on public DNS, which is not suitable for private hybrid resolution and doesn't provide the necessary forwarding mechanisms.",[2],null,null,m_51_3,null,2026-04-01 02:22:45.261679+00
225bb354-3e2d-4e63-bcb8-1b73e55bcd6e,mock_50_all_1775001536997,"A large enterprise has several AWS accounts, each with multiple VPCs, and requires a simplified network architecture to connect all these VPCs in a hub-and-spoke model. The solution must reduce the complexity of managing numerous VPC peering connections and allow for centralized network appliance deployment (e.g., firewalls). Which AWS service provides the MOST scalable and manageable solution for this inter-VPC connectivity?","[""AWS Transit Gateway shared across accounts using AWS Resource Access Manager (RAM)."",""Establishing direct VPC peering connections between every pair of VPCs."",""Using AWS PrivateLink to connect specific services between VPCs."",""Deploying a VPN CloudHub solution with multiple AWS Site-to-Site VPN connections.""]",51,14,mcq,"Option A (correct) is the most scalable and manageable solution for connecting multiple VPCs in a hub-and-spoke model across different AWS accounts. AWS Transit Gateway acts as a central hub, simplifying routing by eliminating the need for numerous VPC peering connections. It can be shared across accounts using AWS Resource Access Manager (RAM), allowing centralized management and routing. Option B (incorrect) establishing direct VPC peering connections between every pair of VPCs leads to a full-mesh topology that becomes unmanageable and complex as the number of VPCs grows (N*(N-1)/2 connections). Option C (incorrect) AWS PrivateLink provides private connectivity for specific services between VPCs or to SaaS offerings, but it is not a general-purpose solution for broad inter-VPC network connectivity in a hub-and-spoke model. Option D (incorrect) deploying a VPN CloudHub solution is primarily for connecting multiple on-premises VPNs to AWS, not for simplifying native AWS VPC-to-VPC connectivity.",[0],null,null,m_51_2,null,2026-04-01 02:22:45.261679+00
ebec5a21-0fa4-48bb-aee9-b81b9b669450,mock_50_all_1775001536997,A company uses a third-party SaaS application hosted in another AWS account. They need to establish a private and secure connection from their VPC to this SaaS application without exposing traffic to the public internet or requiring VPC peering. The solution should be highly available and simplify network configuration. Which AWS service should be used?,"[""AWS PrivateLink."",""AWS Site-to-Site VPN."",""AWS Direct Connect."",""VPC Peering.""]",51,15,mcq,"Option A (correct) is specifically designed for this use case. AWS PrivateLink allows you to establish private connectivity between your VPCs and services hosted by other AWS accounts (including AWS services and SaaS solutions) without using public IPs, an internet gateway, or VPC peering. It simplifies network architecture and enhances security. Option B (incorrect) AWS Site-to-Site VPN provides secure, encrypted connectivity over the public internet, but it's typically used for connecting on-premises networks to AWS, not for private connectivity between AWS VPCs in different accounts for specific services. Option C (incorrect) AWS Direct Connect provides a dedicated private connection from on-premises to AWS, which is not applicable for connecting to a SaaS application hosted entirely within AWS. Option D (incorrect) VPC Peering connects two VPCs directly, but it requires the SaaS provider to peer with every customer VPC, which is not scalable for a SaaS offering and might expose more of the provider's network than desired.",[0],null,null,m_51_2,null,2026-04-01 02:22:45.261679+00
a3dc1199-50c7-4495-bac4-b205e7ee424e,mock_50_all_1775001536997,"A security team needs to monitor all network traffic flowing between different VPCs within their AWS environment for anomaly detection and compliance auditing. They require detailed metadata about source/destination IPs, ports, protocols, and traffic volume. The collected data should be stored for analysis. Which AWS feature should be enabled and configured to meet this requirement with MINIMAL impact on application performance?","[""Enable VPC Flow Logs for all relevant VPCs and send them to Amazon CloudWatch Logs or Amazon S3."",""Deploy network intrusion detection systems (NIDS) on EC2 instances in each VPC to capture and analyze traffic."",""Configure port mirroring on network interfaces within each VPC to send traffic to a central analysis tool."",""Use Amazon CloudWatch metrics to monitor network ingress and egress bytes for each EC2 instance.""]",51,16,mcq,"Option A (correct) is the most appropriate and least impactful solution. VPC Flow Logs capture detailed information about IP traffic going to and from network interfaces in your VPC. They can be published to Amazon CloudWatch Logs or Amazon S3 for storage and analysis, providing the required metadata without impacting application performance. Option B (incorrect) deploying NIDS on EC2 instances introduces significant operational overhead, requires managing and scaling these instances, and can introduce latency or bottlenecks. Option C (incorrect) configuring port mirroring (traffic mirroring) is a valid approach for deep packet inspection but is more complex to set up and manage, and can incur higher costs and operational overhead compared to Flow Logs for basic traffic metadata. Option D (incorrect) Amazon CloudWatch metrics provide aggregated network ingress/egress bytes, which is useful for high-level monitoring but lacks the granular detail (source/destination IPs, ports, protocols) provided by VPC Flow Logs for anomaly detection and auditing.",[0],null,null,m_51_2,null,2026-04-01 02:22:45.261679+00
39b87baa-1ef1-4b82-b6de-fcd953dc8d3f,mock_50_all_1775001536997,"A company has a centralized shared services VPC containing common resources like Active Directory, logging servers, and a network firewall appliance. Several application VPCs in different AWS accounts need to securely access these shared services. The architecture must allow traffic from application VPCs to traverse the firewall in the shared services VPC before reaching other shared resources. Which AWS service provides the MOST effective way to route traffic through the central firewall?","[""AWS Transit Gateway with routing configured to direct traffic through the firewall appliance in the shared services VPC."",""VPC peering connections between each application VPC and the shared services VPC, with manual route table updates."",""AWS PrivateLink endpoints for each shared service, bypassing the need for a central firewall."",""AWS Site-to-Site VPN connections from each application VPC to the shared services VPC.""]",51,17,mcq,"Option A (correct) is the most effective solution for this hub-and-spoke architecture with centralized inspection. AWS Transit Gateway acts as a central hub, simplifying connectivity between many VPCs. You can configure Transit Gateway route tables to direct all inter-VPC traffic (or specific traffic flows) through an appliance VPC where your network firewall resides, ensuring all traffic is inspected before reaching its destination. Option B (incorrect) VPC peering connections would require complex route table management in each VPC to force traffic through a central firewall, leading to a non-scalable and error-prone solution as the number of VPCs grows. Option C (incorrect) AWS PrivateLink provides private connectivity to specific services, but it typically bypasses intermediate network appliances like firewalls and is not designed for general-purpose traffic inspection across VPCs. Option D (incorrect) AWS Site-to-Site VPN connections are primarily for connecting on-premises networks to AWS, not for inter-VPC connectivity within AWS, and would introduce unnecessary overhead and complexity.",[0],null,null,m_51_2,null,2026-04-01 02:22:45.261679+00
df5e1484-99c7-459b-8670-18859cf7e393,mock_50_all_1775001536997,"A small startup has two development VPCs and one production VPC, all within the same AWS Region and account. They need to establish direct, low-latency network connectivity between all three VPCs for internal communication. The number of VPCs is unlikely to grow significantly in the near future. Which AWS networking feature is the MOST cost-effective and simplest to implement for this scenario?","[""VPC Peering connections between each pair of VPCs."",""AWS Transit Gateway."",""AWS PrivateLink endpoints for each service."",""AWS Site-to-Site VPN connections between VPCs.""]",51,18,mcq,"Option A (correct) is the most cost-effective and simplest solution for connecting a small, static number of VPCs within the same AWS Region and account. VPC peering connections provide direct, low-latency network connectivity between two VPCs. For three VPCs, this would involve three peering connections (Dev1-Dev2, Dev1-Prod, Dev2-Prod), which is manageable and incurs no hourly charges for the peering connection itself (only data transfer costs). Option B (incorrect) AWS Transit Gateway is a more robust and scalable solution for many VPCs or multi-account scenarios, but for only three VPCs in a single account, it introduces additional cost and complexity that is not justified by the current requirements. Option C (incorrect) AWS PrivateLink is for connecting specific services privately, not for general network connectivity between entire VPCs. Option D (incorrect) AWS Site-to-Site VPN connections are typically used for connecting on-premises networks to AWS or for encrypted tunnels over the internet, and are not the simplest or most cost-effective solution for direct, native VPC-to-VPC connectivity within AWS.",[0],null,null,m_51_2,null,2026-04-01 02:22:45.261679+00
a7274d47-9b1b-49d6-b7fa-f157f031e20a,mock_50_all_1775001536997,"A software company operates several microservices, each deployed in its own VPC within different AWS accounts (e.g., 'Auth-VPC' in Account A, 'Catalog-VPC' in Account B, 'Order-VPC' in Account C). These microservices need to communicate with each other securely and efficiently. The company anticipates rapid growth, requiring a solution that scales easily and simplifies network management as more VPCs and accounts are added. Which networking solution should be implemented to achieve scalable and simplified inter-VPC communication?","[""Create a full mesh of VPC peering connections between all microservice VPCs across accounts."",""Establish individual AWS Site-to-Site VPN connections between each microservice VPC."",""Deploy an AWS Transit Gateway in a central network account and attach all microservice VPCs to it."",""Use AWS PrivateLink to expose each microservice as an endpoint service, allowing other VPCs to connect privately.""]",51,19,mcq,"Option C (correct) is the most scalable and simplified solution for inter-VPC communication across multiple accounts. AWS Transit Gateway acts as a central hub, allowing all attached VPCs to communicate with each other without creating complex, individual peering connections. This significantly simplifies network management as the number of VPCs grows, aligning with the requirement for scalability and simplified management. Option A (incorrect) involves creating a full mesh of VPC peering connections. For 'N' VPCs, this requires N*(N-1)/2 peering connections, which quickly becomes unmanageable and complex as the number of VPCs increases, failing the scalability and simplification requirements. Option B (incorrect) uses AWS Site-to-Site VPN connections, which are typically designed for connecting on-premises networks to AWS VPCs, not for inter-VPC communication within AWS. This approach would be overly complex, less efficient, and more expensive than Transit Gateway for this use case. Option D (incorrect) uses AWS PrivateLink, which is excellent for privately exposing a service to consumers in other VPCs or accounts without requiring VPC peering or routing over the internet. However, it's a point-to-point service exposure mechanism, not a general-purpose solution for all inter-VPC communication within a hub-spoke model, and would require setting up PrivateLink for every service interaction, which is less scalable for broad inter-VPC connectivity than Transit Gateway.",[2],null,null,m_51_2,null,2026-04-01 02:22:45.261679+00
7fa5252f-5a02-4d19-a082-f52758f5c73d,mock_50_all_1775001536997,"A development team has deployed a critical internal API in a dedicated VPC (Service VPC) in Account A. Other applications, residing in different VPCs across various AWS accounts (e.g., App-VPC-1 in Account B, App-VPC-2 in Account C), need to securely access this API. The company's security policy dictates that no direct VPC peering or public internet exposure is allowed for this communication. The solution must ensure private, one-way access to the API without requiring complex routing or network address translation. Which AWS service should be used?","[""Configure a Transit Gateway in a central account and attach all VPCs to facilitate communication."",""Implement AWS PrivateLink by creating an endpoint service in the Service VPC and endpoint interfaces in the consumer VPCs."",""Establish a Site-to-Site VPN connection between the Service VPC and each consumer VPC."",""Deploy an Application Load Balancer in the Service VPC with public IP addresses and restrict access using security groups.""]",51,20,mcq,"Option B (correct) is the ideal solution. AWS PrivateLink allows consumers in different VPCs (even across different accounts) to access services hosted in another VPC privately, without requiring VPC peering, Transit Gateway, or exposing the service to the public internet. The service provider creates an endpoint service, and consumers create VPC endpoint interfaces, ensuring secure, one-way private connectivity. Option A (incorrect) uses Transit Gateway, which enables inter-VPC communication but typically for a hub-spoke model where all VPCs can potentially communicate with each other. While it provides private connectivity, PrivateLink is more suitable for controlled, one-way service consumption without full network routing between consumer and provider VPCs, aligning better with the 'no direct VPC peering' and 'private, one-way access' requirements. Option C (incorrect) involves establishing multiple Site-to-Site VPN connections, which is overly complex and expensive for intra-AWS VPC communication and not designed for this specific service consumption pattern. Option D (incorrect) involves deploying a public-facing Application Load Balancer, which violates the security policy of 'no public internet exposure' for the API.",[1],null,null,m_51_2,null,2026-04-01 02:22:45.261679+00
c86097d4-6394-4456-a4cf-ffb698bad94f,mock_50_all_1775001536997,"A small startup needs to connect its on-premises development environment to its AWS VPC to access development databases and internal tools. The connection needs to be secure, reliable, and cost-effective, supporting moderate bandwidth requirements (up to 1 Gbps) for intermittent data transfers. The startup wants to avoid the high upfront costs and long provisioning times associated with dedicated network links. Which AWS service provides the MOST cost-effective and secure solution for this hybrid connectivity?","[""Provision an AWS Direct Connect dedicated connection with a 1 Gbps port speed."",""Establish an AWS Site-to-Site VPN connection between the on-premises network and the AWS VPC."",""Set up a public internet gateway in the VPC and expose development databases directly to the internet with IP restrictions."",""Utilize AWS Client VPN to allow individual developers to connect to the VPC from their local machines.""]",51,21,mcq,"Option B (correct) is the most cost-effective and secure solution for moderate, intermittent bandwidth requirements. An AWS Site-to-Site VPN connection uses the public internet but establishes an encrypted tunnel, providing secure and reliable connectivity without the high upfront costs or long provisioning times of Direct Connect. It's suitable for up to 1.25 Gbps per tunnel, fitting the moderate bandwidth need. Option A (incorrect) involves AWS Direct Connect, which provides a dedicated, private network connection. While highly reliable and offering consistent bandwidth, it has higher upfront costs, longer provisioning times, and higher recurring charges, making it less cost-effective for a startup with moderate, intermittent needs. Option C (incorrect) involves exposing development databases directly to the internet, which is a significant security risk even with IP restrictions, and violates the 'secure' requirement. Option D (incorrect) uses AWS Client VPN, which is designed for individual users to securely access AWS resources, not for establishing a network-to-network connection between an entire on-premises environment and a VPC.",[1],null,null,m_51_1,null,2026-04-01 02:22:45.261679+00
1f0cafca-0485-4ac1-b124-17f416238571,mock_50_all_1775001536997,"A media company needs to transfer large video files (several terabytes daily) from its on-premises production studio to Amazon S3 in an AWS VPC for processing. The transfer requires consistent, high-bandwidth, and low-latency connectivity, with guaranteed network performance that is not reliant on the public internet. The company is willing to invest in a dedicated connection to ensure quality of service. Which AWS service should be implemented to meet these requirements?","[""Configure multiple AWS Site-to-Site VPN connections over the public internet to aggregate bandwidth."",""Implement an AWS Direct Connect connection with a dedicated physical link to an AWS Direct Connect location."",""Use AWS Storage Gateway configured as a file gateway to synchronize files to Amazon S3 over the public internet."",""Transfer files manually using the AWS CLI from an on-premises server to Amazon S3 over the public internet.""]",51,22,mcq,"Option B (correct) is the ideal solution for high-bandwidth, low-latency, and consistent connectivity not reliant on the public internet. AWS Direct Connect provides a dedicated, private network connection from an on-premises data center to AWS, ensuring guaranteed network performance and bypassing the public internet. This is crucial for transferring large video files with strict performance requirements. Option A (incorrect) uses AWS Site-to-Site VPN connections, which rely on the public internet. While multiple tunnels can increase throughput, it does not guarantee consistent bandwidth or low latency, and performance can still be affected by internet congestion, failing the 'guaranteed network performance' and 'not reliant on public internet' requirements. Option C (incorrect) uses AWS Storage Gateway, which can synchronize files to Amazon S3, but if configured over the public internet, it will still be subject to the same performance variability as VPNs, failing the dedicated performance requirement. Option D (incorrect) involves manual transfers over the public internet, which is neither efficient nor reliable for several terabytes of daily data, and lacks guaranteed performance or low latency.",[1],null,null,m_51_1,null,2026-04-01 02:22:45.261679+00
16d2a60e-cb2f-4b66-a050-25e880b0b089,mock_50_all_1775001536997,"A development team is deploying a new microservice in an Amazon VPC that needs to communicate with an existing database in a different Amazon VPC owned by another department within the same AWS account. Both VPCs are in the same AWS Region. The team needs to establish secure and efficient communication with the LEAST management overhead, considering that more VPCs might need to connect to the database in the future.","[""Configure a VPC Peering connection between the two VPCs."",""Utilize an AWS Transit Gateway to connect both VPCs."",""Set up a VPN connection between the two VPCs using AWS Site-to-Site VPN."",""Deploy a dedicated Amazon EC2 instance in each VPC to act as a proxy for cross-VPC communication.""]",52,1,mcq,"Option B (correct) is the most scalable and manageable solution for connecting multiple VPCs. AWS Transit Gateway acts as a central hub for routing traffic between VPCs and on-premises networks, simplifying network management as the number of VPCs grows. Option A (incorrect) would require creating and managing individual VPC Peering connections for every pair of VPCs, which becomes cumbersome and difficult to scale with many VPCs. Option C (incorrect) is typically used for connecting on-premises networks to AWS VPCs or for connecting VPCs across different AWS Regions or accounts where Transit Gateway is not suitable for direct peering, and it introduces more overhead than Transit Gateway for same-account, same-region VPCs. Option D (incorrect) would introduce significant operational overhead, create a single point of failure, and add unnecessary cost and complexity for routing traffic.",[1],null,null,m_52_1,null,2026-04-01 02:22:45.261679+00
848bd36f-50b4-4ab5-896b-00010a61c9ba,mock_50_all_1775001536997,"A developer is building an application on Amazon EC2 instances within a private subnet. This application needs to download software packages from public repositories on the internet, but company policy prohibits direct internet access for EC2 instances. The developer must provide internet access for outbound connections ONLY, with MINIMAL security risk.","[""Attach an Internet Gateway directly to the private subnet's route table."",""Configure a VPC endpoint for the required public repositories."",""Deploy a NAT Gateway in a public subnet and configure the private subnet's route table to route internet-bound traffic through it."",""Assign public IP addresses to the EC2 instances in the private subnet and configure security groups to restrict inbound traffic.""]",52,2,mcq,"Option C (correct) is the standard and most secure AWS solution for enabling instances in a private subnet to initiate outbound connections to the internet while preventing unsolicited inbound connections. The NAT Gateway is deployed in a public subnet and uses an Elastic IP address. Option A (incorrect) would provide direct internet access to the private subnet, allowing both inbound and outbound traffic, which violates the security policy. Option B (incorrect) is for accessing specific AWS services privately, not for general public internet repositories. Option D (incorrect) would expose the EC2 instances directly to the internet, even with restrictive security groups, which is a higher security risk and violates the 'private subnet' principle.",[2],null,null,m_52_1,null,2026-04-01 02:22:45.261679+00
a98afc21-b3a6-485d-82d0-b4e2f34bad08,mock_50_all_1775001536997,"A company has multiple development VPCs in the same AWS Region, and applications in these VPCs need to communicate with shared services (e.g., a centralized logging service, a shared authentication service) located in a dedicated ""Shared Services"" VPC. The company requires a scalable and manageable network connectivity solution that minimizes administrative effort as new development VPCs are added.","[""Establish individual VPC Peering connections between each development VPC and the Shared Services VPC."",""Configure an AWS Site-to-Site VPN connection from each development VPC to the Shared Services VPC."",""Utilize AWS PrivateLink to expose the shared services to each development VPC."",""Deploy an AWS Transit Gateway and attach all development VPCs and the Shared Services VPC to it.""]",52,3,mcq,"Option D (correct) is the most scalable and manageable solution for connecting multiple VPCs in a hub-and-spoke model. AWS Transit Gateway simplifies network architecture by acting as a central router, reducing the number of connections needed and administrative overhead as more VPCs are added. Option A (incorrect) would lead to a complex mesh of VPC Peering connections, which becomes unmanageable and difficult to scale as the number of VPCs increases. Option B (incorrect) is typically used for hybrid connectivity or specific cross-account/cross-region scenarios, adding unnecessary complexity and cost for same-region, same-account VPCs. Option C (incorrect) is for consuming specific services privately, not for general VPC-to-VPC routing, and would require each shared service to be exposed individually, increasing configuration complexity.",[3],null,null,m_52_1,null,2026-04-01 02:22:45.261679+00
5bcfb46f-b672-4625-a583-b247ae149c71,mock_50_all_1775001536997,"An AWS Lambda function needs to securely access an Amazon RDS instance deployed in a private subnet within a VPC. The Lambda function is invoked by an Amazon API Gateway. The developer must ensure the Lambda function can connect to the RDS instance without exposing the database to the public internet, with MINIMAL network configuration.","[""Configure the Lambda function to operate within the same VPC as the RDS instance by specifying VPC, subnet, and security group details."",""Assign a public IP address to the Amazon RDS instance and configure its security group to allow inbound traffic from the Lambda function's public IP range."",""Establish a VPC Peering connection between a new VPC for the Lambda function and the VPC containing the RDS instance."",""Create a NAT Gateway in the VPC where RDS is located and configure the Lambda function to route traffic through it.""]",52,4,mcq,"Option A (correct) is the standard and most efficient way for an AWS Lambda function to securely access resources within a VPC, such as an Amazon RDS instance. By configuring the Lambda function to run within the VPC, it gains access to resources in private subnets, and traffic remains entirely within the AWS network, without exposing the database to the public internet. Option B (incorrect) would expose the RDS instance to the public internet, violating the security requirement. Option C (incorrect) introduces unnecessary complexity and overhead by requiring an additional VPC and a peering connection, when the Lambda function can directly be placed into the existing VPC. Option D (incorrect) is used for outbound internet access from private subnets, not for internal VPC communication between Lambda and RDS, and would not facilitate the required connectivity.",[0],null,null,m_52_1,null,2026-04-01 02:22:45.261679+00
7a1c2549-7807-4b78-ab55-70d1916c10a4,mock_50_all_1775001536997,"A developer is deploying an application on Amazon EC2 instances in a private subnet. The application needs to access Amazon S3 buckets to store and retrieve data, but company security policy requires all traffic to S3 to remain within the AWS network and not traverse the public internet. The developer must provide secure and private access to Amazon S3 with the LEAST impact on network architecture.","[""Configure a NAT Gateway in a public subnet to route S3 traffic from the private subnet."",""Create a Gateway VPC endpoint for Amazon S3 in the VPC and configure the private subnet's route table to use it."",""Assign public IP addresses to the EC2 instances and restrict S3 access using bucket policies and security groups."",""Establish an AWS Direct Connect connection to an on-premises network and route S3 traffic through it.""]",52,5,mcq,"Option B (correct) is the most efficient and secure way to provide private access to Amazon S3 from instances within a VPC. A Gateway VPC endpoint allows traffic to S3 to flow entirely within the AWS network, without using an Internet Gateway or NAT Gateway, and requires minimal changes to the VPC's route tables. Option A (incorrect) would route traffic through the public internet via the NAT Gateway (even if it's within AWS infrastructure, it's considered public path for S3), which violates the security policy. Option C (incorrect) would expose the EC2 instances to the public internet and still route S3 traffic over public endpoints, violating the private access requirement. Option D (incorrect) is for hybrid cloud connectivity and is an overly complex and expensive solution for simply accessing S3 privately from within a VPC.",[1],null,null,m_52_1,null,2026-04-01 02:22:45.261679+00
b74d4492-6536-46f3-a0ac-46488fcd548c,mock_50_all_1775001536997,"A new microservice deployed in an Amazon VPC is failing to connect to a dependency service in another subnet within the same VPC. The developer suspects a network configuration issue, such as a security group rule, network ACL, or route table entry. The developer needs to quickly diagnose network reachability issues between these two resources without manual packet capture or extensive trial-and-error.","[""Analyze VPC Flow Logs to see if traffic is being rejected."",""Temporarily disable all security groups and network ACLs to isolate the issue."",""Use AWS Reachability Analyzer to determine the network path and identify blocking configurations."",""Perform a `ping` and `traceroute` from the source EC2 instance to the destination EC2 instance.""]",52,7,mcq,"Option C (correct) is specifically designed for this scenario. AWS Reachability Analyzer allows you to analyze and debug network reachability between two resources in your VPCs. It simulates network traffic and identifies all the network configurations (security groups, network ACLs, route tables, etc.) that might be blocking the path, providing a precise diagnosis. Option A (incorrect) can show if traffic is being rejected, but it requires sifting through logs and doesn't explicitly pinpoint the exact blocking rule. Option B (incorrect) is a dangerous practice that could expose resources to security risks and is not a diagnostic tool. Option D (incorrect) provides basic connectivity information but doesn't offer insights into the specific AWS network configurations causing the blockage.",[2],null,null,m_52_2,null,2026-04-01 02:22:45.261679+00
302e3be7-0aa4-40fb-9f43-d9dad9ee0ae5,mock_50_all_1775001536997,"A development team is deploying several Amazon EC2 instances in a private subnet. For security reasons, inbound SSH access to these instances must be strictly limited to a specific range of IP addresses used by the administration team. Which AWS networking feature should the developer configure to enforce this restriction with granular control?","[""Option A: Configure the Security Group associated with the EC2 instances to allow SSH (port 22) only from the specified IP range."",""Option B: Implement a Network Access Control List (NACL) at the subnet level to deny all SSH traffic except from the specified IP range."",""Option C: Use an AWS Network Firewall to inspect all inbound traffic and block unauthorized SSH connections."",""Option D: Deploy a Bastion Host in a public subnet and configure its Security Group to allow SSH from anywhere, then SSH into private instances.""]",53,9,mcq,"Option A (correct) is the most direct and granular way to control inbound SSH access to specific EC2 instances. Security Groups act as virtual firewalls for instances, allowing you to specify rules that permit or deny traffic based on IP addresses, ports, and protocols. Option B (incorrect) could work, but NACLs are stateless and apply to all instances in a subnet, making them less granular than Security Groups for instance-specific control and more complex to manage for specific ports. Option C (incorrect) is an overkill solution for this specific requirement, as AWS Network Firewall is a more comprehensive network security service for centralized traffic inspection across VPCs, not just granular instance access. Option D (incorrect) describes a common pattern for accessing private instances, but configuring the Bastion Host's Security Group to allow SSH from 'anywhere' (0.0.0.0/0) is a security anti-pattern and violates the strict IP range restriction.",[0],null,null,m_53_1,null,2026-04-01 02:22:45.261679+00
bbc731d0-4e5e-4e77-9969-56914c9ae310,mock_50_all_1775001536997,"A company needs to centralize network traffic filtering and inspection for multiple Amazon VPCs in a single AWS Region. The goal is to enforce consistent inbound and outbound traffic policies across all VPCs, including blocking known malicious IP addresses and filtering specific application protocols. Which architecture provides the MOST efficient and scalable solution for this requirement?","[""Option A: Deploy an AWS Transit Gateway to connect all VPCs and then deploy an AWS Network Firewall in a dedicated inspection VPC, routing all inter-VPC and internet-bound traffic through it."",""Option B: Implement AWS WAF on each Application Load Balancer in every VPC to filter web traffic and use Security Groups for other protocols."",""Option C: Configure Network Access Control Lists (NACLs) on all subnets across all VPCs with comprehensive deny rules."",""Option D: Create a custom Amazon EC2-based firewall solution in each VPC and manage routing tables manually.""]",53,10,mcq,"Option A (correct) provides the most efficient and scalable solution for centralized network traffic filtering across multiple VPCs. AWS Transit Gateway simplifies inter-VPC connectivity, and integrating AWS Network Firewall in a dedicated inspection VPC allows all traffic to be routed through a centralized firewall for consistent policy enforcement and deep packet inspection. Option B (incorrect) is limited to web traffic (HTTP/HTTPS) and requires managing WAFs per ALB, which does not provide centralized inspection for all protocols or inter-VPC traffic. Option C (incorrect) involves managing NACLs across numerous subnets, which becomes complex and error-prone at scale, and NACLs are stateless, making them less suitable for advanced traffic inspection. Option D (incorrect) introduces significant operational overhead for managing custom EC2 instances, firewall software, and manual routing, which is less efficient and scalable than a managed service like AWS Network Firewall.",[0],null,null,m_53_1,null,2026-04-01 02:22:45.261679+00
b0f8078c-d26b-4a01-83f2-9cffb23017e7,mock_50_all_1775001536997,"A critical public-facing web application experiences intermittent availability issues due to large-scale distributed denial-of-service (DDoS) attacks. The company requires a comprehensive solution that provides always-on detection, automatic inline mitigations, and cost protection against these attacks. Which AWS service is specifically designed to meet these advanced DDoS protection requirements?","[""Option A: Configure AWS WAF with custom rules to block known malicious IP addresses and rate-limit suspicious requests."",""Option B: Implement Amazon EC2 Auto Scaling to automatically scale up resources during a DDoS attack."",""Option C: Subscribe to AWS Shield Advanced and associate it with the application's Elastic IP address or Application Load Balancer."",""Option D: Use Network Access Control Lists (NACLs) to block traffic from IP ranges identified as sources of DDoS attacks.""]",53,11,mcq,"Option C (correct) is the most comprehensive solution for advanced DDoS protection. AWS Shield Advanced provides always-on detection, automatic inline mitigations, and access to the AWS DDoS Response Team (DRT). It also offers cost protection against scaling charges resulting from DDoS attacks. Option A (incorrect) is useful for protecting against common web exploits and smaller-scale attacks but is not designed for the large-scale, sophisticated DDoS attacks that Shield Advanced handles. Option B (incorrect) helps with scaling to handle increased legitimate traffic but is not a direct DDoS mitigation strategy and can incur significant costs during an attack without specific DDoS cost protection. Option D (incorrect) is a manual and reactive approach that is impractical for dynamic, large-scale DDoS attacks, as attackers frequently change source IPs.",[2],null,null,m_53_1,null,2026-04-01 02:22:45.261679+00
3d753dd6-ab2b-4b4c-9ee0-5914c12ac092,mock_50_all_1775001536997,"A company is designing a new application with a three-tier architecture: web, application, and database. The database tier contains sensitive customer data and must be completely isolated from the public internet. Only the application tier should be able to communicate with the database. Which network configuration ensures the database tier is isolated and only accessible by the application tier?","[""Option A: Place the database instances in a public subnet and use strict Security Group rules to allow access only from the application tier's Security Group."",""Option B: Place the database instances in a private subnet and configure Security Group rules to allow inbound traffic only from the application tier's Security Group."",""Option C: Deploy the database instances in a private subnet and use a Network Access Control List (NACL) to block all outbound traffic to the internet."",""Option D: Run the database on an Amazon EC2 instance in a public subnet and install a host-based firewall to restrict access.""]",53,12,mcq,"Option B (correct) is the best practice for isolating a database tier. Placing database instances in a private subnet ensures they have no direct route to the public internet. Configuring Security Group rules to allow inbound traffic only from the application tier's Security Group provides granular, stateful control over who can access the database, enforcing the principle of least privilege. Option A (incorrect) places the database in a public subnet, which exposes it to the internet, even with strict Security Group rules, increasing the attack surface. Option C (incorrect) uses NACLs, which are stateless and operate at the subnet level, making them less granular and harder to manage for instance-specific access control compared to Security Groups. Option D (incorrect) also places the database in a public subnet and relies on a host-based firewall, which adds management overhead and is generally less secure than network-level isolation provided by private subnets and Security Groups.",[1],null,null,m_53_1,null,2026-04-01 02:22:45.261679+00
60b9c3ec-0174-46bc-b8f1-f1234dcee456,mock_50_all_1775001536997,A company's security policy requires immediate notification if there's an unusually high number of rejected network connections within any of its Amazon VPCs. A developer needs to implement an automated alerting mechanism for this scenario. Which combination of AWS services should be used to detect and alert on a surge in rejected network connections?,"[""Option A: Enable VPC Flow Logs, send them to Amazon CloudWatch Logs, and create a CloudWatch alarm based on a metric filter for rejected connections."",""Option B: Manually review VPC Flow Logs in Amazon S3 on a daily basis to identify anomalies."",""Option C: Configure AWS CloudTrail to monitor network interface events and set up an alarm for 'Deny' actions."",""Option D: Use AWS Security Hub to aggregate security findings and manually check for rejected connection alerts.""]",53,17,mcq,"Option A (correct) is the most effective and automated solution. VPC Flow Logs capture information about rejected network connections. By sending these logs to Amazon CloudWatch Logs, you can create metric filters to count rejected connections. A CloudWatch alarm can then be configured to trigger notifications (e.g., via Amazon SNS) when the count of rejected connections exceeds a predefined threshold, providing immediate alerts. Option B (incorrect) is a manual and reactive approach that does not provide immediate notification, failing the requirement for an automated alerting mechanism. Option C (incorrect) monitors API calls and management events, not the actual network traffic flow and connection status within the VPC. While some network-related API calls might be logged, it's not the primary source for rejected connection counts. Option D (incorrect) aggregates security findings but doesn't directly provide real-time metrics for rejected connections or automated alarming for this specific scenario; it would rely on other services like CloudWatch to feed it findings.",[0],null,null,m_53_2,null,2026-04-01 02:22:45.261679+00
e4726342-ee62-4b47-b2ef-c12ec2b77c12,mock_50_all_1775001536997,A security engineer needs to perform deep packet inspection on specific network traffic within a production Amazon VPC to troubleshoot performance issues and identify potential security threats. The solution must capture a copy of the traffic without impacting the performance of the running applications. Which AWS service is designed for this purpose?,"[""Option A: Enable VPC Flow Logs to capture metadata about all network traffic for analysis."",""Option B: Use VPC Traffic Mirroring to send a copy of network traffic from an elastic network interface to an EC2 instance for inspection."",""Option C: Deploy an AWS Network Firewall to inspect and filter traffic in real-time."",""Option D: Configure Amazon CloudWatch to collect detailed network performance metrics from EC2 instances.""]",53,18,mcq,"Option B (correct) is the ideal service for deep packet inspection without impacting production. VPC Traffic Mirroring allows you to copy network traffic from an Elastic Network Interface (ENI) and send it to a target ENI, typically attached to an EC2 instance running network analysis tools. This provides full packet capture for deep inspection while the original traffic continues unimpeded. Option A (incorrect) captures only metadata about network traffic (source/destination IP, ports, etc.), not the full packet contents required for deep packet inspection. Option C (incorrect) is a firewall service that inspects and filters traffic, but its primary purpose is not to provide a copy of traffic for external analysis without impacting the flow. Option D (incorrect) collects performance metrics (e.g., bytes in/out) but does not provide packet-level visibility for deep inspection.",[1],null,null,m_53_2,null,2026-04-01 02:22:45.261679+00
a376b6fa-19af-4c97-a1d0-7e3d9a83872e,mock_50_all_1775001536997,A company operates a multi-account AWS environment and needs to centralize all AWS CloudTrail logs from various accounts into a single Amazon S3 bucket in a dedicated logging account. This is required for centralized security auditing and compliance. Which approach ensures that all CloudTrail logs are aggregated securely and reliably?,"[""Option A: Configure each account's CloudTrail trail to send logs to the central S3 bucket and apply an appropriate bucket policy to allow cross-account writes."",""Option B: Manually download CloudTrail logs from each account's S3 bucket and upload them to the central S3 bucket using a custom script."",""Option C: Set up Amazon Kinesis Firehose in each account to stream CloudTrail events to the central S3 bucket."",""Option D: Configure Amazon CloudWatch Logs in each account to forward CloudTrail events to the central S3 bucket.""]",53,19,mcq,"Option A (correct) is the standard and recommended approach for centralizing CloudTrail logs in a multi-account environment. You configure a CloudTrail trail in each member account to deliver logs to a designated S3 bucket in the central logging account. An S3 bucket policy on the central bucket must be configured to grant the necessary permissions to the CloudTrail service principal from the member accounts to write logs. Option B (incorrect) is a manual, error-prone, and inefficient process that does not scale and is not suitable for continuous logging. Option C (incorrect) is a valid option for streaming logs, but CloudTrail natively supports direct delivery to S3, making Kinesis Firehose an unnecessary additional component for simple S3 aggregation unless real-time processing or additional transformations are required. Option D (incorrect) is not a direct method for sending CloudTrail logs to a central S3 bucket; CloudWatch Logs is typically used for real-time monitoring and alerting on log data, and while it can export to S3, it's an extra hop compared to CloudTrail's direct S3 delivery.",[0],null,null,m_53_2,null,2026-04-01 02:22:45.261679+00
d62f3d3b-b934-401d-a8a3-fe0b298ef415,mock_50_all_1775001536997,A company needs to ensure that its AWS environment continuously adheres to security best practices and compliance standards. The security team requires automated checks for common misconfigurations and recommendations for improving security posture. Which AWS services should the developer utilize to perform continuous security assessments and provide actionable recommendations?,"[""Option A: Implement AWS Trusted Advisor for best practice checks and AWS Config for continuous monitoring of resource configurations against desired rules."",""Option B: Manually review Security Group rules and Network ACLs across all VPCs on a weekly basis."",""Option C: Configure Amazon CloudWatch alarms to trigger whenever an EC2 instance is launched without an associated Security Group."",""Option D: Use AWS CloudTrail to log all API calls and then manually analyze these logs for security compliance issues.""]",53,20,mcq,"Option A (correct) is the most comprehensive and automated solution. AWS Trusted Advisor provides real-time guidance to help you provision your resources following AWS best practices across cost optimization, performance, security, fault tolerance, and service limits. AWS Config continuously monitors and records your AWS resource configurations and allows you to evaluate recorded configurations against desired configurations using rules, providing continuous compliance. Option B (incorrect) is a manual, time-consuming, and error-prone process that does not scale and is not continuous. Option C (incorrect) addresses a specific security concern but is not a comprehensive solution for continuous security assessments across all best practices and compliance standards. Option D (incorrect) provides an audit trail of API calls, but manually analyzing these logs for compliance issues is inefficient and does not provide automated assessments or recommendations.",[0],null,null,m_53_2,null,2026-04-01 02:22:45.261679+00
842a7650-a5e3-484e-a24f-35671ec51d60,mock_50_all_1775001536997,"A development team frequently makes changes to Amazon EC2 Security Group rules and Network Access Control Lists (NACLs) as part of their deployment process. The operations team needs a way to track all these configuration changes over time, including who made the change, when, and what the previous configuration was, for auditing and rollback purposes. Which AWS service provides this capability?","[""Option A: Enable AWS Config to record configuration changes for Security Groups and NACLs."",""Option B: Regularly review AWS CloudTrail logs for API calls related to Security Group and NACL modifications."",""Option C: Implement Amazon CloudWatch Alarms to notify administrators of any changes to network configurations."",""Option D: Manually take snapshots of Security Group and NACL configurations before and after changes.""]",53,21,mcq,"Option A (correct) is the primary service for tracking configuration changes of AWS resources, including Security Groups and NACLs. AWS Config continuously monitors and records configuration changes, maintaining a history that allows you to see who made a change, when, and what the previous state was. This is invaluable for auditing, compliance, and troubleshooting. Option B (incorrect) provides API call history, which can show that a change was made, but it doesn't easily show the 'before' and 'after' states of the configuration in a structured way for easy comparison or rollback, and requires manual parsing. Option C (incorrect) provides notifications about changes but doesn't record the full history of configurations or allow for easy comparison of states. Option D (incorrect) is a manual and impractical approach for continuous tracking of configuration changes across multiple resources.",[0],null,null,m_53_2,null,2026-04-01 02:22:45.261679+00
d3873d07-d473-4100-8e35-8be6552bdd8c,mock_50_all_1775003086539,"A development team is deploying a new web application on Amazon EC2 instances behind an Application Load Balancer. They need to monitor network traffic flow to and from these instances for security auditing and troubleshooting connectivity issues, while minimizing the impact on application performance and keeping costs low.","[""Configure VPC Flow Logs for the subnets where the EC2 instances are deployed and send logs to Amazon CloudWatch Logs."",""Enable Traffic Mirroring on each EC2 instance and send mirrored traffic to a dedicated EC2 instance running a packet analyzer."",""Install a third-party network monitoring agent on each EC2 instance to capture and analyze network packets locally."",""Use Amazon CloudWatch metrics for the Application Load Balancer to monitor request counts and error rates.""]",50,1,mcq,"Option A (correct) is the most effective solution for monitoring network traffic flow with minimal operational overhead and cost. VPC Flow Logs capture information about IP traffic going to and from network interfaces in a VPC. They can be published to Amazon CloudWatch Logs or Amazon S3, providing detailed traffic visibility for security auditing and troubleshooting without impacting instance performance. Option B (incorrect) involves Traffic Mirroring, which is powerful for deep packet inspection but significantly increases operational complexity and cost due to the need for a dedicated capture instance and analysis tools. Option C (incorrect) requires installing and managing agents on each EC2 instance, which adds significant operational overhead, potential performance impact, and licensing costs for third-party software. Option D (incorrect) provides high-level metrics for the Application Load Balancer but does not offer the granular, per-flow network traffic visibility required for security auditing or detailed troubleshooting of specific connectivity issues to and from the EC2 instances themselves.",[0],null,null,m_50_4,null,2026-04-01 02:22:45.261679+00
a461ce2b-e3d5-4449-97cb-411207689a44,mock_50_all_1775003086539,"A company operates several critical microservices on AWS Lambda and Amazon DynamoDB. They need to proactively detect performance anomalies and errors in their application stack, receiving immediate notifications for issues like increased latency or invocation errors, to ensure high availability with minimal manual monitoring.","[""Set up Amazon CloudWatch Alarms on Lambda invocation errors and DynamoDB throttled events, configured to send notifications via Amazon SNS."",""Periodically review AWS CloudTrail logs for API call failures related to Lambda and DynamoDB, then manually trigger alerts."",""Implement custom logging within each Lambda function to send detailed error messages to Amazon S3, then use S3 event notifications."",""Use AWS Config rules to monitor changes to Lambda and DynamoDB resource configurations and trigger alerts for non-compliant changes.""]",50,2,mcq,"Option A (correct) provides the fastest and most automated detection and notification for performance anomalies and errors. Amazon CloudWatch automatically collects metrics for AWS Lambda (e.g., invocation errors, duration) and Amazon DynamoDB (e.g., throttled read/write events). CloudWatch Alarms can be configured on these metrics to trigger when thresholds are breached, sending immediate notifications via Amazon SNS to email, SMS, or other endpoints, ensuring proactive issue resolution with minimal manual effort. Option B (incorrect) involves reviewing AWS CloudTrail logs, which is suitable for auditing API activity but is not designed for real-time performance monitoring or fast detection of operational issues. Option C (incorrect) would add significant development overhead to each Lambda function and relies on S3 event notifications, which is less efficient for real-time alerting compared to CloudWatch Alarms. Option D (incorrect) is for monitoring configuration compliance, not for detecting real-time performance anomalies or errors in application execution.",[0],null,null,m_50_4,null,2026-04-01 02:22:45.261679+00
2dca87e7-1146-443b-a57b-d6e09e69ba79,mock_50_all_1775003086539,A security team needs to capture all inbound and outbound network traffic for a specific Amazon EC2 instance within a VPC for deep packet inspection and threat analysis. This process must be non-intrusive to the instance and allow for centralized analysis by a third-party security appliance.,"[""Configure VPC Flow Logs for the network interface attached to the EC2 instance and send them to Amazon S3 for analysis."",""Enable Traffic Mirroring on the EC2 instance's network interface, directing the mirrored traffic to an Elastic Network Interface (ENI) on a dedicated security appliance."",""Install a host-based intrusion detection system (HIDS) agent on the EC2 instance to capture and forward network packets."",""Set up Amazon CloudWatch Network Insights to analyze network paths to and from the EC2 instance for connectivity issues.""]",50,3,mcq,"Option B (correct) is the most comprehensive and non-intrusive method for capturing raw network traffic for deep packet inspection. Traffic Mirroring allows you to copy network traffic from an Elastic Network Interface (ENI) and forward it to a target ENI, typically attached to a security appliance or a packet analyzer. This provides full packet capture without installing agents on the monitored instance, making it non-intrusive. Option A (incorrect) provides flow-level metadata (source/destination IP, port, protocol, byte counts) but does not capture the actual packet contents needed for deep packet inspection. Option C (incorrect) requires installing an agent on the EC2 instance, which is intrusive and adds operational overhead. Option D (incorrect) is a diagnostic tool for analyzing network reachability and path configuration, not for capturing live network traffic for inspection.",[1],null,null,m_50_4,null,2026-04-01 02:22:45.261679+00
b07fa3b0-61cc-429b-bcae-39c9cd403d71,mock_50_all_1775003086539,"A developer wants to understand the performance characteristics of their Amazon RDS database instance, specifically CPU utilization, database connections, and disk I/O, over time. They need a built-in, easy-to-configure solution that provides historical data and custom dashboards without installing any agents on the database instance.","[""Utilize Amazon CloudWatch for RDS metrics and create custom dashboards."",""Connect to the RDS instance and query performance schema tables directly."",""Install a custom performance monitoring agent on the underlying EC2 instance of the RDS database."",""Enable Enhanced Monitoring for Amazon RDS and export metrics to Amazon Kinesis Data Firehose.""]",50,4,mcq,"Option A (correct) is the most straightforward and built-in solution for monitoring Amazon RDS performance metrics with minimal configuration. Amazon RDS automatically integrates with Amazon CloudWatch, publishing a wide range of metrics such as CPU utilization, database connections, and disk I/O. Developers can easily create custom dashboards in CloudWatch to visualize this historical data without needing to install any agents or perform complex configurations. Option B (incorrect) requires direct database access and knowledge of performance schema, which is more complex and less user-friendly for general monitoring compared to CloudWatch dashboards. Option C (incorrect) is not possible as Amazon RDS is a managed service, and users do not have access to the underlying EC2 instance to install custom agents. Option D (incorrect) provides more granular OS-level metrics (up to 1-second intervals) than standard CloudWatch metrics, but it is a more advanced feature and exporting to Kinesis Data Firehose adds complexity and cost beyond the basic requirement for historical data and dashboards.",[0],null,null,m_50_4,null,2026-04-01 02:22:45.261679+00
ec4f9d06-4f8b-4c74-ba62-304941f8cc7e,mock_50_all_1775003086539,"A large enterprise needs to establish a highly reliable and secure network connection between its on-premises data center and its AWS VPCs. The connection must support high bandwidth and provide redundant paths to ensure business continuity, even in the event of a single link failure.","[""Implement a single AWS Direct Connect connection with a single VPN connection as a backup."",""Establish multiple AWS Direct Connect connections from different locations to multiple AWS Direct Connect gateways, with VPN failover."",""Configure multiple AWS Site-to-Site VPN connections over the public internet between the on-premises data center and the AWS VPCs."",""Use AWS Transit Gateway Connect to establish an SD-WAN connection over a single Direct Connect link.""]",50,5,mcq,"Option B (correct) provides the highest reliability and bandwidth for hybrid connectivity. Establishing multiple AWS Direct Connect connections from different on-premises locations to different AWS Direct Connect gateways in AWS ensures redundancy at multiple points (physical link, AWS gateway, on-premises equipment). Combining this with VPN failover provides an additional layer of redundancy over the public internet, ensuring business continuity even in catastrophic failures affecting the Direct Connect paths. Option A (incorrect) offers some redundancy but a single Direct Connect connection still represents a single point of failure for the primary high-bandwidth path. Option C (incorrect) relies solely on VPN connections over the public internet, which offers lower bandwidth, higher latency, and less predictable performance compared to Direct Connect, failing the high bandwidth requirement. Option D (incorrect) uses Transit Gateway Connect for SD-WAN, which is good for simplifying routing, but relying on a single Direct Connect link for the underlying transport does not meet the requirement for multiple redundant paths for highest reliability.",[1],null,null,m_50_5,null,2026-04-01 02:22:45.261679+00
ccd75685-739a-4436-b5d8-fa5788f440c4,mock_50_all_1775003086539,"A company is migrating several applications from its on-premises data center to AWS. They need to extend their existing on-premises IP network to AWS, allowing EC2 instances in a VPC to communicate with on-premises servers using private IP addresses, while minimizing the cost of the connection for non-critical workloads.","[""Establish a single AWS Direct Connect connection between the on-premises data center and the AWS VPC."",""Configure an AWS Site-to-Site VPN connection between the on-premises network and the AWS VPC."",""Deploy a dedicated EC2 instance in the VPC to act as a VPN server, connecting to the on-premises network."",""Use AWS Transit Gateway to connect the on-premises network to multiple VPCs via a single Direct Connect gateway.""]",50,6,mcq,"Option B (correct) is the most cost-effective and secure way to extend an on-premises network to AWS for non-critical workloads. An AWS Site-to-Site VPN connection provides a secure, encrypted tunnel over the public internet, allowing private IP communication between on-premises and AWS resources. It is generally less expensive to set up and maintain than AWS Direct Connect, making it suitable for non-critical applications where dedicated high bandwidth is not a primary concern. Option A (incorrect) provides dedicated, high-bandwidth connectivity but is significantly more expensive and complex to set up than a VPN, making it less suitable for minimizing cost for non-critical workloads. Option C (incorrect) involves deploying and managing a custom VPN server on an EC2 instance, which increases operational overhead and complexity compared to a managed AWS Site-to-Site VPN. Option D (incorrect) is a scalable solution for connecting multiple VPCs and on-premises, but it typically involves Direct Connect for the underlying connectivity, which would not be the most cost-effective for non-critical workloads.",[1],null,null,m_50_5,null,2026-04-01 02:22:45.261679+00
4aa1d89d-0ca2-4ba8-8494-1e12d88b55fe,mock_50_all_1775003086539,"An organization uses multiple AWS VPCs across different accounts and needs to connect them to their on-premises network through a single, managed gateway. They want to simplify routing and network management, ensuring consistent connectivity and centralizing network services for all their AWS resources.","[""Establish individual AWS Site-to-Site VPN connections from each VPC to the on-premises network."",""Use AWS Transit Gateway to centralize connectivity between all VPCs and the on-premises network."",""Configure VPC peering connections between each AWS VPC and a central VPC that has a VPN connection to on-premises."",""Deploy a dedicated EC2 instance in a central VPC to act as a router for all traffic between AWS and on-premises.""]",50,7,mcq,"Option B (correct) is the most effective solution for centralizing connectivity and simplifying network management across multiple VPCs and an on-premises network. AWS Transit Gateway acts as a network hub, allowing you to connect all your VPCs (even across different accounts) and your on-premises network (via VPN or Direct Connect) to a single gateway. This significantly simplifies routing tables and reduces the number of connections compared to a mesh of VPC peering or individual VPNs, leading to lower operational overhead. Option A (incorrect) would result in a complex and unmanageable mesh of VPN connections, increasing operational overhead and making routing difficult to maintain. Option C (incorrect) uses VPC peering, which is a point-to-point connection and does not scale well for a large number of VPCs, requiring a complex mesh or a 'hub-and-spoke' model that still involves managing many peering connections. Option D (incorrect) would create a single point of failure and bottleneck, requiring manual configuration and management of the EC2 instance, which is not scalable or highly available.",[1],null,null,m_50_5,null,2026-04-01 02:22:45.261679+00
407abb56-2de7-40f3-8549-6543ab8f7404,mock_50_all_1775003086539,"A developer is troubleshooting a connectivity issue between an Amazon EC2 instance in a VPC and an on-premises server connected via AWS Direct Connect. They need a tool to quickly diagnose network path issues, such as misconfigured security groups, route tables, or network ACLs, without manually inspecting each component.","[""Review VPC Flow Logs to identify denied traffic between the EC2 instance and the on-premises server."",""Use AWS CloudTrail to check for recent changes to network configurations that might have caused the issue."",""Utilize AWS Reachability Analyzer to determine if a network path exists and identify any blocking components."",""Ping the on-premises server from the EC2 instance and analyze the ICMP responses for packet loss.""]",50,8,mcq,"Option C (correct) is specifically designed for quickly diagnosing network path issues in complex environments, including hybrid setups. AWS Reachability Analyzer allows you to specify a source and destination (e.g., EC2 instance to on-premises IP) and it analyzes the network configuration (security groups, network ACLs, route tables, VPNs, Direct Connect) to determine if a path exists. If not, it identifies the specific component blocking the traffic, providing a precise diagnosis without manual inspection. Option A (incorrect) provides valuable information about traffic flows but requires manual analysis of logs to pinpoint the exact blocking rule or component. Option B (incorrect) is for auditing API calls and configuration changes, not for real-time network path analysis. Option D (incorrect) can confirm reachability but doesn't provide detailed information about *why* a path might be blocked or misconfigured, which is what Reachability Analyzer excels at.",[2],null,null,m_50_5,null,2026-04-01 02:22:45.261679+00
4c067fc6-9c01-4505-af4a-f7d3231568df,mock_50_all_1775003086539,"A company has several development and production VPCs in different AWS accounts within the same AWS Region. They need to enable secure and low-latency communication between these VPCs without exposing traffic to the public internet, while simplifying the overall network architecture and avoiding complex routing tables.","[""Create individual VPC peering connections between every pair of VPCs that need to communicate."",""Deploy an AWS Transit Gateway and connect all VPCs to it, enabling centralized routing."",""Use AWS PrivateLink to establish private endpoints for services in each VPC."",""Route all inter-VPC traffic through a central EC2 instance acting as a proxy.""]",50,9,mcq,"Option B (correct) is the most effective solution for simplifying network architecture and enabling secure, low-latency communication between multiple VPCs across different accounts within the same Region. AWS Transit Gateway acts as a central hub, allowing all VPCs to connect to it. This eliminates the need for a complex mesh of VPC peering connections, simplifies routing tables, and provides a scalable way to manage inter-VPC traffic. Option A (incorrect) would lead to a complex and unmanageable mesh of VPC peering connections as the number of VPCs grows (N*(N-1)/2 connections), increasing operational overhead significantly. Option C (incorrect) is designed for private access to specific services, not for general inter-VPC communication between all resources within different VPCs. Option D (incorrect) would create a single point of failure and a performance bottleneck, adding significant operational overhead for managing the EC2 instance and its routing.",[1],null,null,m_50_6,null,2026-04-01 02:22:45.261679+00
daba8097-bd5a-4db8-a518-ec20e363d8a7,mock_50_all_1775003086539,"A software vendor provides a SaaS application hosted in their AWS account and wants to offer private connectivity to their customers' VPCs. Customers should be able to access the SaaS application using private IP addresses, without traversing the public internet or requiring VPC peering connections to the vendor's VPC.","[""Require customers to establish AWS Site-to-Site VPN connections to the vendor's VPC."",""Utilize AWS PrivateLink to expose the SaaS application as an endpoint service in the vendor's VPC."",""Configure VPC peering connections between the vendor's VPC and each customer's VPC."",""Deploy the SaaS application in a public subnet and secure it with Network ACLs and Security Groups.""]",50,10,mcq,"Option B (correct) is the ideal solution for providing secure, private connectivity to a SaaS application for multiple customers without requiring VPC peering or exposing traffic to the public internet. AWS PrivateLink allows the vendor to expose their service as an endpoint service, and customers can create an interface VPC endpoint in their own VPCs to access the service using private IP addresses. This keeps traffic within the AWS network, enhances security, and simplifies connectivity for both the vendor and customers. Option A (incorrect) would require customers to manage VPN connections, which adds operational complexity and cost for each customer. Option C (incorrect) would lead to a complex mesh of VPC peering connections, which is not scalable for a SaaS provider with many customers and introduces routing complexities. Option D (incorrect) exposes the application to the public internet, which violates the requirement for private access and increases the attack surface.",[1],null,null,m_50_6,null,2026-04-01 02:22:45.261679+00
4fc5a72c-15ce-47aa-a7b4-fc6dd04df599,mock_50_all_1775003086539,"An organization operates a hub-and-spoke network topology across multiple AWS Regions and accounts. They need a centralized routing solution that allows spokes (VPCs) in different Regions to communicate with each other and with shared services in a central hub VPC, while maintaining network isolation and control.","[""Establish a mesh of VPC peering connections between all VPCs across all Regions."",""Deploy an AWS Transit Gateway in each Region and peer them together to create a global network."",""Use AWS Global Accelerator to route traffic between VPCs in different Regions."",""Implement a custom routing solution using EC2 instances and VPN tunnels between Regions.""]",50,11,mcq,"Option B (correct) is the most scalable and manageable solution for a multi-Region, multi-account hub-and-spoke architecture. By deploying an AWS Transit Gateway in each Region and peering these Transit Gateways, you create a global network that allows VPCs in different Regions and accounts to communicate through a centralized hub. This simplifies routing, provides network isolation, and offers granular control over traffic flow, making it ideal for large-scale, complex network topologies. Option A (incorrect) would result in an extremely complex and unmanageable mesh of VPC peering connections across multiple Regions, which is not scalable. Option C (incorrect) is designed for optimizing user access to applications globally, not for inter-VPC communication within a private network. Option D (incorrect) would be a highly complex, high-overhead, and less reliable solution compared to a managed service like Transit Gateway, requiring significant manual configuration and maintenance.",[1],null,null,m_50_6,null,2026-04-01 02:22:45.261679+00
80104182-ab0e-4127-962f-33014e8276b2,mock_50_all_1775003086539,"A company has a shared services VPC containing common resources like Active Directory and logging servers. They need to grant access to these shared resources to multiple application VPCs in different accounts, without creating individual VPC peering connections for each pair, and ensuring resource sharing is managed centrally.","[""Use AWS PrivateLink to create endpoint services for each shared resource in the shared services VPC."",""Establish a single AWS Transit Gateway and attach all shared services and application VPCs to it, then use AWS Resource Access Manager (RAM) to share the Transit Gateway."",""Create individual VPC peering connections from each application VPC to the shared services VPC."",""Deploy a NAT Gateway in the shared services VPC and configure routes from application VPCs through it.""]",50,12,mcq,"Option B (correct) is the most efficient and scalable way to share network resources across multiple AWS accounts. By using an AWS Transit Gateway, all application VPCs and the shared services VPC can connect to a central hub. AWS Resource Access Manager (RAM) then allows the Transit Gateway to be shared across multiple AWS accounts, enabling seamless and centralized routing between all attached VPCs. This avoids the need for a complex mesh of VPC peering connections and simplifies network management. Option A (incorrect) is suitable for sharing specific services privately, but it would require creating an endpoint service for *each* shared resource, which can be cumbersome for a VPC containing many common resources. Option C (incorrect) would lead to a complex and unmanageable mesh of VPC peering connections as the number of application VPCs grows. Option D (incorrect) is used for allowing private subnets to access the internet, not for enabling private communication between VPCs in different accounts.",[1],null,null,m_50_6,null,2026-04-01 02:22:45.261679+00
ad2df561-a31a-4c75-bd34-38fed2621a3f,mock_50_all_1775003086539,"A global e-commerce company hosts its static website content (images, CSS, JavaScript) in an Amazon S3 bucket in a single AWS Region. Customers worldwide experience high latency when accessing the site. The company needs to reduce content delivery latency for its global user base and improve website performance.","[""Replicate the S3 bucket to multiple AWS Regions and use Route 53 latency-based routing."",""Distribute the static content using Amazon CloudFront with the S3 bucket as an origin."",""Migrate the S3 bucket to an Amazon EC2 instance and use a custom CDN solution."",""Implement AWS Global Accelerator to route traffic directly to the S3 bucket.""]",50,13,mcq,"Option B (correct) is the most effective and common solution for reducing latency for static content delivery to global users. Amazon CloudFront is a content delivery network (CDN) service that caches content at edge locations worldwide. When users request content, it is served from the nearest edge location, significantly reducing latency and improving performance. Using an Amazon S3 bucket as the origin is a standard and highly scalable pattern. Option A (incorrect) would reduce latency by bringing content closer to users, but it involves managing multiple S3 buckets and DNS routing, which is more complex and less efficient than CloudFront's global caching. Option C (incorrect) would increase operational overhead and cost by introducing EC2 instances and a custom CDN, which is unnecessary given CloudFront's capabilities. Option D (incorrect) is primarily for accelerating dynamic application traffic or non-HTTP/S traffic to endpoints like EC2 instances or Application Load Balancers, not directly for caching static content from S3.",[1],null,null,m_50_1,null,2026-04-01 02:22:45.261679+00
96239ac9-b72a-43c8-9690-085363e82826,mock_50_all_1775003086539,"A gaming company is launching a new multiplayer game with servers hosted on Amazon EC2 instances behind an Application Load Balancer in multiple AWS Regions. They need to direct users to the optimal game server endpoint based on network performance and health, ensuring a consistent and low-latency gaming experience globally.","[""Use Amazon Route 53 with latency-based routing to direct users to the closest Application Load Balancer."",""Implement AWS Global Accelerator with the Application Load Balancers as endpoints to route user traffic."",""Configure Amazon CloudFront with the Application Load Balancers as origins to cache game assets."",""Deploy a custom DNS solution on EC2 instances to manage global traffic routing based on IP addresses.""]",50,14,mcq,"Option B (correct) is the best solution for ensuring low-latency and consistent gaming experience globally by routing users to the optimal game server endpoint based on network performance. AWS Global Accelerator uses the AWS global network infrastructure and anycast IP addresses to direct user traffic to the closest healthy endpoint (in this case, the Application Load Balancers). This optimizes the path over the internet, reducing latency and improving availability for dynamic application traffic. Option A (incorrect) uses DNS-based routing (Route 53 latency-based routing), which is subject to DNS caching and can't react as quickly to network conditions or endpoint health changes as Global Accelerator. Option C (incorrect) is primarily for caching static content and accelerating HTTP/S traffic, not for optimizing real-time, dynamic game traffic to specific server endpoints. Option D (incorrect) would introduce significant operational overhead, complexity, and potential reliability issues compared to a managed service like Global Accelerator.",[1],null,null,m_50_1,null,2026-04-01 02:22:45.261679+00
181d13ef-4962-4a5f-b96a-804bfd786641,mock_50_all_1775003086539,"A media company streams live video content globally from an Amazon EC2 origin server. They need to minimize the load on the origin server and protect it from DDoS attacks, while delivering content with low latency to viewers across different continents.","[""Use Amazon S3 to store video content and serve it directly to viewers."",""Implement AWS Global Accelerator to route live video streams to the EC2 origin server."",""Configure Amazon CloudFront with the EC2 origin and integrate AWS WAF for protection."",""Deploy multiple EC2 instances in an Auto Scaling group across Regions and use a Network Load Balancer.""]",50,15,mcq,"Option C (correct) is the most effective solution for origin protection, DDoS mitigation, and global low-latency live video streaming. Amazon CloudFront acts as a content delivery network, caching content at edge locations and reducing the load on the origin server. It also provides built-in DDoS protection. Integrating AWS WAF with CloudFront adds an additional layer of security, allowing custom rules to filter malicious traffic before it reaches the origin. Option A (incorrect) is suitable for static video files but not for live streaming, and it doesn't inherently provide DDoS protection or global low-latency delivery without a CDN. Option B (incorrect) is designed for accelerating dynamic application traffic to specific endpoints, but it doesn't provide caching or WAF integration for origin protection like CloudFront does. Option D (incorrect) would provide scalability and availability for the origin but wouldn't inherently reduce latency for global viewers or provide DDoS protection at the edge without a CDN.",[2],null,null,m_50_1,null,2026-04-01 02:22:45.261679+00
a0d69d09-5077-4385-89bc-d49227caff9a,mock_50_all_1775003086539,"A developer has deployed an API on Amazon API Gateway that is accessed by users worldwide. They want to ensure that API requests are routed to the nearest available API Gateway endpoint, reducing round-trip time and improving the overall responsiveness of the API for global users.","[""Configure Amazon Route 53 with geolocation routing policies for the API Gateway custom domain."",""Use AWS Global Accelerator to route traffic to the API Gateway regional endpoints."",""Enable Amazon CloudFront distribution in front of the API Gateway to cache API responses."",""Deploy multiple API Gateway instances in different Regions and manually configure client-side routing logic.""]",50,16,mcq,"Option B (correct) is the most effective solution for routing API requests to the nearest available API Gateway endpoint to reduce latency for global users. AWS Global Accelerator uses the AWS global network and anycast IP addresses to direct user traffic to the optimal regional endpoint, bypassing congested public internet routes and improving performance for dynamic content like API calls. Option A (incorrect) uses DNS-based routing, which is subject to DNS caching and may not always route to the 'nearest' endpoint based on real-time network conditions. Option C (incorrect) is primarily for caching static content and reducing origin load, which might help for cacheable API responses but doesn't optimize the network path for all API requests as effectively as Global Accelerator. Option D (incorrect) would introduce significant operational overhead and complexity for managing multiple API Gateway instances and implementing custom client-side routing logic.",[1],null,null,m_50_1,null,2026-04-01 02:22:45.261679+00
711a8f6d-b60f-409e-9007-d8cd225bdc80,mock_50_all_1775003086539,"A company is hosting a public-facing web application on AWS and needs a highly available and scalable DNS service to resolve its domain name. They also require advanced traffic routing capabilities, such as routing users to different endpoints based on their geographic location or the health of the application.","[""Use Amazon Route 53 with a public hosted zone and configure various routing policies."",""Deploy a custom DNS server on an Amazon EC2 instance and manage DNS records manually."",""Utilize AWS Global Accelerator to direct traffic to the web application's IP address."",""Configure an Application Load Balancer with a public DNS name and use it for domain resolution.""]",50,17,mcq,"Option A (correct) is the ideal solution for highly available, scalable public DNS with advanced traffic routing capabilities. Amazon Route 53 is a highly available and scalable cloud DNS web service. It supports various routing policies, including geolocation, latency-based, weighted, and failover routing, which allows directing users to different endpoints based on criteria like geographic location or application health checks. Option B (incorrect) would introduce significant operational overhead, maintenance, and potential reliability issues compared to a managed DNS service like Route 53. Option C (incorrect) is primarily for optimizing network paths to application endpoints, not for providing comprehensive DNS resolution and advanced routing policies. Option D (incorrect) is a load balancer, not a DNS service; while it has a DNS name, it doesn't offer the advanced traffic management features of Route 53.",[0],null,null,m_50_2,null,2026-04-01 02:22:45.261679+00
2fd6f588-24f3-48e3-94d9-35855a64a03d,mock_50_all_1775003086539,"An enterprise has a hybrid cloud environment with on-premises Active Directory DNS servers and AWS VPCs. They need to enable seamless DNS resolution between their on-premises network and AWS resources (e.g., EC2 instances, RDS databases) using private hostnames, without manually syncing DNS records.","[""Create duplicate private hosted zones in Amazon Route 53 for all on-premises DNS records."",""Configure Amazon Route 53 Resolver endpoints in the VPCs and conditional forwarding rules on-premises."",""Manually update the hosts file on each EC2 instance with on-premises server IP addresses."",""Use AWS Direct Connect to extend the on-premises network and rely on broadcast DNS resolution.""]",50,18,mcq,"Option B (correct) provides the most seamless and automated DNS resolution between on-premises and AWS in a hybrid environment. Amazon Route 53 Resolver endpoints allow DNS queries to be forwarded between your VPCs and your on-premises network. You can configure inbound endpoints in your VPCs for on-premises DNS servers to query AWS resources, and outbound endpoints to forward queries for on-premises resources from your VPCs to your on-premises DNS servers. This eliminates manual syncing of records. Option A (incorrect) would create significant operational overhead and potential for inconsistencies due to manual duplication of DNS records. Option C (incorrect) is highly unscalable, error-prone, and not feasible for an enterprise environment. Option D (incorrect) provides network connectivity but does not address DNS resolution, and broadcast DNS resolution is not a standard or scalable solution for hybrid environments.",[1],null,null,m_50_2,null,2026-04-01 02:22:45.261679+00
7c46fb6a-281b-475a-8961-03539a7237fd,mock_50_all_1775003086539,A security-conscious organization needs to ensure the authenticity and integrity of DNS responses for its public domain to protect against DNS spoofing and cache poisoning attacks. They require a solution that cryptographically signs DNS records and validates responses.,"[""Implement a custom DNSSEC solution on EC2 instances to sign and validate DNS records."",""Enable DNSSEC for the public hosted zone in Amazon Route 53."",""Configure Amazon CloudFront to serve DNS records securely over HTTPS."",""Use AWS WAF to filter malicious DNS queries before they reach the Route 53 resolver.""]",50,19,mcq,"Option B (correct) is the direct and managed solution for ensuring the authenticity and integrity of DNS responses. DNSSEC (Domain Name System Security Extensions) adds a layer of security to DNS by cryptographically signing DNS records, allowing resolvers to validate the authenticity of DNS responses and protect against spoofing and cache poisoning attacks. Amazon Route 53 supports enabling DNSSEC for public hosted zones, providing a managed way to implement this critical security feature. Option A (incorrect) would involve significant operational overhead and expertise to implement and manage a custom DNSSEC solution on EC2 instances. Option C (incorrect) is a content delivery network service and is not designed for DNS resolution or DNSSEC. Option D (incorrect) is a web application firewall and does not protect against DNS-specific attacks like spoofing or cache poisoning at the DNS resolution layer.",[1],null,null,m_50_2,null,2026-04-01 02:22:45.261679+00
48435c9b-63dd-4cee-8edc-7e21fe52f488,mock_50_all_1775003086539,"A web application is deployed on Amazon EC2 instances within an Auto Scaling group and requires HTTP/HTTPS traffic distribution. The application needs advanced routing features based on URL paths and host headers, as well as integrated WAF protection and SSL/TLS termination.","[""Use a Network Load Balancer (NLB) with target groups configured for the EC2 instances."",""Deploy an Application Load Balancer (ALB) with listener rules, integrated with AWS WAF and ACM."",""Configure Amazon Route 53 to perform health checks and route traffic directly to individual EC2 instances."",""Implement a custom NGINX proxy on an EC2 instance to handle routing and SSL/TLS termination.""]",50,21,mcq,"Option B (correct) is the most suitable solution for a web application requiring advanced HTTP/HTTPS routing, WAF protection, and SSL/TLS termination. An Application Load Balancer (ALB) operates at the application layer (Layer 7) and supports content-based routing (e.g., URL paths, host headers). It can integrate directly with AWS WAF for security and AWS Certificate Manager (ACM) for managed SSL/TLS certificates and termination, offloading encryption from the EC2 instances. Option A (incorrect) operates at the transport layer (Layer 4) and does not support advanced HTTP/HTTPS routing features, WAF integration, or SSL/TLS termination at the load balancer level. Option C (incorrect) provides DNS-based routing but does not offer load balancing, SSL/TLS termination, or WAF integration. Option D (incorrect) would introduce significant operational overhead for managing and scaling a custom NGINX proxy on an EC2 instance, negating the benefits of a managed load balancer.",[1],null,null,m_50_3,null,2026-04-01 02:22:45.261679+00
bfd443c6-8e03-47ab-acc9-7534ff8ba249,mock_50_all_1775003086539,"A company hosts a high-performance gaming server that requires extremely low latency and high throughput for TCP traffic. The server needs to handle millions of concurrent connections and maintain the client's source IP address for specific game logic, while distributing traffic across multiple EC2 instances.","[""Deploy an Application Load Balancer (ALB) and configure it for TCP listeners."",""Use a Network Load Balancer (NLB) with target groups configured for the EC2 instances."",""Configure Amazon Route 53 with weighted routing to distribute traffic to multiple EC2 instances."",""Implement a custom load balancing solution using HAProxy on a dedicated EC2 instance.""]",50,22,mcq,"Option B (correct) is the ideal solution for high-performance gaming servers requiring extremely low latency, high throughput for TCP traffic, and source IP preservation. A Network Load Balancer (NLB) operates at the transport layer (Layer 4), offering ultra-high performance, static IP addresses, and the ability to handle millions of requests per second with very low latency. Crucially, NLB preserves the client's source IP address, which is often a requirement for game logic or anti-cheat systems. Option A (incorrect) operates at Layer 7 (HTTP/HTTPS) and does not preserve client IP by default, nor is it optimized for raw TCP performance like NLB. Option C (incorrect) provides DNS-based traffic distribution but is not a load balancer and doesn't offer the low latency, high throughput, or source IP preservation capabilities required for a high-performance gaming server. Option D (incorrect) would introduce significant operational overhead, complexity, and potential reliability issues compared to a fully managed service like NLB.",[1],null,null,m_50_3,null,2026-04-01 02:22:45.261679+00
6fa79f28-3600-4351-8dad-00c42ec37c04,mock_50_all_1775003086539,"A developer needs to deploy a microservices architecture where different services are implemented as AWS Lambda functions. They want to use a load balancer to route HTTP requests to these Lambda functions based on specific request paths, enabling serverless application scaling and high availability.","[""Use an Amazon API Gateway to expose the Lambda functions and configure path-based routing."",""Deploy an Application Load Balancer (ALB) and configure its target groups to invoke Lambda functions."",""Utilize a Network Load Balancer (NLB) to distribute traffic directly to the Lambda function endpoints."",""Implement AWS Global Accelerator to route traffic to the Lambda functions across multiple Regions.""]",50,23,mcq,"Option B (correct) is an efficient way to route HTTP traffic directly to AWS Lambda functions with path-based routing. Application Load Balancers (ALBs) can directly invoke Lambda functions as targets in a target group. This allows for advanced HTTP routing rules (e.g., path-based, host-based) to direct requests to different Lambda functions, providing a scalable and highly available entry point for serverless applications. Option A (incorrect) is also a valid way to expose Lambda functions and configure path-based routing, but the question specifically asks for a 'load balancer' to route requests, and ALB directly fits this description for HTTP traffic. API Gateway is more of an API management service. Option C (incorrect) operates at Layer 4 (TCP/UDP) and cannot directly invoke Lambda functions or perform HTTP path-based routing. Option D (incorrect) is for optimizing global network performance to endpoints, not for routing HTTP requests to specific Lambda functions based on paths within a single Region.",[1],null,null,m_50_3,null,2026-04-01 02:22:45.261679+00
7aa3d322-eaeb-4b71-a738-0cc4f3ce902f,mock_50_all_1775003086539,An organization needs to inspect all inbound and outbound network traffic for security and compliance purposes using a fleet of virtual network appliances. These appliances must be centrally managed and transparently intercept traffic for multiple VPCs without requiring complex routing configurations in each VPC.,"[""Deploy individual EC2 instances with network appliances in each VPC and configure VPC peering."",""Utilize AWS Transit Gateway with a Gateway Load Balancer (GWLB) endpoint service in an inspection VPC."",""Configure AWS Site-to-Site VPN connections from each VPC to a central security VPC."",""Implement a custom routing solution using Network ACLs and Security Groups to direct traffic to appliances.""]",50,24,mcq,"Option B (correct) is the most centralized and scalable solution for transparent traffic inspection across multiple VPCs. AWS Transit Gateway allows you to centralize routing for multiple VPCs. By deploying a Gateway Load Balancer (GWLB) in a dedicated inspection VPC and creating a GWLB endpoint service, you can transparently steer traffic from spoke VPCs (attached to the Transit Gateway) through the GWLB to a fleet of virtual network appliances for inspection. This simplifies routing, centralizes management, and avoids complex configurations in individual VPCs. Option A (incorrect) would lead to significant operational overhead, as each VPC would require its own appliances and complex routing. Option C (incorrect) uses VPN connections, which are not designed for transparent traffic inspection and would add complexity and overhead. Option D (incorrect) is a security control for individual instances/subnets, not a routing mechanism for directing all traffic through a centralized inspection fleet.",[1],null,null,m_50_3,null,2026-04-01 02:22:45.261679+00
b0bf82fa-fd06-49e2-9c1e-22a1e48693ec,mock_50_all_1775003086539,"A company is expanding its cloud presence and needs to quickly provision new network segments for various project teams. The network architecture includes standard VPC configurations, security groups, and network ACLs. The infrastructure team wants to use a modern, object-oriented approach to define their network resources, allowing them to leverage familiar programming languages and reduce boilerplate code. Which AWS service and approach should the team use to achieve this with LEAST effort?","[""Use AWS CLI commands within shell scripts to define and deploy network resources, ensuring scripts are version-controlled."",""Implement AWS Cloud Development Kit (AWS CDK) to define network infrastructure using programming languages, synthesizing into CloudFormation for deployment."",""Manually create all network resources through the AWS Management Console, meticulously documenting each step for future reference."",""Write AWS CloudFormation YAML templates directly to provision VPCs and associated resources, managing them in a Git repository.""]",51,2,mcq,"Option B (correct) utilizes the AWS Cloud Development Kit (AWS CDK), which allows developers to define cloud infrastructure using familiar programming languages (like Python, TypeScript, Java). The CDK synthesizes these definitions into AWS CloudFormation templates, providing an object-oriented approach that reduces boilerplate code and offers higher-level abstractions, thus minimizing effort for complex network configurations. Option A (incorrect) relies on AWS CLI commands in shell scripts, which is imperative, less maintainable for complex architectures, and lacks the declarative benefits of infrastructure as code. Option C (incorrect) is a manual approach via the AWS Management Console, which is highly inefficient, error-prone, and does not support automation or repeatability. Option D (incorrect) involves writing AWS CloudFormation YAML templates directly, which is a valid infrastructure-as-code approach but requires more verbose syntax and lacks the higher-level abstractions and programming language benefits offered by the AWS CDK.",[1],null,null,m_51_4,null,2026-04-01 02:22:45.261679+00
b4ae67b9-1e64-4c1f-a890-794f39ce25eb,mock_50_all_1775003086539,"A security team requires that any new Amazon S3 bucket created in their AWS environment must automatically have a specific set of security policies applied, including encryption and access logging. They want an event-driven mechanism that detects new bucket creations and enforces these policies without manual intervention. Which combination of AWS services will provide the MOST automated and scalable solution?","[""Configure an AWS Lambda function to run on a fixed schedule, periodically scanning for new Amazon S3 buckets and applying policies."",""Use AWS Config rules to monitor for non-compliant Amazon S3 buckets and manually remediate findings."",""Create an Amazon CloudWatch Events rule that triggers an AWS Lambda function when an `CreateBucket` API call is detected, and the Lambda function applies the required policies."",""Set up an Amazon SNS topic to receive notifications for new Amazon S3 bucket creations and send emails to administrators for manual policy application.""]",51,3,mcq,"Option C (correct) provides the most automated and scalable event-driven solution. An Amazon CloudWatch Events rule can be configured to detect specific AWS API calls, such as `CreateBucket` for Amazon S3. This event can then trigger an AWS Lambda function, which can programmatically apply the required security policies (e.g., encryption, access logging) to the newly created bucket. Option A (incorrect) uses a scheduled Lambda function, which introduces latency in policy enforcement and is less efficient than an immediate event-driven trigger. Option B (incorrect) uses AWS Config rules for monitoring, but it typically flags non-compliance and often requires manual remediation or separate automation to fix issues, which doesn't fully meet the 'automated enforcement' requirement. Option D (incorrect) uses Amazon SNS to notify administrators, but this still relies on manual intervention to apply policies, which is not an automated solution.",[2],null,null,m_51_4,null,2026-04-01 02:22:45.261679+00
52945c70-964c-4670-9305-9cf1d07a3a1c,mock_50_all_1775003086539,"A software company is adopting a DevOps culture and wants to integrate network infrastructure changes into their existing CI/CD pipeline. They need to ensure that any modification to their VPCs, subnets, or routing configurations goes through automated testing and approval workflows before deployment to production. The goal is to improve reliability and reduce the risk of network-related outages. Which approach BEST supports this requirement?","[""Manually review all network changes in a staging environment before applying them to production via the AWS Management Console."",""Use AWS CLI scripts to apply network changes directly to production environments after a peer review."",""Implement AWS CloudFormation templates for network infrastructure and integrate their deployment into an AWS CodePipeline pipeline with approval stages and automated tests."",""Store network configuration details in a wiki and have network engineers apply changes using the AWS SDK after a change request.""]",51,4,mcq,"Option C (correct) is the best approach for integrating network infrastructure changes into a CI/CD pipeline. Using AWS CloudFormation templates allows defining network infrastructure as code, which can be version-controlled. Integrating these templates into AWS CodePipeline enables automated testing, staging deployments, and manual approval gates before changes are promoted to production, significantly improving reliability and reducing risk. Option A (incorrect) is a manual process that lacks automation, repeatability, and the robust testing capabilities of a CI/CD pipeline. Option B (incorrect) uses AWS CLI scripts, which can be part of automation, but deploying directly to production after only a peer review bypasses automated testing and controlled deployment stages, increasing risk. Option D (incorrect) is a manual, documentation-heavy approach that lacks any form of automation, version control for infrastructure, or integration with a modern CI/CD workflow.",[2],null,null,m_51_4,null,2026-04-01 02:22:45.261679+00
8655d1d6-37e2-4e07-a5ee-8d1a5bbbdb00,mock_50_all_1775003086539,"A development team is creating AWS CloudFormation templates to provision application environments, including VPCs, subnets, and security groups. They need to ensure that these templates are reusable across different environments (e.g., development, staging, production) without requiring modifications to the template content itself. The primary goal is to avoid hardcoding environment-specific values directly into the templates. Which CloudFormation feature should they use to achieve this?","[""Use AWS CloudFormation Parameters to accept environment-specific values at deployment time."",""Create separate CloudFormation templates for each environment, each with hardcoded values."",""Embed environment-specific logic directly into the CloudFormation template using `Fn::If` conditions."",""Store environment-specific values in AWS Systems Manager Parameter Store and manually retrieve them during deployment.""]",51,5,mcq,"Option A (correct) is the most appropriate CloudFormation feature for this scenario. AWS CloudFormation Parameters allow you to input custom values to your template each time you create or update a stack. This enables the use of a single, reusable template across different environments (development, staging, production) by providing environment-specific values (like CIDR blocks, instance types, or environment names) at deployment time, thus avoiding hardcoded values. Option B (incorrect) defeats the purpose of reusability by requiring separate templates for each environment, increasing maintenance overhead. Option C (incorrect) using `Fn::If` conditions can introduce complexity and make templates harder to read and maintain, especially for numerous environment-specific values, and doesn't fully abstract the values themselves. Option D (incorrect) involves manually retrieving parameters from AWS Systems Manager Parameter Store during deployment, which adds a manual step and doesn't integrate as seamlessly with CloudFormation's native parameter handling for template reusability.",[0],null,null,m_51_4,null,2026-04-01 02:22:45.261679+00
f256c76f-0444-41bc-9c0d-7703477887b7,mock_50_all_1775003086539,"A company operates a hybrid cloud environment, with on-premises data centers and AWS VPCs. They need to ensure that applications running in their AWS VPCs can resolve DNS queries for internal resources hosted on-premises, and vice versa. The solution must provide a centralized and secure way to manage DNS resolution across both environments without exposing internal DNS servers directly to the internet. Which AWS service combination BEST achieves this goal with minimal operational overhead?","[""Configure an Amazon EC2 instance with a custom DNS server in each VPC and manually update its records."",""Use AWS Route 53 Resolver with inbound and outbound endpoints to conditionally forward DNS queries between AWS and on-premises DNS servers."",""Set up a VPN connection between on-premises and AWS, then manually configure DNS entries in each application's host file."",""Create public hosted zones in AWS Route 53 for all internal on-premises domains and manage them publicly.""]",51,6,mcq,"Option B (correct) uses AWS Route 53 Resolver with inbound and outbound endpoints, which is specifically designed for hybrid DNS resolution. Outbound endpoints allow DNS queries from AWS to be conditionally forwarded to on-premises DNS servers, while inbound endpoints allow on-premises DNS servers to query private hosted zones in AWS. This provides a secure, scalable, and centrally managed solution with minimal operational overhead. Option A (incorrect) involves deploying and managing custom DNS servers on Amazon EC2 instances, which increases operational overhead, requires patching and maintenance, and is less scalable than Route 53 Resolver. Option C (incorrect) relies on manual host file entries, which is unscalable, error-prone, and not a viable solution for dynamic or large-scale environments. Option D (incorrect) suggests using public hosted zones for internal domains, which is a significant security risk as it exposes internal network information to the public internet.",[1],null,null,m_51_3,null,2026-04-01 02:22:45.261679+00
dc91401c-f9be-4348-b360-33025bc4ba7c,mock_50_all_1775003086539,"A company is migrating some applications to AWS while keeping others on-premises. They have an existing on-premises DNS infrastructure that manages internal domain names. Applications in AWS VPCs need to resolve these on-premises domain names, but the on-premises DNS servers should not directly query AWS Route 53 private hosted zones. The solution must ensure that DNS queries for on-premises domains from AWS are directed to the correct on-premises DNS servers. Which AWS Route 53 feature should be used?","[""Configure a public hosted zone in AWS Route 53 for the on-premises domain."",""Set up a simple routing policy in a private hosted zone for the on-premises domain."",""Implement Route 53 Resolver outbound endpoints and conditional forwarding rules to direct queries for on-premises domains to on-premises DNS servers."",""Manually configure `resolv.conf` on each Amazon EC2 instance in AWS to point to the on-premises DNS servers.""]",51,7,mcq,"Option C (correct) is the appropriate Route 53 feature for this scenario. Route 53 Resolver outbound endpoints, combined with conditional forwarding rules, allow DNS queries originating from AWS VPCs for specific domain names (e.g., your on-premises domain) to be forwarded to designated IP addresses, which would be your on-premises DNS servers. This ensures proper resolution of on-premises resources from AWS. Option A (incorrect) would expose internal on-premises domain information publicly, which is a security risk and not suitable for internal resolution. Option B (incorrect) setting up a simple routing policy in a private hosted zone for an on-premises domain would imply AWS is authoritative for that domain, which is not the case for existing on-premises DNS. Option D (incorrect) involves manual configuration on each Amazon EC2 instance, which is unscalable, error-prone, and difficult to manage in dynamic cloud environments.",[2],null,null,m_51_3,null,2026-04-01 02:22:45.261679+00
30f05ebb-dd11-4ef7-b145-e7bcb56c803a,mock_50_all_1775003086539,"A financial institution is hosting its public-facing website on AWS using Amazon Route 53 for DNS. To comply with strict security regulations and protect against DNS spoofing and cache poisoning attacks, they need to ensure the authenticity and integrity of DNS responses for their domain. Which Route 53 feature should they enable to meet this security requirement?","[""Configure a weighted routing policy for the domain."",""Enable health checks on all Route 53 records."",""Implement DNS Security Extensions (DNSSEC) for the public hosted zone."",""Use a simple routing policy with multiple IP addresses for redundancy.""]",51,8,mcq,"Option C (correct) is the specific Route 53 feature designed to protect against DNS spoofing and cache poisoning. DNS Security Extensions (DNSSEC) adds a layer of security to DNS by digitally signing DNS records, allowing resolvers to verify the authenticity of the origin of DNS data and ensure its integrity. Option A (incorrect) weighted routing policies are used for traffic distribution based on specified weights, not for security against DNS attacks. Option B (incorrect) health checks are used to monitor the health of endpoints and route traffic away from unhealthy ones, which improves availability but does not protect against DNS spoofing. Option D (incorrect) using a simple routing policy with multiple IP addresses provides redundancy for availability, but it does not add cryptographic security to DNS responses.",[2],null,null,m_51_3,null,2026-04-01 02:22:45.261679+00
bf7e3271-ac87-49cd-a10c-94b1c24a9a15,mock_50_all_1775003086539,"A large enterprise has multiple AWS accounts, each managed by different development teams. They have a central networking account where all AWS Route 53 private hosted zones for corporate internal domains are managed. The development teams in other accounts need to resolve these internal domain names for their applications. The enterprise wants to share these private hosted zones securely and efficiently without duplicating configurations or granting full access to the central networking account. Which AWS service is designed for this purpose?","[""Manually configure each development account's VPC to use the central account's Route 53 Resolver IP addresses."",""Use AWS Resource Access Manager (AWS RAM) to share the Route 53 private hosted zones from the central networking account with the development accounts."",""Create duplicate private hosted zones in each development account and synchronize them using custom scripts."",""Grant cross-account IAM roles to development teams, allowing them to create and manage their own private hosted zones in the central account.""]",51,9,mcq,"Option B (correct) is the intended solution for sharing Route 53 private hosted zones across multiple AWS accounts. AWS Resource Access Manager (AWS RAM) allows you to securely share your AWS resources with other AWS accounts or within your AWS Organization. By sharing the private hosted zone, VPCs in the recipient accounts can resolve DNS queries for the shared domain without duplicating configuration or granting excessive permissions. Option A (incorrect) involves manual configuration of Resolver IP addresses, which is not scalable, error-prone, and doesn't leverage the native sharing capabilities of Route 53. Option C (incorrect) creating duplicate private hosted zones and synchronizing them is complex, increases operational overhead, and is prone to inconsistencies. Option D (incorrect) granting IAM roles to manage private hosted zones in the central account would give development teams more permissions than necessary and could lead to unintended changes in the central DNS configuration.",[1],null,null,m_51_3,null,2026-04-01 02:22:45.261679+00
879fe92b-292e-4452-bab8-55563f6148d7,mock_50_all_1775003086539,"A company is migrating its on-premises applications to AWS. They have an existing DNS infrastructure on-premises and want to ensure seamless DNS resolution between their AWS VPCs and on-premises network. Specifically, applications in AWS need to resolve on-premises domain names, and on-premises applications need to resolve domain names in AWS Route 53 private hosted zones. The solution must be highly available and scalable. Which AWS Route 53 components should be configured to enable this bidirectional DNS resolution?","[""Configure only Route 53 public hosted zones for all domains, both AWS and on-premises."",""Set up Route 53 Resolver inbound and outbound endpoints, along with conditional forwarding rules, to manage DNS traffic between AWS and on-premises."",""Manually update the `/etc/hosts` file on all Amazon EC2 instances and on-premises servers with relevant IP addresses."",""Deploy custom DNS servers on Amazon EC2 instances in each VPC and configure them to forward queries.""]",51,10,mcq,"Option B (correct) is the recommended and most robust solution for bidirectional DNS resolution in a hybrid environment. AWS Route 53 Resolver inbound endpoints allow on-premises DNS servers to query private hosted zones in AWS, while outbound endpoints allow AWS VPCs to conditionally forward DNS queries for on-premises domains to on-premises DNS servers. This setup ensures seamless, scalable, and highly available DNS resolution across both environments. Option A (incorrect) using public hosted zones for internal domains is a security risk and not suitable for internal resolution. Option C (incorrect) manually updating host files is unscalable, error-prone, and impractical for dynamic environments. Option D (incorrect) deploying custom DNS servers on Amazon EC2 instances increases operational overhead for maintenance, patching, and scaling, making it less efficient than the managed Route 53 Resolver service.",[1],null,null,m_51_3,null,2026-04-01 02:22:45.261679+00
af6f00c5-dda7-407d-a82b-a2f513c6153f,mock_50_all_1775003086539,"A large enterprise has several AWS accounts, each with multiple VPCs, and needs to establish network connectivity between them. The current setup uses numerous VPC peering connections, which are becoming difficult to manage and scale as the number of VPCs grows. The enterprise requires a solution that simplifies network topology, allows for transitive routing between VPCs, and supports a hub-and-spoke model. Which AWS service should they implement to achieve this MOST efficiently?","[""Continue using VPC peering connections, but organize them more carefully."",""Deploy an Amazon EC2 instance in a central VPC to act as a software router for all inter-VPC traffic."",""Implement AWS Transit Gateway to centralize routing between all connected VPCs and on-premises networks."",""Use AWS PrivateLink to establish point-to-point connections between specific services across VPCs.""]",51,11,mcq,"Option C (correct) is the ideal solution. AWS Transit Gateway is designed to centralize routing for multiple VPCs and on-premises networks, enabling a hub-and-spoke architecture. It simplifies network management by reducing the number of connections and allows for transitive routing, which is not possible with VPC peering. Option A (incorrect) continuing with VPC peering becomes unmanageable and unscalable in complex environments, as it requires N*(N-1)/2 connections for N VPCs and does not support transitive routing. Option B (incorrect) deploying an Amazon EC2 instance as a software router introduces a single point of failure, requires manual management, and does not scale efficiently. Option D (incorrect) AWS PrivateLink is used for securely exposing services across VPCs or accounts without using public IPs, but it is not a general-purpose network connectivity solution for entire VPCs or transitive routing.",[2],null,null,m_51_2,null,2026-04-01 02:22:45.261679+00
d990cc7f-7b64-4e9f-b10f-2b8b1556c54c,mock_50_all_1775003086539,"A company is designing a multi-VPC architecture within a single AWS Region. They initially considered using VPC peering connections to enable communication between all their application VPCs. However, they realized that some applications need to communicate with a shared services VPC, which then needs to communicate with other application VPCs. This transitive routing requirement is critical. What is a key limitation of VPC peering connections that makes them unsuitable for this transitive routing scenario?","[""VPC peering connections are limited to a maximum of 10 connections per VPC, restricting scalability."",""VPC peering connections do not support communication between VPCs in different AWS Regions."",""VPC peering connections are non-transitive, meaning peered VPCs cannot use a central VPC to reach other peered VPCs."",""VPC peering connections introduce significant network latency, making them unsuitable for high-performance applications.""]",51,12,mcq,"Option C (correct) highlights the fundamental limitation of VPC peering connections: they are non-transitive. This means that if VPC A is peered with VPC B, and VPC B is peered with VPC C, VPC A cannot directly communicate with VPC C through VPC B. Each VPC must have a direct peering connection to every other VPC it needs to communicate with, which makes a hub-and-spoke model with transitive routing impossible. Option A (incorrect) while there are limits, the primary architectural limitation for this scenario is non-transitivity, not just the number of connections. Option B (incorrect) VPC peering can be established between VPCs in different regions, though it's typically used within a single region for simplicity, so this is not a key limitation for the described scenario. Option D (incorrect) VPC peering connections generally offer low-latency, high-bandwidth connectivity, so latency is not a primary limitation for their use.",[2],null,null,m_51_2,null,2026-04-01 02:22:45.261679+00
4db60a41-d675-4bb8-a860-40cffc34ec3b,mock_50_all_1775003086539,"A software vendor offers a SaaS application hosted in their AWS account. Their customers, who also have AWS accounts, need to securely access this application without exposing it to the public internet and without requiring complex network configurations like VPC peering. The solution must ensure that traffic between the customer's VPC and the vendor's service remains within the AWS network and is highly available. Which AWS service should the vendor use to meet these requirements with LEAST operational overhead for customers?","[""Require customers to set up a Site-to-Site VPN connection to the vendor's VPC."",""Expose the SaaS application via a public Application Load Balancer and require customers to access it over the internet."",""Use AWS PrivateLink to create a VPC Endpoint Service for the SaaS application, allowing customers to create VPC Endpoints in their VPCs."",""Set up a complex network of VPC peering connections between the vendor's VPC and each customer's VPC.""]",51,13,mcq,"Option C (correct) is the most suitable solution. AWS PrivateLink allows you to expose your service (the SaaS application) as a VPC Endpoint Service. Customers can then create VPC Endpoints in their own VPCs to privately access your service. This keeps traffic within the AWS network, eliminates the need for internet gateways, NAT devices, or VPC peering, and significantly reduces operational overhead for customers by simplifying connectivity. Option A (incorrect) Site-to-Site VPN connections are complex to set up and manage for each customer, increasing operational overhead. Option B (incorrect) exposing the application via a public Application Load Balancer means traffic traverses the public internet, which violates the requirement for private access and introduces security concerns. Option D (incorrect) setting up numerous VPC peering connections is unscalable, complex to manage (especially with transitive routing limitations), and quickly becomes an operational burden as the number of customers grows.",[2],null,null,m_51_2,null,2026-04-01 02:22:45.261679+00
b1bf7c90-5a8c-4122-afd9-8b1f0f2624a4,mock_50_all_1775003086539,A company has implemented an AWS Transit Gateway in a central networking account to connect multiple application VPCs across different AWS accounts. Each application team manages its own VPC and needs to attach it to the central Transit Gateway. The networking team wants to enable secure and controlled sharing of the Transit Gateway with these application accounts. Which AWS service facilitates sharing the Transit Gateway resource with other AWS accounts?,"[""Manually configure cross-account IAM roles for each application team to manage Transit Gateway attachments."",""Use AWS Organizations to create a direct link between the central networking account and each application account."",""Leverage AWS Resource Access Manager (AWS RAM) to share the Transit Gateway with specific AWS accounts or an entire AWS Organization."",""Establish individual VPC peering connections from each application VPC to the Transit Gateway in the central account.""]",51,14,mcq,"Option C (correct) is the dedicated AWS service for sharing resources like AWS Transit Gateway across AWS accounts. AWS Resource Access Manager (AWS RAM) allows you to securely share your resources with other AWS accounts or within your AWS Organization. This enables application teams in different accounts to create attachments to the shared Transit Gateway, centralizing network connectivity while maintaining account separation. Option A (incorrect) manually configuring IAM roles for managing Transit Gateway attachments can be complex, error-prone, and might grant broader permissions than necessary. Option B (incorrect) AWS Organizations helps manage multiple accounts but doesn't directly facilitate resource sharing like Transit Gateway attachments; AWS RAM is used for that specific purpose. Option D (incorrect) establishing VPC peering connections to a Transit Gateway is not how Transit Gateway works; VPCs attach directly to the Transit Gateway, and peering is a different, non-transitive connectivity method.",[2],null,null,m_51_2,null,2026-04-01 02:22:45.261679+00
7832dd5a-4488-4a68-896c-bcda3540ce45,mock_50_all_1775003086539,"A company uses AWS Transit Gateway to connect several VPCs in a hub-and-spoke topology. They need to monitor the network traffic flowing between these VPCs for security analysis, troubleshooting, and compliance auditing. The solution must capture detailed information about IP traffic, such as source/destination IP addresses, ports, protocols, and traffic volume. Which AWS service should be enabled on the Transit Gateway attachments to achieve this?","[""Enable Amazon CloudWatch Metrics for the Transit Gateway."",""Configure AWS WAF on the Transit Gateway."",""Enable VPC Flow Logs on the Transit Gateway attachments."",""Use Amazon Kinesis Data Firehose to stream traffic data from the Transit Gateway.""]",51,15,mcq,"Option C (correct) is the appropriate service. VPC Flow Logs can be enabled on Transit Gateway attachments to capture detailed information about the IP traffic going to and from network interfaces in your VPCs and through the Transit Gateway. This data includes source/destination IP addresses, ports, protocols, and traffic volume, which is essential for security analysis, troubleshooting, and compliance auditing. Option A (incorrect) Amazon CloudWatch Metrics provides aggregated performance data (e.g., bytes in/out, packet counts) but does not provide the detailed, per-flow information needed for deep traffic analysis. Option B (incorrect) AWS WAF (Web Application Firewall) is used to protect web applications from common web exploits and is not applicable for monitoring general network traffic on a Transit Gateway. Option D (incorrect) Amazon Kinesis Data Firehose is a delivery service for streaming data, but it requires a source of data; it doesn't generate the network flow logs itself. VPC Flow Logs would typically be configured to deliver to a destination like Amazon S3 or CloudWatch Logs, from which Kinesis Data Firehose could then process.",[2],null,null,m_51_2,null,2026-04-01 02:22:45.261679+00
1fb6b7f2-a15f-4668-b1b3-afd404a2aac1,mock_50_all_1775003086539,"A company needs to establish a secure and reliable connection between its on-premises data center and its AWS VPC. The connection must support high bandwidth and consistent network performance, as it will carry mission-critical application traffic. The company also requires dedicated network capacity and a private connection to AWS, bypassing the public internet. Which AWS service is the MOST suitable for this requirement?","[""Establish a Site-to-Site VPN connection over the public internet."",""Use an internet gateway in the VPC and route traffic over the public internet."",""Implement AWS Direct Connect to create a dedicated network connection from the data center to AWS."",""Deploy a custom VPN server on an Amazon EC2 instance in the VPC.""]",51,16,mcq,"Option C (correct) is the most suitable service. AWS Direct Connect provides a dedicated, private network connection from your on-premises data center to AWS, bypassing the public internet. This offers consistent network performance, reduced latency, and higher bandwidth compared to internet-based connections, making it ideal for mission-critical applications requiring reliable connectivity. Option A (incorrect) a Site-to-Site VPN connection uses the public internet, which can introduce variability in performance and is not a dedicated connection. Option B (incorrect) routing traffic over the public internet via an internet gateway does not provide a private connection, consistent performance, or dedicated bandwidth. Option D (incorrect) deploying a custom VPN server on an Amazon EC2 instance increases operational overhead, requires manual management, and does not provide the dedicated, private connectivity benefits of AWS Direct Connect.",[2],null,null,m_51_1,null,2026-04-01 02:22:45.261679+00
a73aa878-c2a5-4df5-9c64-7d961f150252,mock_50_all_1775003086539,"A company is setting up a Site-to-Site VPN connection between their on-premises network and an AWS VPC. They need to ensure dynamic routing of traffic between the two networks, allowing routing tables to automatically update as network conditions or configurations change. Which routing protocol should be configured for the VPN connection to achieve this dynamic routing?","[""Static routing, manually configuring routes on both sides of the VPN connection."",""Open Shortest Path First (OSPF) protocol for route advertisement."",""Border Gateway Protocol (BGP) for dynamic exchange of routing information."",""Routing Information Protocol (RIP) for simple routing updates.""]",51,17,mcq,"Option C (correct) is the standard routing protocol used for dynamic routing over AWS Site-to-Site VPN connections. Border Gateway Protocol (BGP) enables the dynamic exchange of routing information between your on-premises router and the AWS VPN endpoint. This allows routing tables to automatically update, providing resilience and flexibility. Option A (incorrect) static routing requires manual configuration of routes on both sides, which does not support dynamic updates and increases operational overhead for changes. Option B (incorrect) OSPF is an interior gateway protocol and is not typically used for external routing between different autonomous systems like an on-premises network and AWS over a VPN. Option D (incorrect) RIP is an older, simpler routing protocol that is less scalable and less commonly used for enterprise-grade VPN connections compared to BGP.",[2],null,null,m_51_1,null,2026-04-01 02:22:45.261679+00
7870b2bf-57a9-4ae2-9eb1-21fbb41e7589,mock_50_all_1775003086539,"A development team is building a new microservice application in an AWS VPC. They need to allow secure, private access to this application from an on-premises data center without exposing the application to the public internet or managing complex VPN routing. The solution must offer the LEAST operational overhead.","[""Implement AWS PrivateLink for the microservice, allowing on-premises systems to connect via AWS Direct Connect or AWS Site-to-Site VPN."",""Configure a NAT Gateway in the VPC and route on-premises traffic through it to access the microservice."",""Set up a dedicated Amazon EC2 instance as a proxy server in a public subnet to forward requests from on-premises to the microservice."",""Establish a VPC Peering connection between the application VPC and a transit VPC, then route on-premises traffic through the transit VPC.""]",52,1,mcq,"Option A (correct) provides a highly secure and private connection to services hosted in AWS from on-premises networks without exposing them to the public internet. AWS PrivateLink simplifies network architecture by eliminating the need for VPC peering, NAT gateways, or public IP addresses, significantly reducing operational overhead for managing connectivity. Option B (incorrect) is primarily used to allow instances in a private subnet to initiate outbound connections to the internet, not for inbound private access from on-premises. Option C (incorrect) introduces a single point of failure and requires manual management of the proxy server, increasing operational overhead and complexity. Option D (incorrect) would require managing VPC peering connections and complex routing, which is more operationally intensive than PrivateLink, especially if multiple services or VPCs are involved.",[0],null,null,m_52_1,null,2026-04-01 02:22:45.261679+00
af0bd9bf-e9bc-4f83-8b60-6ccbb479ff47,mock_50_all_1775003086539,"A large enterprise operates several AWS accounts, each with multiple VPCs, and needs to enable secure and scalable communication between these VPCs, including cross-account and cross-Region scenarios. The primary objective is to simplify network management and reduce the complexity of inter-VPC connectivity.","[""Establish individual VPC Peering connections between every pair of VPCs that need to communicate."",""Deploy an Amazon EC2 instance in each VPC to act as a routing proxy for inter-VPC traffic."",""Utilize AWS Transit Gateway to centralize routing between all VPCs and on-premises networks."",""Configure a software-defined networking (SDN) solution on EC2 instances to manage all inter-VPC routing.""]",52,2,mcq,"Option C (correct) is the most effective solution for centralizing routing between multiple VPCs, including cross-account and cross-Region, and on-premises networks. AWS Transit Gateway acts as a network hub, simplifying the overall network architecture by reducing the number of connections and centralizing routing policies, which significantly reduces management complexity. Option A (incorrect) leads to a 'mesh' network of VPC peering connections, which becomes unmanageable and complex as the number of VPCs grows (N*(N-1)/2 connections). Option B (incorrect) introduces a single point of failure, requires manual management, and does not scale well, increasing operational overhead. Option D (incorrect) would require significant effort to deploy, configure, and maintain, increasing operational overhead and requiring specialized expertise, which contradicts the goal of simplifying network management.",[2],null,null,m_52_1,null,2026-04-01 02:22:45.261679+00
2cb01cd4-48cb-4b67-a922-06431b18d8e8,mock_50_all_1775003086539,"A developer needs to connect an application running in a VPC to a third-party SaaS service hosted in another AWS account, ensuring private connectivity without traversing the public internet. The solution must MAXIMIZE security and MINIMIZE network complexity for the developer.","[""Configure a VPC Peering connection between the application VPC and the SaaS provider's VPC."",""Establish an AWS Site-to-Site VPN connection between the application VPC and the SaaS provider's VPC."",""Deploy a NAT Gateway in the application VPC and configure routes to the SaaS service's public IP address."",""Utilize AWS PrivateLink by creating a VPC endpoint service for the SaaS and a VPC endpoint in the application VPC.""]",52,3,mcq,"Option D (correct) is the ideal solution for this scenario. AWS PrivateLink allows consumers to privately connect to services hosted by other AWS accounts (service providers) without using public IP addresses, traversing the internet, or requiring VPC peering. This maximizes security by keeping traffic within the AWS network and minimizes network complexity as it only requires creating a VPC endpoint. Option A (incorrect) would require the SaaS provider to agree to a VPC peering connection, which is often not feasible due to security and routing concerns with sharing network space. Option B (incorrect) is designed for connecting on-premises networks to AWS VPCs, not for inter-VPC communication between different AWS accounts for SaaS services, and would add unnecessary complexity. Option C (incorrect) would route traffic over the public internet, violating the requirement for private connectivity and exposing the traffic to potential public internet risks.",[3],null,null,m_52_1,null,2026-04-01 02:22:45.261679+00
11c54c72-96aa-4196-bd52-d08840f67d44,mock_50_all_1775003086539,"A company has an on-premises data center connected to an AWS VPC via an AWS Site-to-Site VPN. They need to ensure that specific subnets in the VPC can communicate with specific subnets on-premises, and vice-versa, with dynamic routing. The primary constraint is to ENSURE dynamic routing updates and high availability.","[""Configure the AWS Site-to-Site VPN with BGP for dynamic routing and ensure redundant VPN tunnels are established."",""Manually configure static routes in both the VPC route tables and the on-premises router for each subnet."",""Use AWS Direct Connect as the primary connection method instead of AWS Site-to-Site VPN for dynamic routing."",""Deploy a custom routing appliance on an Amazon EC2 instance within the VPC to manage all routing decisions dynamically.""]",52,4,mcq,"Option A (correct) is the recommended approach for dynamic routing and high availability with AWS Site-to-Site VPN. Configuring BGP (Border Gateway Protocol) allows for automatic exchange of routing information between the VPC and the on-premises network, eliminating manual updates. Establishing redundant VPN tunnels (each Site-to-Site VPN connection provides two tunnels) ensures high availability by automatically failing over if one tunnel becomes unavailable. Option B (incorrect) is not scalable for dynamic environments and requires manual intervention for every route change, failing the 'dynamic routing updates' requirement. Option C (incorrect) while AWS Direct Connect does support dynamic routing, it is a different service and does not directly address the requirement for optimizing an existing Site-to-Site VPN setup for dynamic routing and high availability. Option D (incorrect) introduces a single point of failure, requires significant operational overhead for management and scaling, and is generally not recommended over native AWS VPN capabilities.",[0],null,null,m_52_1,null,2026-04-01 02:22:45.261679+00
994e4183-cb27-47d4-b218-5b1e2bf81ef5,mock_50_all_1775003086539,An application deployed across multiple VPCs in different AWS Regions needs to communicate securely and efficiently. The development team wants to MINIMIZE latency and operational overhead for inter-region traffic.,"[""Establish individual VPC Peering connections between each pair of VPCs in different Regions."",""Deploy an AWS Transit Gateway and attach all VPCs across the required Regions, enabling inter-Region peering."",""Use public internet routing with encrypted tunnels between EC2 instances in different Regions."",""Implement a software-defined wide area network (SD-WAN) solution running on EC2 instances in each VPC.""]",52,5,mcq,"Option B (correct) is the most efficient and scalable solution for inter-Region VPC communication. AWS Transit Gateway supports inter-Region peering, allowing VPCs in different Regions to communicate through a centralized hub, which simplifies routing and minimizes latency by leveraging the AWS global network backbone. This significantly reduces operational overhead compared to managing individual peering connections. Option A (incorrect) would lead to a complex mesh of VPC peering connections, which is difficult to manage and scale, especially across multiple Regions, increasing operational overhead. Option C (incorrect) routes traffic over the public internet, which can introduce higher and unpredictable latency, and does not meet the 'securely and efficiently' requirement as well as AWS's private network. Option D (incorrect) would require significant deployment, configuration, and maintenance effort for the SD-WAN solution, increasing operational overhead and complexity.",[1],null,null,m_52_1,null,2026-04-01 02:22:45.261679+00
5a436cd4-2f44-4573-a93d-2cf573af477f,mock_50_all_1775003086539,"A development team is experiencing intermittent connectivity issues with an Amazon EC2 instance in a private subnet. They suspect a misconfiguration in the network path, such as a missing route or an incorrect security group rule. They need to quickly identify the exact point of failure in the network path. Which AWS service should they use?","[""Analyze VPC Flow Logs to identify dropped packets."",""Use Amazon CloudWatch metrics to monitor network performance."",""Implement VPC Traffic Mirroring to capture and inspect network traffic."",""Utilize AWS Reachability Analyzer to determine network path reachability and pinpoint issues.""]",52,6,mcq,"Option D (correct) is specifically designed for this scenario. AWS Reachability Analyzer allows you to analyze and debug network reachability between two resources in your VPCs. It provides detailed path analysis, identifying if a path exists and, if not, precisely why (e.g., missing route, incorrect security group, ACL rule). Option A (incorrect) can show if packets are being dropped, but it doesn't provide a detailed path analysis to pinpoint the exact misconfiguration. Option B (incorrect) provides high-level performance metrics but doesn't offer the granular path analysis needed to diagnose specific routing or security group issues. Option C (incorrect) captures actual packet content, which is useful for deep inspection but is more complex to set up and analyze for simple reachability issues compared to Reachability Analyzer.",[3],null,null,m_52_2,null,2026-04-01 02:22:45.261679+00
56f9b23a-4e99-493f-9268-8cce91bd5009,mock_50_all_1775003086539,An application team suspects a misconfigured security group is blocking critical traffic to their Amazon EC2 instances. They need to capture and inspect the actual packet content for specific network interfaces associated with these instances to confirm the issue and identify the blocked traffic. Which AWS service would BEST facilitate this deep packet inspection?,"[""Configure VPC Traffic Mirroring to send a copy of network traffic to a packet analyzer instance."",""Enable VPC Flow Logs for the subnets where the EC2 instances reside and analyze the logs."",""Use AWS CloudWatch Network Insights to visualize network paths and identify potential bottlenecks."",""Run `tcpdump` directly on the EC2 instances to capture network traffic locally.""]",52,7,mcq,"Option A (correct) is the most suitable service for deep packet inspection. VPC Traffic Mirroring allows you to copy network traffic from an Elastic Network Interface (ENI) of an EC2 instance and send it to a packet inspection appliance (another EC2 instance running a packet analyzer like Wireshark) for detailed analysis of packet content. Option B (incorrect) provides metadata about network flows (source/destination IP, port, protocol, action) but does not capture the actual packet content, which is needed for deep inspection. Option C (incorrect) is for analyzing network paths and identifying potential issues, but it does not capture or allow inspection of actual packet content. Option D (incorrect) would require SSH access to the instances, installing `tcpdump`, and managing the captured files, which is less scalable and secure than a centralized mirroring solution, and might not be feasible if connectivity is completely blocked.",[0],null,null,m_52_2,null,2026-04-01 02:22:45.261679+00
0a172bfa-7429-4a35-af94-5959fb0b9d91,mock_50_all_1775003086539,A security team needs to audit all IP traffic flowing into and out of their VPCs to detect unusual patterns or unauthorized access attempts. They require comprehensive logging of all network flow information with minimal impact on application performance. The logs should be easily queryable for security analysis.,"[""Deploy a third-party network intrusion detection system (NIDS) on EC2 instances to monitor traffic."",""Enable VPC Flow Logs for all VPCs and publish them to Amazon CloudWatch Logs or Amazon S3."",""Use AWS Network Firewall to inspect all traffic and generate detailed logs for analysis."",""Configure AWS WAF on an Application Load Balancer to log all HTTP/HTTPS requests.""]",52,8,mcq,"Option B (correct) is the most appropriate solution for comprehensive logging of all IP traffic flows within VPCs with minimal performance impact. VPC Flow Logs capture metadata about IP traffic (source/destination IP, port, protocol, bytes, packets, action) and can be published to Amazon CloudWatch Logs for real-time analysis or Amazon S3 for long-term storage and querying, making them ideal for security auditing and pattern detection. Option A (incorrect) requires deploying and managing EC2 instances and the NIDS software, increasing operational overhead and potentially impacting performance. Option C (incorrect) is primarily for stateful inspection and filtering, not for comprehensive logging of all network flows, and its logs are more focused on firewall actions. Option D (incorrect) is specific to HTTP/HTTPS traffic at the application layer and would not capture all IP traffic flowing into and out of VPCs.",[1],null,null,m_52_2,null,2026-04-01 02:22:45.261679+00
4e1dd661-8373-43ca-a94b-eda4a192317e,mock_50_all_1775003086539,"A network administrator wants to centralize monitoring and management of their global network, including multiple VPCs, AWS Site-to-Site VPN connections, and AWS Direct Connect gateways across several AWS Regions. They need a service that can visualize the network topology and provide a single pane of glass for operational insights.","[""Use Amazon CloudWatch Dashboards to aggregate metrics from individual network components."",""Implement a custom solution using AWS Config to track network resource changes and visualize them."",""Leverage AWS Network Manager, integrated with AWS Transit Gateway, to provide a unified view of the global network."",""Deploy a third-party network monitoring tool on an EC2 instance to collect data from all network devices.""]",52,9,mcq,"Option C (correct) is specifically designed for this purpose. AWS Network Manager provides a centralized management console and API for your global network, including resources in AWS and on-premises. It integrates with AWS Transit Gateway to provide a unified view of your network topology, health, and performance, making it ideal for centralized monitoring and management. Option A (incorrect) can aggregate metrics but does not provide a comprehensive network topology visualization or centralized management capabilities across different network services. Option B (incorrect) is for tracking configuration changes and compliance, not for real-time network monitoring, topology visualization, or performance insights. Option D (incorrect) would require significant effort to deploy, configure, and maintain, increasing operational overhead and not leveraging native AWS integration for a unified view.",[2],null,null,m_52_2,null,2026-04-01 02:22:45.261679+00
5ca5279d-a9ab-4394-9519-755830ccd0ec,mock_50_all_1775003086539,"A developer needs to analyze network performance metrics for an application running on Amazon EC2 instances, specifically looking at packet loss, latency, and throughput, without deploying additional agents or complex tools. The goal is to obtain real-time network performance monitoring data.","[""Enable VPC Flow Logs and analyze the 'bytes' and 'packets' fields to infer throughput."",""Use `ping` and `traceroute` commands from a separate EC2 instance to measure latency and path."",""Install a third-party network monitoring agent on each EC2 instance to collect detailed metrics."",""Monitor Amazon CloudWatch metrics for EC2 instances, such as `NetworkIn`, `NetworkOut`, `PacketLoss`.""]",52,10,mcq,"Option D (correct) provides native, real-time network performance metrics for EC2 instances without requiring additional agents. Amazon CloudWatch automatically collects metrics like `NetworkIn`, `NetworkOut`, `NetworkPacketsIn`, `NetworkPacketsOut`, and `PacketLoss` (for specific instance types), which are essential for monitoring throughput and identifying packet loss. Option A (incorrect) provides flow metadata but does not directly offer real-time packet loss or latency metrics. Inferring throughput from bytes/packets in Flow Logs is indirect and not real-time. Option B (incorrect) provides point-in-time measurements from a specific source, but it's not a continuous, real-time monitoring solution for the instance itself. Option C (incorrect) would require installing, configuring, and maintaining agents, which goes against the 'without deploying additional agents' constraint and increases operational overhead.",[3],null,null,m_52_2,null,2026-04-01 02:22:45.261679+00
7de8448f-b9ba-42b0-88f3-b9f3b6eee270,mock_50_all_1775003086539,"A company needs to troubleshoot connectivity between an Amazon EC2 instance in a private subnet and an Amazon S3 endpoint, suspecting a routing issue that prevents the instance from reaching S3. They need a tool to verify the network path and identify specific routing problems or misconfigurations.","[""Utilize AWS Reachability Analyzer to trace the network path from the EC2 instance to the S3 endpoint."",""Examine the VPC Flow Logs for the subnet to see if traffic is being dropped or rejected."",""Check the Amazon S3 access logs to determine if requests are reaching the S3 bucket."",""Use `telnet` or `curl` from the EC2 instance to attempt a connection to the S3 endpoint and observe the outcome.""]",52,11,mcq,"Option A (correct) is the most effective tool for this specific scenario. AWS Reachability Analyzer can trace the network path from an EC2 instance to an Amazon S3 endpoint (via a VPC endpoint for S3), identifying any misconfigurations in route tables, network ACLs, security groups, or VPC endpoint policies that might be blocking connectivity. Option B (incorrect) can show if traffic is dropped but won't provide the detailed path analysis to pinpoint the exact routing or security rule causing the issue. Option C (incorrect) would only show if requests are successfully reaching S3, not why they might be failing to reach it. Option D (incorrect) can confirm a lack of connectivity but doesn't provide diagnostic information about *why* the connection is failing, which Reachability Analyzer does.",[0],null,null,m_52_2,null,2026-04-01 02:22:45.261679+00
c86e0101-0cc9-41e0-8b86-d247fb0df9ec,mock_50_all_1775003086539,"A compliance team requires a detailed record of all network traffic that traverses their VPCs for auditing purposes, stored in a cost-effective manner for long-term retention. They need to ensure the solution minimizes storage costs while meeting retention requirements.","[""Publish VPC Flow Logs to Amazon CloudWatch Logs and configure a long retention period."",""Enable VPC Flow Logs and publish them to an Amazon S3 bucket configured with lifecycle policies for cost-effective storage."",""Deploy a dedicated logging server on an Amazon EC2 instance to collect and store all network traffic data."",""Use AWS Config to track changes to network configurations and store the change history in Amazon S3.""]",52,12,mcq,"Option B (correct) is the most cost-effective and scalable solution for long-term retention of network flow data for auditing. Publishing VPC Flow Logs to Amazon S3 allows leveraging S3's cost-effective storage classes (e.g., S3 Glacier, S3 Glacier Deep Archive) and lifecycle policies to automatically transition data to lower-cost storage tiers or expire it after the required retention period. Option A (incorrect) can store logs for long periods, but Amazon CloudWatch Logs can be more expensive for very large volumes of long-term storage compared to Amazon S3 with lifecycle policies. Option C (incorrect) introduces significant operational overhead for managing the EC2 instance, storage, and scaling, making it less cost-effective and efficient than native AWS logging services. Option D (incorrect) tracks configuration changes, not actual network traffic data, and therefore does not meet the requirement for detailed records of network traffic.",[1],null,null,m_52_2,null,2026-04-01 02:22:45.261679+00
a55b05e3-b0c5-4ab4-99fd-2d1f3e7714c9,mock_50_all_1775003086539,"A high-performance computing (HPC) application running on Amazon EC2 instances requires extremely low-latency, high-throughput network communication between instances within the same cluster. The development team needs to MAXIMIZE network performance for inter-instance communication.","[""Ensure all EC2 instances are launched in the same Availability Zone and use Enhanced Networking with ENA."",""Configure jumbo frames on the EC2 instances to allow larger packet sizes for data transfer."",""Utilize Elastic Fabric Adapter (EFA) on supported EC2 instance types for high-performance computing workloads."",""Implement an AWS Transit Gateway to optimize routing paths between the EC2 instances.""]",52,13,mcq,"Option C (correct) is specifically designed for HPC workloads requiring extremely low-latency, high-throughput inter-instance communication. Elastic Fabric Adapter (EFA) is a network interface for EC2 instances that enables customers to run applications requiring high levels of inter-node communication at scale on AWS. It provides lower and more consistent latency and higher throughput than traditional TCP networking. Option A (incorrect) is a good practice for general high performance but ENA alone does not provide the specialized kernel-bypass networking capabilities of EFA for HPC. Option B (incorrect) can increase throughput by reducing packet overhead for large transfers but does not address the fundamental latency and throughput bottlenecks that EFA solves for HPC. Option D (incorrect) is for connecting multiple VPCs or on-premises networks and would introduce additional latency for inter-instance communication within the same cluster, making it unsuitable for this requirement.",[2],null,null,m_52_3,null,2026-04-01 02:22:45.261679+00
355cca6e-da44-4c0f-86fe-3332ab6ee85b,mock_50_all_1775003086539,A developer is deploying a public-facing web application that serves global users and needs to reduce latency for end-users accessing the application from various geographic locations. The solution must MINIMIZE end-user latency and improve global availability.,"[""Deploy the application in a single AWS Region and use a Content Delivery Network (CDN) like Amazon CloudFront."",""Set up a multi-Region active-active architecture with Amazon Route 53 for DNS failover."",""Utilize AWS Global Accelerator to direct user traffic to the closest healthy application endpoint."",""Implement a custom DNS solution with geo-location routing policies to direct users to regional endpoints.""]",52,14,mcq,"Option C (correct) is designed to improve the availability and performance of applications for global users. AWS Global Accelerator uses the AWS global network infrastructure to route user traffic to the closest healthy application endpoint, reducing internet 'hops' and network congestion, thereby minimizing end-user latency and improving availability. Option A (incorrect) primarily caches static content and improves content delivery, but for dynamic application traffic, it doesn't offer the same level of network path optimization as Global Accelerator. Option B (incorrect) is a robust high-availability strategy but relies on DNS resolution, which is cached by clients and can take time to update, potentially not providing the immediate network path optimization that Global Accelerator offers. Option D (incorrect) would require significant operational overhead to manage and maintain, and it might not leverage the optimized AWS global network as effectively as Global Accelerator.",[2],null,null,m_52_3,null,2026-04-01 02:22:45.261679+00
1b3285d5-5212-4cb4-a6e4-70c044987861,mock_50_all_1775003086539,"An application frequently transfers large files between Amazon EC2 instances within the same VPC. The development team wants to optimize network throughput by allowing larger packet sizes, which can reduce CPU overhead and improve efficiency for these transfers. Which network configuration should they implement?","[""Configure jumbo frames (MTU of 9001) on the EC2 instances' operating systems."",""Enable Enhanced Networking with Elastic Network Adapter (ENA) on the EC2 instances."",""Utilize Elastic Fabric Adapter (EFA) for specialized high-performance networking."",""Implement AWS Direct Connect between the EC2 instances for dedicated bandwidth.""]",52,15,mcq,"Option A (correct) is the appropriate configuration for optimizing network throughput for large file transfers between EC2 instances within the same VPC. Jumbo frames, with an MTU (Maximum Transmission Unit) of 9001 bytes, allow larger packets to be sent, which reduces the overhead of processing multiple smaller packets and can significantly improve throughput for large data transfers. Option B (incorrect) provides general-purpose high-performance networking but doesn't specifically address the packet size optimization for large transfers. Option C (incorrect) is for HPC workloads requiring extremely low-latency, not just general large file transfers, and might be an overkill or not suitable for the application's specific needs. Option D (incorrect) is for connecting on-premises networks to AWS, not for optimizing inter-instance communication within a VPC.",[0],null,null,m_52_3,null,2026-04-01 02:22:45.261679+00
3a0f5302-a3a1-44a2-bbe0-74ab47bb36c0,mock_50_all_1775003086539,"A developer needs to ensure that their Amazon EC2 instances can fully utilize the provisioned network bandwidth for general-purpose network traffic, without requiring specialized drivers or complex configurations. The goal is to ensure optimal network performance for standard traffic.","[""Configure jumbo frames on the EC2 instances to increase the Maximum Transmission Unit (MTU)."",""Deploy an Elastic Fabric Adapter (EFA) on the EC2 instances for HPC workloads."",""Enable Enhanced Networking with Elastic Network Adapter (ENA) on supported EC2 instance types."",""Use AWS Direct Connect to establish a dedicated network connection to the VPC.""]",52,16,mcq,"Option C (correct) is the standard method for achieving optimal network performance for general-purpose traffic on supported EC2 instance types. Enhanced Networking with Elastic Network Adapter (ENA) provides higher bandwidth, lower inter-instance latency, and better packet per second (PPS) performance without requiring specialized drivers or complex configurations from the user, as it's enabled by default on newer instance types. Option A (incorrect) is useful for large data transfers but doesn't provide the overall performance improvements of ENA for general traffic and requires specific configuration. Option B (incorrect) is for specialized HPC workloads and provides kernel-bypass networking, which is overkill and not suitable for general-purpose network traffic optimization. Option D (incorrect) is for hybrid cloud connectivity and does not improve the network performance between EC2 instances within a VPC.",[2],null,null,m_52_3,null,2026-04-01 02:22:45.261679+00
47d8098c-c1cc-420a-b641-3184c3db04b7,mock_50_all_1775003086539,A company hosts a public website with static and dynamic content. They want to reduce data transfer costs from their origin server (Amazon EC2 or Amazon S3) and improve content delivery speed for global users. Which AWS service should they use to achieve these goals MOST cost-effectively?,"[""Implement AWS Global Accelerator to route user traffic to the closest healthy endpoint."",""Configure Amazon Route 53 with latency-based routing to direct users to regional origins."",""Utilize Amazon CloudFront as a Content Delivery Network (CDN) to cache and deliver content."",""Deploy multiple Amazon EC2 instances in different Regions and use an Application Load Balancer.""]",52,17,mcq,"Option C (correct) is the most cost-effective and efficient solution for reducing data transfer costs and improving content delivery speed for a public website with static and dynamic content. Amazon CloudFront caches content at edge locations closer to users, reducing the load on the origin server and significantly lowering data transfer out costs from EC2 or S3. It also improves user experience by delivering content with lower latency. Option A (incorrect) is excellent for improving application availability and performance for dynamic traffic but is generally more expensive than CloudFront for static content delivery and cost reduction. Option B (incorrect) can improve latency by directing users to a closer origin but does not inherently reduce data transfer costs or cache content at the edge. Option D (incorrect) would increase infrastructure costs by deploying multiple EC2 instances and load balancers, and it would not provide the caching benefits or data transfer cost reduction of a CDN.",[2],null,null,m_52_3,null,2026-04-01 02:22:45.261679+00
4fb4e63a-26bf-4631-8bfe-912d984c0dba,mock_50_all_1775003086539,"A media company is streaming live events globally and needs to ensure low-latency, reliable delivery to viewers, even during periods of high network congestion. The solution must provide consistent performance and fault tolerance for a global audience.","[""Use AWS Global Accelerator to route traffic over the AWS global network to optimal endpoints."",""Configure Amazon CloudFront with live streaming optimizations to cache video segments at edge locations."",""Deploy a multi-Region Amazon EC2 Auto Scaling group with an Application Load Balancer in each Region."",""Implement a custom DNS solution with geo-proximity routing to direct users to the nearest streaming server.""]",52,18,mcq,"Option A (correct) is specifically designed for improving the performance and reliability of applications for global users, including live streaming. AWS Global Accelerator uses the AWS global network backbone, which is optimized for performance and congestion-free, to route user traffic to the closest healthy application endpoint. This provides consistent low latency and fault tolerance, crucial for live streaming. Option B (incorrect) is primarily for caching and delivering static or on-demand content, and while it has live streaming features, Global Accelerator offers superior network path optimization for the initial connection and dynamic traffic. Option C (incorrect) provides high availability for the application but does not optimize the network path from the user's device over the public internet to the AWS Region, which is where Global Accelerator excels. Option D (incorrect) relies on DNS resolution, which can be subject to caching and doesn't offer the same level of network path optimization and congestion avoidance as Global Accelerator's direct routing over the AWS network.",[0],null,null,m_52_3,null,2026-04-01 02:22:45.261679+00
40b1001b-2921-4b67-b28b-4041c13e7920,mock_50_all_1775003086539,A development team is building a new web application that needs to serve content over HTTPS with custom domain names. They require automatic certificate renewal and want to minimize operational overhead for certificate management. The application uses an Application Load Balancer (ALB) to distribute traffic to Amazon EC2 instances. Which approach meets these requirements with the LEAST operational overhead?,"[""Provision an SSL/TLS certificate using AWS Certificate Manager (ACM) and associate it with the Application Load Balancer."",""Generate a self-signed SSL/TLS certificate, upload it to AWS Identity and Access Management (IAM) certificate store, and associate it with the ALB."",""Purchase a certificate from a third-party Certificate Authority, manually upload it to the ALB, and set up a reminder for manual renewal."",""Configure Amazon EC2 instances to terminate SSL/TLS using certificates generated and managed by an open-source tool like Let's Encrypt.""]",53,1,mcq,"Option A (correct) is the most effective and operationally efficient solution. AWS Certificate Manager (ACM) allows you to easily provision, manage, and deploy public and private SSL/TLS certificates for use with AWS services like Application Load Balancers. ACM automatically renews certificates, significantly reducing operational overhead. Option B (incorrect) involves self-signed certificates, which are not trusted by browsers and would lead to security warnings for users. Option C (incorrect) requires manual certificate management, including uploading and renewal, which increases operational overhead and the risk of expired certificates. Option D (incorrect) shifts the certificate management burden to the EC2 instances, requiring custom setup and maintenance of renewal processes, which is more complex and has higher operational overhead than using ACM.",[0],null,null,m_53_3,null,2026-04-01 02:22:45.261679+00
ec81a3f1-5f08-423c-a29b-8558eddd4149,mock_50_all_1775003086539,A company needs to secure data in transit between its on-premises data center and an Amazon VPC over a dedicated AWS Direct Connect connection. The data contains sensitive customer information and must be encrypted end-to-end to meet compliance requirements. Which combination of services should a developer use to achieve this?,"[""Establish an AWS Direct Connect connection and configure a VPN over Direct Connect using AWS Site-to-Site VPN."",""Use only the AWS Direct Connect connection as it inherently encrypts all traffic passing through it."",""Set up an AWS Direct Connect connection and implement application-level encryption on the on-premises servers and EC2 instances."",""Create a Direct Connect connection and rely on Network Access Control Lists (NACLs) and Security Groups for encryption.""]",53,2,mcq,"Option A (correct) is the recommended approach for end-to-end encryption over AWS Direct Connect. While Direct Connect provides a private, dedicated network connection, it does not inherently encrypt data in transit. By configuring an AWS Site-to-Site VPN over the Direct Connect connection, IPsec encryption is applied, ensuring that all data is encrypted end-to-end between the on-premises network and the VPC. Option B (incorrect) is false; Direct Connect provides a private connection but does not encrypt traffic by default. Option C (incorrect) would provide encryption, but it shifts the complexity to the application layer, requiring custom implementation and management, which is less efficient and harder to enforce consistently than a network-level VPN. Option D (incorrect) is fundamentally flawed; NACLs and Security Groups provide stateless and stateful firewall rules, respectively, for traffic filtering, but they do not provide encryption for data in transit.",[0],null,null,m_53_3,null,2026-04-01 02:22:45.261679+00
3a1bcccc-557c-464f-a075-d3cb8e02b809,mock_50_all_1775003086539,"A developer is deploying an API using Amazon API Gateway that integrates with AWS Lambda functions. All API traffic must be encrypted using TLS 1.2 or higher, and the developer wants to ensure that client certificates are validated for mutual TLS authentication to enhance security. Which configuration should be implemented?","[""Configure a custom domain name for the API Gateway and enable mutual TLS authentication, providing a truststore of client certificates."",""Set up a Network Load Balancer (NLB) in front of API Gateway to handle TLS termination and client certificate validation."",""Implement client certificate validation logic within the AWS Lambda function code and use a custom authorizer."",""Use AWS WAF to inspect incoming requests for client certificates and block requests without valid certificates.""]",53,3,mcq,"Option A (correct) is the most straightforward and managed way to implement mutual TLS authentication with Amazon API Gateway. API Gateway supports mutual TLS for custom domain names, allowing you to provide a truststore of client certificates. API Gateway then handles the validation of client certificates, ensuring that only trusted clients can connect. Option B (incorrect) is not a standard or efficient way to implement mutual TLS with API Gateway. API Gateway itself can handle TLS termination and mutual TLS, making an NLB redundant and adding unnecessary complexity. Option C (incorrect) would work but significantly increases operational overhead and complexity for the developer, as they would need to manage certificate validation logic within their Lambda functions and custom authorizers. Option D (incorrect) is not a capability of AWS WAF. WAF is designed to filter web traffic based on rules like IP addresses, SQL injection, or cross-site scripting, but it does not perform client certificate validation for mutual TLS.",[0],null,null,m_53_3,null,2026-04-01 02:22:45.261679+00
fa4fd847-3e63-48f7-878f-beb31dd6a227,mock_50_all_1775003086539,"A media company hosts static assets, including images and videos, in an Amazon S3 bucket. They want to serve these assets globally through Amazon CloudFront over HTTPS, ensuring that all data transfer from S3 to CloudFront is also encrypted. What is the MOST secure and efficient way to configure this setup?","[""Configure CloudFront with an S3 origin, ensure the S3 bucket policy only allows access from CloudFront's Origin Access Control (OAC), and enforce HTTPS for viewer and origin connections."",""Set up CloudFront with an S3 origin, allow public read access on the S3 bucket, and configure CloudFront to only accept HTTPS requests from viewers."",""Use CloudFront with an S3 origin, enable server-side encryption for the S3 bucket, and ensure CloudFront uses HTTP for origin fetches to save cost."",""Create a custom origin for CloudFront using an Amazon EC2 instance that proxies requests to S3, and configure HTTPS on the EC2 instance.""]",53,4,mcq,"Option A (correct) provides the most secure and efficient configuration. Using an Origin Access Control (OAC) for CloudFront with an S3 origin ensures that CloudFront is the only entity that can access the S3 bucket, preventing direct public access to the origin. Enforcing HTTPS for both viewer and origin connections guarantees encryption for all data in transit from the client to CloudFront and from CloudFront to S3. Option B (incorrect) is less secure because allowing public read access on the S3 bucket means anyone can bypass CloudFront and access the content directly, potentially incurring unexpected costs and exposing the origin. Option C (incorrect) compromises security by using HTTP for origin fetches, meaning data between CloudFront and S3 would not be encrypted in transit, which violates the requirement. Option D (incorrect) adds unnecessary complexity and operational overhead by introducing an EC2 instance as a custom origin. CloudFront can directly integrate with S3 as an origin, making the EC2 proxy redundant and more expensive to manage.",[0],null,null,m_53_3,null,2026-04-01 02:22:45.261679+00
d6d8bfd9-2f2e-407d-ba44-bf2df324cfd0,mock_50_all_1775003086539,A startup is launching an e-commerce platform that uses an Amazon RDS for PostgreSQL database. They need to ensure that all connections from their application servers (running on EC2) to the database are encrypted to protect sensitive customer data. Which action should the developer take to meet this requirement with minimal configuration complexity?,"[""Configure the Amazon RDS for PostgreSQL instance to require SSL/TLS connections and update the application connection strings to use SSL/TLS."",""Implement a custom VPN tunnel between the EC2 instances and the RDS instance to encrypt all traffic."",""Deploy an AWS Network Firewall in front of the RDS instance to enforce encryption for all incoming traffic."",""Ensure the EC2 instances and RDS instance are in the same private subnet, as traffic within a private subnet is automatically encrypted.""]",53,5,mcq,"Option A (correct) is the standard and most straightforward method to encrypt connections to an Amazon RDS for PostgreSQL database. RDS supports SSL/TLS to encrypt connections, and by configuring the database to require SSL/TLS, all client connections must use encryption. The application then needs to be updated to use SSL/TLS in its connection string. Option B (incorrect) is overly complex and unnecessary. RDS already supports SSL/TLS, so creating a custom VPN tunnel adds significant operational overhead without providing additional security benefits over native SSL/TLS. Option C (incorrect) is not a valid use case for AWS Network Firewall. Network Firewall inspects and filters traffic at the VPC level, but it does not enforce or provide SSL/TLS encryption for database connections in the way RDS native SSL/TLS does. Option D (incorrect) is a common misconception. Traffic within a private subnet is not automatically encrypted; it is simply isolated from the public internet. Encryption for data in transit still needs to be explicitly configured, such as with SSL/TLS.",[0],null,null,m_53_3,null,2026-04-01 02:22:45.261679+00
b890dbc6-c6c3-40ca-b6a8-aba78ded0b10,mock_50_all_1775003086539,A financial institution is migrating a legacy application to AWS. This application requires strict network isolation and all internal communication between microservices must be encrypted using TLS. The microservices are deployed on Amazon ECS Fargate. Which approach ensures encrypted inter-service communication within the VPC with minimal service mesh overhead?,"[""Configure service discovery for ECS tasks and ensure applications are developed to initiate TLS connections to other services using their service names."",""Deploy AWS App Mesh with mutual TLS enabled for all microservices, managing certificates through AWS Certificate Manager."",""Implement a custom proxy sidecar container in each ECS task that handles TLS encryption and decryption for inter-service communication."",""Place all ECS Fargate tasks in private subnets and rely on Security Groups to restrict traffic, assuming traffic within private subnets is encrypted.""]",53,6,mcq,"Option A (correct) is the most direct way to achieve encrypted inter-service communication with minimal overhead, especially for applications that can be updated. By using service discovery (e.g., AWS Cloud Map) and configuring applications to initiate TLS connections, the encryption is handled at the application layer, leveraging standard TLS libraries. This avoids the overhead of a full service mesh if only encryption is the primary concern. Option B (incorrect) would provide robust mutual TLS but introduces the overhead of AWS App Mesh, which is a full service mesh solution. While powerful, it might be more than 'minimal overhead' if only TLS encryption is needed. Option C (incorrect) increases operational complexity significantly. Managing custom proxy sidecars for each service adds development, deployment, and maintenance burden, making it less desirable than native application-level TLS or a managed service mesh. Option D (incorrect) is incorrect. Placing tasks in private subnets and using Security Groups provides network isolation and traffic filtering, but it does not encrypt the traffic itself. Traffic within private subnets is not automatically encrypted.",[0],null,null,m_53_3,null,2026-04-01 02:22:45.261679+00
421dafdc-6ef9-4fc2-8e9d-a254a230f19f,mock_50_all_1775003086539,A developer is building a serverless application that uses Amazon SQS as a message queue. Messages contain sensitive data and must be encrypted both at rest and in transit when sent to and received from the queue. Which combination of features should be enabled to meet these encryption requirements with minimal effort?,"[""Enable Server-Side Encryption (SSE) for Amazon SQS using AWS Key Management Service (AWS KMS) and ensure all client applications connect to SQS using HTTPS endpoints."",""Implement client-side encryption for all messages before sending them to SQS and configure SQS to use HTTP endpoints for reduced latency."",""Store sensitive data in Amazon S3 with SSE-S3 and only store references to the S3 objects in SQS messages, using HTTP for SQS connections."",""Configure SQS queue policies to deny any message that is not pre-encrypted by the sending application using a custom encryption algorithm.""]",53,7,mcq,"Option A (correct) is the most effective and straightforward way to achieve both at-rest and in-transit encryption for Amazon SQS messages. Enabling Server-Side Encryption (SSE) with AWS KMS ensures that messages are encrypted when stored in the SQS queue. By ensuring client applications use HTTPS endpoints, all data exchanged between the client and SQS is encrypted in transit using TLS. This approach leverages managed AWS services, minimizing developer effort. Option B (incorrect) requires the developer to implement and manage client-side encryption, which adds significant complexity and operational overhead. Additionally, using HTTP endpoints would mean data is not encrypted in transit, violating a key requirement. Option C (incorrect) introduces unnecessary complexity by involving S3 for data storage, which might be suitable for large payloads but not for general message encryption, and still fails the in-transit encryption requirement for SQS messages themselves if HTTP is used. Option D (incorrect) is not a native capability of SQS queue policies. While policies can control access, they cannot enforce or validate custom application-level encryption algorithms, and this approach would require significant custom development.",[0],null,null,m_53_3,null,2026-04-01 02:22:45.261679+00
426bdf8d-2e95-4853-a157-95634805ea7e,mock_50_all_1775003086539,"A company is deploying a public-facing web application on Amazon EC2 instances behind an Application Load Balancer. They need to protect the application from common web exploits, such as SQL injection and cross-site scripting, and also mitigate large-scale DDoS attacks. Which AWS services should be used to meet these requirements?","[""AWS WAF and AWS Shield Advanced."",""Amazon GuardDuty and AWS Security Hub."",""AWS Network Firewall and Amazon Inspector."",""Security Groups and Network Access Control Lists (NACLs).""]",53,8,mcq,"Option A (correct) provides the necessary protection. AWS WAF (Web Application Firewall) protects web applications from common web exploits that could affect application availability, compromise security, or consume excessive resources, such as SQL injection and cross-site scripting. AWS Shield Advanced provides enhanced DDoS attack protection, including automatic detection and mitigation for volumetric and state-exhaustion attacks, along with access to the AWS DDoS Response Team. Option B (incorrect) focuses on threat detection (GuardDuty) and security posture management (Security Hub), which are important but do not directly protect against web exploits or provide real-time DDoS mitigation for web applications. Option C (incorrect) includes AWS Network Firewall for centralized network traffic filtering and Amazon Inspector for vulnerability scanning, neither of which directly addresses web exploits or large-scale DDoS attacks on web applications. Option D (incorrect) provides fundamental network-level traffic filtering (Security Groups and NACLs) but does not offer protection against web exploits or advanced DDoS mitigation capabilities.",[0],null,null,m_53_1,null,2026-04-01 02:22:45.261679+00
91981627-07af-4c48-91fc-8e3f95a2cb9a,mock_50_all_1775003086539,A development team needs to restrict inbound and outbound network traffic for their Amazon EC2 instances to specific IP addresses and ports. They want to apply security rules at the instance level and also at the subnet level for an additional layer of defense. Which combination of AWS networking features should they use?,"[""Security Groups for instance-level control and Network Access Control Lists (NACLs) for subnet-level control."",""AWS Network Firewall for instance-level control and Security Groups for subnet-level control."",""VPC Flow Logs for instance-level control and Amazon GuardDuty for subnet-level control."",""AWS WAF for instance-level control and AWS Shield for subnet-level control.""]",53,9,mcq,"Option A (correct) is the appropriate combination. Security Groups act as a virtual firewall for EC2 instances, controlling inbound and outbound traffic at the instance level. They are stateful, meaning if you allow inbound traffic, outbound return traffic is automatically allowed. Network Access Control Lists (NACLs) operate at the subnet level and are stateless, meaning you must explicitly allow both inbound and outbound rules. NACLs provide an additional, coarser layer of defense. Option B (incorrect) misuses AWS Network Firewall, which operates at the VPC level for centralized traffic inspection, not instance-level control. Security Groups are for instance-level, not subnet-level control. Option C (incorrect) uses monitoring and threat detection services (VPC Flow Logs and GuardDuty) which do not provide active traffic restriction. Option D (incorrect) uses web application and DDoS protection services (AWS WAF and AWS Shield) which are not designed for granular IP/port-based network access control at the instance or subnet level.",[0],null,null,m_53_1,null,2026-04-01 02:22:45.261679+00
e1de6176-fa0f-44fa-805c-204c65f58e85,mock_50_all_1775003086539,A security-conscious organization requires strict control over all outbound traffic from its Amazon VPC to the internet. They need to inspect and filter traffic based on fully qualified domain names (FQDNs) and apply intrusion prevention system (IPS) rules. Which AWS service is best suited to meet these requirements?,"[""AWS Network Firewall."",""Amazon VPC Security Groups."",""AWS WAF."",""Amazon Route 53 Resolver DNS Firewall.""]",53,10,mcq,"Option A (correct) is the most suitable service. AWS Network Firewall is a managed service that makes it easier to deploy, set up, and scale network firewalls in your VPC. It provides deep packet inspection, intrusion prevention and detection, and filtering capabilities, including FQDN-based filtering for outbound traffic. Option B (incorrect) provides stateful packet filtering at the instance level but does not support FQDN-based filtering or advanced IPS capabilities. Option C (incorrect) is a web application firewall that protects against common web exploits at the application layer (HTTP/HTTPS), not general outbound VPC traffic filtering with FQDN or IPS rules. Option D (incorrect) is specifically designed to filter DNS queries at the VPC level, preventing resolution of malicious domains, but it does not inspect or filter the actual network traffic based on FQDNs or provide IPS functionality.",[0],null,null,m_53_1,null,2026-04-01 02:22:45.261679+00
be026cd2-69da-4fa0-a1b2-ce1bf18eab6a,mock_50_all_1775003086539,"A developer is building a serverless application that uses AWS Lambda to process data stored in Amazon S3. The Lambda function needs to access S3 privately without traversing the public internet, and the developer wants to ensure that only specific Lambda functions can access the S3 bucket. Which combination of services and configurations should be implemented?","[""Configure a VPC endpoint for Amazon S3 within the Lambda function's VPC and attach an endpoint policy that restricts access to specific IAM roles used by the Lambda functions."",""Deploy a NAT Gateway in the Lambda function's VPC to route S3 traffic privately and use S3 bucket policies to restrict access."",""Create a Direct Connect connection between the Lambda execution environment and Amazon S3 to ensure private access."",""Enable public access for the S3 bucket and configure the Lambda function's Security Group to allow outbound access to S3's public IP ranges.""]",53,11,mcq,"Option A (correct) is the most secure and efficient solution. A VPC endpoint for Amazon S3 allows Lambda functions (when configured within a VPC) to access S3 privately without traversing the internet. Attaching an endpoint policy to the S3 VPC endpoint, in conjunction with IAM roles for the Lambda functions, provides fine-grained control, ensuring only authorized Lambda functions can access the S3 bucket. Option B (incorrect) would allow private S3 access via a NAT Gateway, but it incurs NAT Gateway costs and does not provide the fine-grained access control at the endpoint level that a VPC endpoint policy offers. S3 bucket policies would still be needed but the endpoint policy adds another layer. Option C (incorrect) is impractical and unnecessary. Direct Connect is for connecting on-premises networks to AWS, not for internal AWS service communication. Lambda functions access S3 via the AWS network. Option D (incorrect) is highly insecure. Enabling public access for the S3 bucket is a major security risk and should be avoided for sensitive data. Relying on Security Groups to filter public S3 IP ranges is not a robust or secure solution for private access.",[0],null,null,m_53_1,null,2026-04-01 02:22:45.261679+00
a114fdf5-dd3c-4611-a1ae-5d814a6c8cc9,mock_50_all_1775003086539,"A company operates a multi-tier application in an Amazon VPC, consisting of public web servers, private application servers, and a database tier. They need to ensure that the application servers can only communicate with the database servers on specific ports, and web servers can only communicate with application servers. Which AWS networking feature is primarily used to enforce these communication policies?","[""Amazon VPC Security Groups."",""Network Access Control Lists (NACLs)."",""AWS Network Firewall."",""Amazon Route 53 Resolver DNS Firewall.""]",53,12,mcq,"Option A (correct) is the primary and most effective feature for enforcing communication policies between different tiers of an application within a VPC. Security Groups act as stateful firewalls at the instance or ENI level, allowing you to specify inbound and outbound rules based on IP addresses, ports, and other security groups. This allows for precise control over which instances can communicate with each other. Option B (incorrect) provides stateless packet filtering at the subnet level. While NACLs can be used, Security Groups are generally preferred for instance-level communication control due to their stateful nature and ability to reference other security groups. Using NACLs for this granular control would require managing many inbound and outbound rules. Option C (incorrect) is a centralized firewall service for VPC traffic inspection and filtering, which is powerful but typically used for broader VPC ingress/egress control, not primarily for fine-grained inter-instance communication within application tiers. Option D (incorrect) is for filtering DNS queries and does not control network traffic flow between application tiers.",[0],null,null,m_53_1,null,2026-04-01 02:22:45.261679+00
90c1bdd5-cecc-4bb8-8e78-ccb9d930b6e1,mock_50_all_1775003086539,"A gaming company experiences frequent, large-scale volumetric DDoS attacks that impact their game servers hosted on Amazon EC2. They need a service that provides automatic detection and mitigation of these attacks, along with a dedicated response team. Which AWS service is specifically designed to meet these requirements?","[""AWS Shield Advanced."",""AWS WAF."",""Amazon GuardDuty."",""AWS Firewall Manager.""]",53,13,mcq,"Option A (correct) is the service specifically designed for this scenario. AWS Shield Advanced provides always-on detection and automatic inline mitigations for large-scale DDoS attacks. It also includes access to the 24/7 AWS DDoS Response Team (DRT) for expert assistance during an attack. Option B (incorrect) is a web application firewall that protects against common web exploits (e.g., SQL injection, XSS) and can mitigate some application-layer DDoS attacks, but it does not provide the comprehensive volumetric DDoS protection or DRT access offered by Shield Advanced. Option C (incorrect) is a threat detection service that monitors for malicious activity and unauthorized behavior, but it does not provide real-time, inline DDoS mitigation. Option D (incorrect) is a security management service that helps centrally configure and manage WAF rules, Shield Advanced protections, and other security policies across multiple accounts and resources, but it is not a direct DDoS mitigation service itself.",[0],null,null,m_53_1,null,2026-04-01 02:22:45.261679+00
059cd141-5d1e-45aa-b357-9dbbc7eca023,mock_50_all_1775003086539,A developer needs to create a highly available and secure perimeter for a set of internal applications within a VPC. They want to use a centralized firewall solution that can be managed programmatically and apply consistent security policies across multiple subnets. Which AWS service should be used?,"[""AWS Network Firewall."",""Amazon VPC Security Groups."",""AWS WAF."",""Network Access Control Lists (NACLs).""]",53,14,mcq,"Option A (correct) is the ideal service for this requirement. AWS Network Firewall is a managed service that allows you to deploy highly available network firewalls in your VPCs. It provides centralized control over network traffic, supports programmatic management, and can apply consistent security policies across multiple subnets, including intrusion prevention and detection. Option B (incorrect) provides instance-level firewalls and while essential, it is not a centralized firewall solution for an entire VPC perimeter and managing them across many instances can become complex. Option C (incorrect) is a web application firewall designed to protect web applications at the HTTP/HTTPS layer, not for general network perimeter security within a VPC. Option D (incorrect) provides stateless subnet-level filtering, but it lacks the advanced features, centralized management, and programmatic control offered by AWS Network Firewall for a secure perimeter.",[0],null,null,m_53_1,null,2026-04-01 02:22:45.261679+00
8085adca-6e28-4a2c-a6e5-7ddfad462cd9,mock_50_all_1775003086539,"A development team needs to detect suspicious activity, such as unauthorized access attempts or unusual resource provisioning, in real-time. They want to create alerts based on specific patterns found in their AWS CloudTrail logs and receive notifications. Which combination of services should be used to achieve this?","[""Configure CloudTrail to send logs to Amazon CloudWatch Logs, create CloudWatch Metric Filters for specific patterns, and set up CloudWatch Alarms to send notifications via Amazon SNS."",""Enable Amazon GuardDuty to monitor CloudTrail logs and automatically send findings to AWS Security Hub for alerting."",""Stream CloudTrail logs directly to an Amazon Kinesis Data Firehose delivery stream and process them with an AWS Lambda function to send alerts."",""Use AWS Config rules to monitor CloudTrail log file integrity and send notifications when changes are detected.""]",53,17,mcq,"Option A (correct) is the standard and most efficient way to implement real-time alerting based on CloudTrail logs. CloudTrail can be configured to send logs to CloudWatch Logs. Within CloudWatch Logs, Metric Filters can extract specific patterns (e.g., failed login attempts, unauthorized API calls) from the log data. These metric filters then feed into CloudWatch Alarms, which can trigger notifications via Amazon SNS when thresholds are breached. Option B (incorrect) is a valid security practice, as GuardDuty does monitor CloudTrail for malicious activity and sends findings to Security Hub. However, GuardDuty's focus is on threat detection, not on custom pattern matching and alerting for *any* specific pattern the developer defines in CloudTrail logs. It's a different, albeit complementary, solution. Option C (incorrect) is a valid approach for advanced, custom log processing and alerting, but it introduces more operational overhead (managing Lambda code, Kinesis stream) compared to the fully managed CloudWatch Logs/Metrics/Alarms solution for this specific requirement. Option D (incorrect) is for monitoring configuration changes and compliance, not for real-time pattern-based alerting on API call activity. While CloudTrail log file integrity is important, this option doesn't address the real-time detection of suspicious API calls.",[0],null,null,m_53_2,null,2026-04-01 02:22:45.261679+00
24bca1e7-6f02-4cdf-977d-489a2df9f8c4,mock_50_all_1775003086539,A company needs to analyze network traffic for deep packet inspection and threat detection without impacting the performance of their production applications. They want to mirror traffic from specific Amazon EC2 instances to a security appliance. Which AWS service is designed for this capability?,"[""Amazon VPC Traffic Mirroring."",""Amazon VPC Flow Logs."",""AWS Network Firewall."",""Amazon GuardDuty.""]",53,18,mcq,"Option A (correct) is the service specifically designed for this purpose. Amazon VPC Traffic Mirroring allows you to copy network traffic from an Elastic Network Interface (ENI) of an EC2 instance and send it to a destination for out-of-band inspection, such as a security appliance or another ENI. This enables deep packet inspection and threat detection without affecting the performance of the production application instances. Option B (incorrect) captures metadata about IP traffic (source/destination IPs, ports, protocols) but does not provide the full packet content required for deep packet inspection. Option C (incorrect) is an inline network firewall that inspects and filters traffic, but it's not primarily for mirroring traffic to an external appliance for passive analysis. Option D (incorrect) is a threat detection service that analyzes various data sources, including VPC Flow Logs, but it does not provide the capability to mirror raw network traffic for deep packet inspection by an external appliance.",[0],null,null,m_53_2,null,2026-04-01 02:22:45.261679+00
f57c65c2-10fa-4940-a768-49dd75e3480e,mock_50_all_1775003086539,A compliance officer needs to ensure that all Amazon S3 buckets are encrypted and that public access is blocked. They require an automated way to audit S3 bucket configurations against predefined security standards and receive notifications for non-compliant resources. Which AWS service should be used for continuous auditing and enforcement?,"[""AWS Config."",""Amazon Macie."",""AWS Trusted Advisor."",""Amazon Inspector.""]",53,19,mcq,"Option A (correct) is the ideal service for continuous auditing and enforcement of resource configurations. AWS Config allows you to assess, audit, and evaluate the configurations of your AWS resources. You can define custom rules or use managed rules (e.g., `s3-bucket-public-read-prohibited`, `s3-bucket-server-side-encryption-enabled`) to check for compliance. When a resource becomes non-compliant, AWS Config can trigger notifications via Amazon SNS. Option B (incorrect) is a data security and privacy service that uses machine learning to discover, classify, and protect sensitive data in S3, but it does not primarily audit S3 bucket configurations for public access or encryption status. Option C (incorrect) provides recommendations for optimizing AWS resources in terms of cost, performance, security, fault tolerance, and service limits. While it has some security checks, it's not designed for continuous, rule-based auditing and notification for specific configuration compliance. Option D (incorrect) is an automated security assessment service that helps improve the security and compliance of applications deployed on EC2 instances by identifying vulnerabilities and deviations from best practices, not for S3 bucket configuration auditing.",[0],null,null,m_53_2,null,2026-04-01 02:22:45.261679+00
783b9d76-94d0-4cb2-b0a8-6309e4790058,mock_50_all_1775003086539,"A security operations center (SOC) needs to collect and analyze security logs from multiple AWS accounts and services, including CloudTrail, VPC Flow Logs, and AWS WAF logs. They require a centralized, scalable solution for log ingestion and analysis. Which combination of services provides the MOST cost-effective and scalable solution for this requirement?","[""Configure all services to send logs to Amazon S3, use Amazon Athena for querying, and optionally Amazon QuickSight for visualization."",""Stream all logs to Amazon Kinesis Data Firehose, which then delivers them to Amazon OpenSearch Service for indexing and analysis."",""Send all logs to Amazon CloudWatch Logs, then export them to an on-premises SIEM solution for analysis."",""Deploy a fleet of Amazon EC2 instances with custom logging agents to collect logs and store them in an Amazon RDS database for querying.""]",53,20,mcq,"Option A (correct) provides a highly cost-effective and scalable solution for centralized log ingestion and analysis. Sending all logs to Amazon S3 leverages S3's durability, scalability, and cost-effectiveness for storage. Amazon Athena allows for serverless, ad-hoc querying of logs directly in S3 using standard SQL, making it very cost-effective as you only pay for the data scanned. QuickSight can then be used for visualization. This approach minimizes operational overhead compared to managing indexing clusters. Option B (incorrect) is a valid solution for real-time analysis but can be significantly more expensive due to the operational cost of Amazon OpenSearch Service clusters, especially for large volumes of logs. Option C (incorrect) involves exporting logs to an on-premises SIEM, which adds complexity, network costs, and potentially licensing fees for the SIEM, making it less cost-effective and scalable than a fully cloud-native solution. Option D (incorrect) is an anti-pattern for centralized logging. Deploying EC2 instances and an RDS database for log collection and storage introduces significant operational overhead, scaling challenges, and higher costs compared to managed, serverless logging solutions.",[0],null,null,m_53_2,null,2026-04-01 02:22:45.261679+00
c9faf179-90db-472d-acd6-eaf4b971a922,aws_certified_advanced_networking__specialty_ansc01_sfgd20,"What Route 53 feature allows you to point a DNS record to an AWS resource like an ELB or S3 bucket, automatically resolving to its underlying IP and often not incurring DNS query charges?","[""CNAME record"",""Alias record"",""PTR record"",""NS record""]",50,17,mcq,"**CORRECT ANSWER: Option B (Index 1)**

Route 53 alias records provide a Route 53-specific extension to DNS

✓ Why this option is correct:
• Uses the specific AWS service or pattern designed precisely for this problem type
• Covers all aspects mentioned in the scenario without gaps
• Includes necessary components for monitoring, scaling, and security
• Implements patterns recommended by AWS for production workloads
• Provides cost optimization and operational efficiency
• Integrates seamlessly with other AWS services

**Why Other Options Are Incorrect:**

Option A (INCORRECT):
✗ This approach is outdated and doesn't align with AWS best practices.

Option C (INCORRECT):
✗ While this option addresses part of the requirement, it leaves critical gaps
✗ You would need to combine this with other services to complete the solution
✗ The partial coverage means this cannot stand alone as a complete solution
✗ Critical aspects of the scenario would remain unaddressed

Option D (INCORRECT):
✗ This option doesn't provide a complete solution.",[1],null,null,m_50_2,null,2026-03-11 01:41:54.116876+00
ecfd8f33-5115-413a-a8a7-cce568ecf0ac,aws_certified_advanced_networking__specialty_ansc01_sfgd20,A company wants to monitor all network traffic between EC2 instances within a VPC for security inspection. Which AWS service is best suited for capturing this traffic for deep packet inspection?,"[""VPC Flow Logs"",""Traffic Mirroring"",""CloudWatch Logs"",""Transit Gateway Network Manager""]",50,1,mcq,"**CORRECT ANSWER: Option B (Index 1)**

Traffic Mirroring enables you to copy network traffic from an Elastic Network Interface (ENI) of an EC2 instance and forward it to a monitoring appliance for deep packet inspection, anomaly detection, and threat analysis

✓ Why this option is correct:
• Uses the specific AWS service or pattern designed precisely for this problem type
• Covers all aspects mentioned in the scenario without gaps
• Includes necessary components for monitoring, scaling, and security
• Implements patterns recommended by AWS for production workloads
• Provides cost optimization and operational efficiency
• Integrates seamlessly with other AWS services

**Why Other Options Are Incorrect:**

Option A (INCORRECT):
✗ This approach is outdated and doesn't align with AWS best practices.

Option C (INCORRECT):
✗ While this option addresses part of the requirement, it leaves critical gaps
✗ You would need to combine this with other services to complete the solution
✗ The partial coverage means this cannot stand alone as a complete solution
✗ Critical aspects of the scenario would remain unaddressed

Option D (INCORRECT):
✗ This option doesn't provide a complete solution.",[1],null,null,m_50_4,null,2026-03-11 01:41:54.116876+00
f0df004f-2b4f-4e8f-9266-5ba4d23a3a2b,aws_certified_advanced_networking__specialty_ansc01_sfgd20,"Which AWS tool provides a way to verify network path connectivity between a source and a destination, considering various network configurations like security groups and Network ACLs (NACLs)?","[""CloudWatch Alarms"",""Transit Gateway Network Manager"",""VPC Flow Logs"",""Reachability Analyzer""]",50,2,mcq,"**CORRECT ANSWER: Option D (Index 3)**

Reachability Analyzer is a network diagnostics tool that enables you to check network reachability between two resources in your VPCs

✓ Why this option is correct:
• Uses the specific AWS service or pattern designed precisely for this problem type
• Covers all aspects mentioned in the scenario without gaps
• Includes necessary components for monitoring, scaling, and security
• Implements patterns recommended by AWS for production workloads
• Provides cost optimization and operational efficiency
• Integrates seamlessly with other AWS services

**Why Other Options Are Incorrect:**

Option A (INCORRECT):
✗ This approach is outdated and doesn't align with AWS best practices.

Option B (INCORRECT):
✗ While this service exists, it serves a different primary purpose
✗ Attempting to use this service would require significant workarounds
✗ The service lacks key features needed for this specific scenario
✗ Performance and cost would be suboptimal compared to the correct choice

Option C (INCORRECT):
✗ While this option addresses part of the requirement, it leaves critical gaps
✗ You would need to combine this with other services to complete the solution
✗ The partial coverage means this cannot stand alone as a complete solution
✗ Critical aspects of the scenario would remain unaddressed",[3],null,null,m_50_4,null,2026-03-11 01:41:54.116876+00
16a7fee2-1fd9-4dd9-b3c4-ecc2ea9684f9,aws_certified_advanced_networking__specialty_ansc01_sfgd20,"To gain real-time visibility into the operational health and performance of a hybrid network, what is the recommended service for consolidating monitoring data from Transit Gateways and on-premises connections?","[""CloudWatch metrics"",""VPC Flow Logs"",""Transit Gateway Network Manager"",""CloudFront access logs""]",50,3,mcq,"**CORRECT ANSWER: Option C (Index 2)**

Transit Gateway Network Manager provides a centralized console to monitor and manage your global network across AWS and on-premises environments, offering visibility into the health and performance of your network connections

✓ Why this option is correct:
• Uses the specific AWS service or pattern designed precisely for this problem type
• Covers all aspects mentioned in the scenario without gaps
• Includes necessary components for monitoring, scaling, and security
• Implements patterns recommended by AWS for production workloads
• Provides cost optimization and operational efficiency
• Integrates seamlessly with other AWS services

**Why Other Options Are Incorrect:**

Option A (INCORRECT):
✗ This approach is outdated and doesn't align with AWS best practices.

Option B (INCORRECT):
✗ While this service exists, it serves a different primary purpose
✗ Attempting to use this service would require significant workarounds
✗ The service lacks key features needed for this specific scenario
✗ Performance and cost would be suboptimal compared to the correct choice

Option D (INCORRECT):
✗ This option doesn't provide a complete solution.",[2],null,null,m_50_4,null,2026-03-11 01:41:54.116876+00
fef6154b-1f40-4530-9b43-f061ee1c23dc,aws_certified_advanced_networking__specialty_ansc01_sfgd20,An administrator needs to track all client IP addresses accessing a web application hosted on an Application Load Balancer. Which logging feature should be enabled to capture this information effectively?,"[""VPC Flow Logs for the ALB subnets"",""CloudWatch metrics for the ALB"",""ELB access logs"",""Traffic Mirroring on the ALB interfaces""]",50,4,mcq,"**CORRECT ANSWER: Option C (Index 2)**

Elastic Load Balancing (ELB) access logs capture detailed information about requests sent to your load balancer, including the client IP address, request type, response, and latency, which is essential for auditing and analysis

✓ Why this option is correct:
• Uses the specific AWS service or pattern designed precisely for this problem type
• Covers all aspects mentioned in the scenario without gaps
• Includes necessary components for monitoring, scaling, and security
• Implements patterns recommended by AWS for production workloads
• Provides cost optimization and operational efficiency
• Integrates seamlessly with other AWS services

**Why Other Options Are Incorrect:**

Option A (INCORRECT):
✗ This approach is outdated and doesn't align with AWS best practices.

Option B (INCORRECT):
✗ While this service exists, it serves a different primary purpose
✗ Attempting to use this service would require significant workarounds
✗ The service lacks key features needed for this specific scenario
✗ Performance and cost would be suboptimal compared to the correct choice

Option D (INCORRECT):
✗ This option doesn't provide a complete solution.",[2],null,null,m_50_4,null,2026-03-11 01:41:54.116876+00
29ddc303-beb7-44d6-b463-394a5073edef,aws_certified_advanced_networking__specialty_ansc01_sfgd20,"A company requires highly resilient, low-latency connectivity between its on-premises data center and AWS. Which combination provides the most robust primary and backup network connection solution?","[""Site-to-Site VPN only"",""Direct Connect with a separate Direct Connect as backup"",""Direct Connect with a Site-to-Site VPN as backup"",""Internet Gateway with a VPN connection""]",50,5,mcq,"**CORRECT ANSWER: Option C (Index 2)**

Designing redundant Direct Connect with a Site-to-Site VPN as a backup provides both high bandwidth, low-latency primary connectivity and a resilient, encrypted failover path over the public internet

✓ Why this option is correct:
• Uses the specific AWS service or pattern designed precisely for this problem type
• Covers all aspects mentioned in the scenario without gaps
• Includes necessary components for monitoring, scaling, and security
• Implements patterns recommended by AWS for production workloads
• Provides cost optimization and operational efficiency
• Integrates seamlessly with other AWS services

**Why Other Options Are Incorrect:**

Option A (INCORRECT):
✗ This approach is outdated and doesn't align with AWS best practices.

Option B (INCORRECT):
✗ While this service exists, it serves a different primary purpose
✗ Attempting to use this service would require significant workarounds
✗ The service lacks key features needed for this specific scenario
✗ Performance and cost would be suboptimal compared to the correct choice

Option D (INCORRECT):
✗ This option doesn't provide a complete solution.",[2],null,null,m_50_5,null,2026-03-11 01:41:54.116876+00
203cc8a0-86b7-4875-85f8-bdba70cbfed3,aws_certified_advanced_networking__specialty_ansc01_sfgd20,Which feature of Transit Gateway allows for native integration with SD-WAN appliances using industry-standard protocols like GRE and IPsec for enhanced network connectivity?,"[""Transit Gateway peering"",""Transit Gateway Network Manager"",""Transit Gateway Connect"",""Resource Access Manager (RAM)""]",50,6,mcq,"**CORRECT ANSWER: Option C (Index 2)**

Transit Gateway Connect allows customers to integrate their SD-WAN appliances with Transit Gateway, supporting Generic Routing Encapsulation (GRE) and IPsec for native SD-WAN connectivity

✓ Why this option is correct:
• Uses the specific AWS service or pattern designed precisely for this problem type
• Covers all aspects mentioned in the scenario without gaps
• Includes necessary components for monitoring, scaling, and security
• Implements patterns recommended by AWS for production workloads
• Provides cost optimization and operational efficiency
• Integrates seamlessly with other AWS services

**Why Other Options Are Incorrect:**

Option A (INCORRECT):
✗ This approach is outdated and doesn't align with AWS best practices.

Option B (INCORRECT):
✗ While this service exists, it serves a different primary purpose
✗ Attempting to use this service would require significant workarounds
✗ The service lacks key features needed for this specific scenario
✗ Performance and cost would be suboptimal compared to the correct choice

Option D (INCORRECT):
✗ This option doesn't provide a complete solution.",[2],null,null,m_50_5,null,2026-03-11 01:41:54.116876+00
bd6509e8-25fb-4734-98f4-c1a9008cc78c,aws_certified_advanced_networking__specialty_ansc01_sfgd20,"To influence inbound routing from AWS to an on-premises data center over multiple Direct Connect connections, which BGP attribute can be primarily manipulated to achieve path control?","[""Local Preference"",""MED (Multi-Exit Discriminator)"",""AS Path Prepending"",""Community String""]",50,7,mcq,"**CORRECT ANSWER: Option B (Index 1)**

The Multi-Exit Discriminator (MED) BGP attribute is typically used to influence inbound traffic routing when multiple exit points exist for the same destination, allowing an on-premises network to signal AWS its preferred path

✓ Why this option is correct:
• Uses the specific AWS service or pattern designed precisely for this problem type
• Covers all aspects mentioned in the scenario without gaps
• Includes necessary components for monitoring, scaling, and security
• Implements patterns recommended by AWS for production workloads
• Provides cost optimization and operational efficiency
• Integrates seamlessly with other AWS services

**Why Other Options Are Incorrect:**

Option A (INCORRECT):
✗ This approach is outdated and doesn't align with AWS best practices.

Option C (INCORRECT):
✗ While this option addresses part of the requirement, it leaves critical gaps
✗ You would need to combine this with other services to complete the solution
✗ The partial coverage means this cannot stand alone as a complete solution
✗ Critical aspects of the scenario would remain unaddressed

Option D (INCORRECT):
✗ This option doesn't provide a complete solution.",[1],null,null,m_50_5,null,2026-03-11 01:41:54.116876+00
797c1751-09f0-46fb-be90-4c14274a4cac,aws_certified_advanced_networking__specialty_ansc01_sfgd20,"To enable multiple AWS accounts within an organization to utilize the same Direct Connect gateway, what AWS service should be used for securely sharing this network resource?","[""AWS Organizations"",""VPC Peering"",""Resource Access Manager (RAM)"",""AWS PrivateLink""]",50,8,mcq,"**CORRECT ANSWER: Option C (Index 2)**

AWS Resource Access Manager (RAM) allows you to securely share your AWS resources, including Direct Connect gateways, with other AWS accounts or within your AWS Organization

✓ Why this option is correct:
• Uses the specific AWS service or pattern designed precisely for this problem type
• Covers all aspects mentioned in the scenario without gaps
• Includes necessary components for monitoring, scaling, and security
• Implements patterns recommended by AWS for production workloads
• Provides cost optimization and operational efficiency
• Integrates seamlessly with other AWS services

**Why Other Options Are Incorrect:**

Option A (INCORRECT):
✗ This approach is outdated and doesn't align with AWS best practices.

Option B (INCORRECT):
✗ While this service exists, it serves a different primary purpose
✗ Attempting to use this service would require significant workarounds
✗ The service lacks key features needed for this specific scenario
✗ Performance and cost would be suboptimal compared to the correct choice

Option D (INCORRECT):
✗ This option doesn't provide a complete solution.",[2],null,null,m_50_5,null,2026-03-11 01:41:54.116876+00
47eacc66-c9e6-4d23-ae3d-37bd20117f61,aws_certified_advanced_networking__specialty_ansc01_sfgd20,"Which AWS networking construct is best suited for establishing full mesh connectivity between a small number of VPCs requiring low-latency communication, avoiding a central router bottleneck?","[""Transit Gateway"",""VPC Peering"",""AWS PrivateLink"",""AWS VPN""]",50,9,mcq,"**CORRECT ANSWER: Option B (Index 1)**

VPC peering connections are ideal for establishing direct, low-latency network connections between a small number of VPCs that do not overlap in IP address ranges, bypassing a central routing instance

✓ Why this option is correct:
• Uses the specific AWS service or pattern designed precisely for this problem type
• Covers all aspects mentioned in the scenario without gaps
• Includes necessary components for monitoring, scaling, and security
• Implements patterns recommended by AWS for production workloads
• Provides cost optimization and operational efficiency
• Integrates seamlessly with other AWS services

**Why Other Options Are Incorrect:**

Option A (INCORRECT):
✗ This approach is outdated and doesn't align with AWS best practices.

Option C (INCORRECT):
✗ While this option addresses part of the requirement, it leaves critical gaps
✗ You would need to combine this with other services to complete the solution
✗ The partial coverage means this cannot stand alone as a complete solution
✗ Critical aspects of the scenario would remain unaddressed

Option D (INCORRECT):
✗ This option doesn't provide a complete solution.",[1],null,null,m_50_6,null,2026-03-11 01:41:54.116876+00
fb332313-c344-4486-97c8-3997d2b5c63b,aws_certified_advanced_networking__specialty_ansc01_sfgd20,"In a multi-account AWS environment, what is the recommended approach to allow multiple VPCs to securely access a centralized security appliance VPC for traffic inspection?","[""VPC Peering to each application VPC"",""AWS PrivateLink"",""Transit Gateway with routing to the inspection VPC"",""AWS Direct Connect""]",50,10,mcq,"**CORRECT ANSWER: Option C (Index 2)**

Using a Transit Gateway allows a hub-and-spoke architecture where multiple VPCs (spokes) can route traffic through a central inspection VPC (hub) containing security appliances, enabling centralized traffic inspection and segmentation

✓ Why this option is correct:
• Uses the specific AWS service or pattern designed precisely for this problem type
• Covers all aspects mentioned in the scenario without gaps
• Includes necessary components for monitoring, scaling, and security
• Implements patterns recommended by AWS for production workloads
• Provides cost optimization and operational efficiency
• Integrates seamlessly with other AWS services

**Why Other Options Are Incorrect:**

Option A (INCORRECT):
✗ This approach is outdated and doesn't align with AWS best practices.

Option B (INCORRECT):
✗ While this service exists, it serves a different primary purpose
✗ Attempting to use this service would require significant workarounds
✗ The service lacks key features needed for this specific scenario
✗ Performance and cost would be suboptimal compared to the correct choice

Option D (INCORRECT):
✗ This option doesn't provide a complete solution.",[2],null,null,m_50_6,null,2026-03-11 01:41:54.116876+00
eb74b96b-01c5-4f99-b0b6-db56c38e5d52,aws_certified_advanced_networking__specialty_ansc01_sfgd20,A company needs to connect two VPCs that have overlapping IP address ranges. Which networking solution can facilitate communication between these VPCs without re-architecting their IP space?,"[""VPC Peering"",""Transit Gateway"",""NAT Gateway with proper routing"",""AWS PrivateLink""]",50,11,mcq,"**CORRECT ANSWER: Option C (Index 2)**

When VPCs have overlapping IP ranges, direct VPC peering or Transit Gateway connections are not possible without Network Address Translation (NAT)

✓ Why this option is correct:
• Uses the specific AWS service or pattern designed precisely for this problem type
• Covers all aspects mentioned in the scenario without gaps
• Includes necessary components for monitoring, scaling, and security
• Implements patterns recommended by AWS for production workloads
• Provides cost optimization and operational efficiency
• Integrates seamlessly with other AWS services

**Why Other Options Are Incorrect:**

Option A (INCORRECT):
✗ This approach is outdated and doesn't align with AWS best practices.

Option B (INCORRECT):
✗ While this service exists, it serves a different primary purpose
✗ Attempting to use this service would require significant workarounds
✗ The service lacks key features needed for this specific scenario
✗ Performance and cost would be suboptimal compared to the correct choice

Option D (INCORRECT):
✗ This option doesn't provide a complete solution.",[2],null,null,m_50_6,null,2026-03-11 01:41:54.116876+00
91e177b2-32ed-40f5-a85e-71338b44060a,aws_certified_advanced_networking__specialty_ansc01_sfgd20,"To allow a centralized service in one VPC to be securely accessed by applications in multiple other VPCs across different accounts, without exposing it to the internet, what is the most appropriate AWS service?","[""Transit Gateway"",""VPC Peering"",""AWS PrivateLink"",""Direct Connect""]",50,12,mcq,"**CORRECT ANSWER: Option C (Index 2)**

AWS PrivateLink allows you to connect your VPCs to AWS services, services hosted by other AWS accounts, and supported AWS Marketplace partner services, without exposing your traffic to the public internet

✓ Why this option is correct:
• Uses the specific AWS service or pattern designed precisely for this problem type
• Covers all aspects mentioned in the scenario without gaps
• Includes necessary components for monitoring, scaling, and security
• Implements patterns recommended by AWS for production workloads
• Provides cost optimization and operational efficiency
• Integrates seamlessly with other AWS services

**Why Other Options Are Incorrect:**

Option A (INCORRECT):
✗ This approach is outdated and doesn't align with AWS best practices.

Option B (INCORRECT):
✗ While this service exists, it serves a different primary purpose
✗ Attempting to use this service would require significant workarounds
✗ The service lacks key features needed for this specific scenario
✗ Performance and cost would be suboptimal compared to the correct choice

Option D (INCORRECT):
✗ This option doesn't provide a complete solution.",[2],null,null,m_50_6,null,2026-03-11 01:41:54.116876+00
78a37b10-4e96-4fa0-9d2e-843941d69116,aws_certified_advanced_networking__specialty_ansc01_sfgd20,A global application needs to serve static and dynamic content with low latency to users worldwide and reduce the load on origin servers. Which AWS service is primarily designed for this purpose?,"[""AWS Global Accelerator"",""Application Load Balancer"",""Amazon CloudFront"",""Route 53""]",50,13,mcq,"**CORRECT ANSWER: Option C (Index 2)**

Amazon CloudFront is a content delivery network (CDN) service that securely delivers data, videos, applications, and APIs to customers globally with low latency and high transfer speeds, reducing the load on origin servers through caching

✓ Why this option is correct:
• Uses the specific AWS service or pattern designed precisely for this problem type
• Covers all aspects mentioned in the scenario without gaps
• Includes necessary components for monitoring, scaling, and security
• Implements patterns recommended by AWS for production workloads
• Provides cost optimization and operational efficiency
• Integrates seamlessly with other AWS services

**Why Other Options Are Incorrect:**

Option A (INCORRECT):
✗ This approach is outdated and doesn't align with AWS best practices.

Option B (INCORRECT):
✗ While this service exists, it serves a different primary purpose
✗ Attempting to use this service would require significant workarounds
✗ The service lacks key features needed for this specific scenario
✗ Performance and cost would be suboptimal compared to the correct choice

Option D (INCORRECT):
✗ This option doesn't provide a complete solution.",[2],null,null,m_50_1,null,2026-03-11 01:41:54.116876+00
e817f0bd-6ca6-4644-8416-bb3145c4fce5,aws_certified_advanced_networking__specialty_ansc01_sfgd20,"Which AWS service uses the AWS global network and anycast IP addresses to route user traffic to the closest healthy endpoint, optimizing application performance and availability for global architectures?","[""Amazon CloudFront"",""Application Load Balancer"",""AWS Global Accelerator"",""Route 53 Traffic Policies""]",50,14,mcq,"**CORRECT ANSWER: Option C (Index 2)**

AWS Global Accelerator uses the AWS global network to route traffic to the optimal endpoint based on health, client location, and configured weights, providing anycast IP addresses for improved performance and availability

✓ Why this option is correct:
• Uses the specific AWS service or pattern designed precisely for this problem type
• Covers all aspects mentioned in the scenario without gaps
• Includes necessary components for monitoring, scaling, and security
• Implements patterns recommended by AWS for production workloads
• Provides cost optimization and operational efficiency
• Integrates seamlessly with other AWS services

**Why Other Options Are Incorrect:**

Option A (INCORRECT):
✗ This approach is outdated and doesn't align with AWS best practices.

Option B (INCORRECT):
✗ While this service exists, it serves a different primary purpose
✗ Attempting to use this service would require significant workarounds
✗ The service lacks key features needed for this specific scenario
✗ Performance and cost would be suboptimal compared to the correct choice

Option D (INCORRECT):
✗ This option doesn't provide a complete solution.",[2],null,null,m_50_1,null,2026-03-11 01:41:54.116876+00
500d85b0-b12b-4b8b-a43c-56a2b8ad9b57,aws_certified_advanced_networking__specialty_ansc01_sfgd20,"To ensure high availability and low latency for an API served by an API Gateway to a global user base, which edge service should be integrated to route users efficiently to the nearest edge location?","[""VPC Peering"",""AWS Direct Connect"",""AWS Global Accelerator"",""AWS PrivateLink""]",50,15,mcq,"**CORRECT ANSWER: Option C (Index 2)**

AWS Global Accelerator can be integrated with API Gateway (among other services) to direct global users to the nearest AWS edge location, improving performance and availability for API endpoints

✓ Why this option is correct:
• Uses the specific AWS service or pattern designed precisely for this problem type
• Covers all aspects mentioned in the scenario without gaps
• Includes necessary components for monitoring, scaling, and security
• Implements patterns recommended by AWS for production workloads
• Provides cost optimization and operational efficiency
• Integrates seamlessly with other AWS services

**Why Other Options Are Incorrect:**

Option A (INCORRECT):
✗ This approach is outdated and doesn't align with AWS best practices.

Option B (INCORRECT):
✗ While this service exists, it serves a different primary purpose
✗ Attempting to use this service would require significant workarounds
✗ The service lacks key features needed for this specific scenario
✗ Performance and cost would be suboptimal compared to the correct choice

Option D (INCORRECT):
✗ This option doesn't provide a complete solution.",[2],null,null,m_50_1,null,2026-03-11 01:41:54.116876+00
d632fd80-6a41-40b2-90b7-d26c166fcfbc,aws_certified_advanced_networking__specialty_ansc01_sfgd20,"A company hosts a popular e-commerce website with large media files. To improve user experience globally and minimize data transfer costs, how should these files be delivered efficiently?","[""Directly from an EC2 instance"",""Through an Application Load Balancer"",""Using Amazon CloudFront with an S3 origin"",""Via AWS Global Accelerator to an ALB""]",50,16,mcq,"**CORRECT ANSWER: Option C (Index 2)**

Amazon CloudFront, when used with an S3 origin, is an optimal solution for delivering static content like large media files globally

✓ Why this option is correct:
• Uses the specific AWS service or pattern designed precisely for this problem type
• Covers all aspects mentioned in the scenario without gaps
• Includes necessary components for monitoring, scaling, and security
• Implements patterns recommended by AWS for production workloads
• Provides cost optimization and operational efficiency
• Integrates seamlessly with other AWS services

**Why Other Options Are Incorrect:**

Option A (INCORRECT):
✗ This approach is outdated and doesn't align with AWS best practices.

Option B (INCORRECT):
✗ While this service exists, it serves a different primary purpose
✗ Attempting to use this service would require significant workarounds
✗ The service lacks key features needed for this specific scenario
✗ Performance and cost would be suboptimal compared to the correct choice

Option D (INCORRECT):
✗ This option doesn't provide a complete solution.",[2],null,null,m_50_1,null,2026-03-11 01:41:54.116876+00
d2e07518-ceff-4ae0-99a4-afa6e566f700,aws_certified_advanced_networking__specialty_ansc01_sfgd20,"To ensure that only specific, validated DNS responses are accepted by clients and prevent DNS cache poisoning attacks, which Route 53 security feature should be enabled for a public hosted zone?","[""Private Hosted Zones"",""Resolver Endpoints"",""DNSSEC"",""Traffic Policies""]",50,18,mcq,"**CORRECT ANSWER: Option C (Index 2)**

DNS Security Extensions (DNSSEC) adds a layer of security to DNS by cryptographically signing DNS records, which helps protect against DNS spoofing and cache poisoning attacks by ensuring the authenticity of DNS responses

✓ Why this option is correct:
• Uses the specific AWS service or pattern designed precisely for this problem type
• Covers all aspects mentioned in the scenario without gaps
• Includes necessary components for monitoring, scaling, and security
• Implements patterns recommended by AWS for production workloads
• Provides cost optimization and operational efficiency
• Integrates seamlessly with other AWS services

**Why Other Options Are Incorrect:**

Option A (INCORRECT):
✗ This approach is outdated and doesn't align with AWS best practices.

Option B (INCORRECT):
✗ While this service exists, it serves a different primary purpose
✗ Attempting to use this service would require significant workarounds
✗ The service lacks key features needed for this specific scenario
✗ Performance and cost would be suboptimal compared to the correct choice

Option D (INCORRECT):
✗ This option doesn't provide a complete solution.",[2],null,null,m_50_2,null,2026-03-11 01:41:54.116876+00
35ee7169-9001-4f77-97ee-03f33f366a10,aws_certified_advanced_networking__specialty_ansc01_sfgd20,"An on-premises data center needs to resolve DNS names for private AWS resources, and AWS resources need to resolve on-premises DNS names. Which Route 53 component facilitates this hybrid DNS resolution?","[""Public Hosted Zones"",""Private Hosted Zones"",""Resolver Endpoints"",""Traffic Policies""]",50,19,mcq,"**CORRECT ANSWER: Option C (Index 2)**

Route 53 Resolver endpoints enable DNS queries to flow between your VPCs and your on-premises network over a Direct Connect or VPN connection, facilitating hybrid DNS resolution for both directions

✓ Why this option is correct:
• Uses the specific AWS service or pattern designed precisely for this problem type
• Covers all aspects mentioned in the scenario without gaps
• Includes necessary components for monitoring, scaling, and security
• Implements patterns recommended by AWS for production workloads
• Provides cost optimization and operational efficiency
• Integrates seamlessly with other AWS services

**Why Other Options Are Incorrect:**

Option A (INCORRECT):
✗ This approach is outdated and doesn't align with AWS best practices.

Option B (INCORRECT):
✗ While this service exists, it serves a different primary purpose
✗ Attempting to use this service would require significant workarounds
✗ The service lacks key features needed for this specific scenario
✗ Performance and cost would be suboptimal compared to the correct choice

Option D (INCORRECT):
✗ This option doesn't provide a complete solution.",[2],null,null,m_50_2,null,2026-03-11 01:41:54.116876+00
e5328827-1db7-454a-813e-99c88e9688ba,aws_certified_advanced_networking__specialty_ansc01_sfgd20,"How can an AWS organization effectively manage and share a single private hosted zone across multiple AWS accounts, centralizing private DNS resolution for internal services efficiently?","[""Manually create duplicate private hosted zones in each account."",""Use AWS Resource Access Manager (RAM) to share the private hosted zone."",""Configure separate public hosted zones for each account."",""Utilize Route 53 traffic policies for cross-account resolution.""]",50,20,mcq,"**CORRECT ANSWER: Option B (Index 1)**

AWS Resource Access Manager (RAM) allows you to share Route 53 private hosted zones across multiple AWS accounts, enabling centralized DNS management and consistent name resolution for internal services within an organization

✓ Why this option is correct:
• Uses the specific AWS service or pattern designed precisely for this problem type
• Covers all aspects mentioned in the scenario without gaps
• Includes necessary components for monitoring, scaling, and security
• Implements patterns recommended by AWS for production workloads
• Provides cost optimization and operational efficiency
• Integrates seamlessly with other AWS services

**Why Other Options Are Incorrect:**

Option A (INCORRECT):
✗ This approach is outdated and doesn't align with AWS best practices.

Option C (INCORRECT):
✗ While this option addresses part of the requirement, it leaves critical gaps
✗ You would need to combine this with other services to complete the solution
✗ The partial coverage means this cannot stand alone as a complete solution
✗ Critical aspects of the scenario would remain unaddressed

Option D (INCORRECT):
✗ This option doesn't provide a complete solution.",[1],null,null,m_50_2,null,2026-03-11 01:41:54.116876+00
f4c17bc4-f857-47cb-88d2-a0192026dec4,aws_certified_advanced_networking__specialty_ansc01_sfgd20,"Which type of Elastic Load Balancer (ELB) operates primarily at Layer 4 (TCP/UDP) and is best suited for extreme performance, static IP addresses, and handling millions of requests per second?","[""Application Load Balancer (ALB)"",""Network Load Balancer (NLB)"",""Gateway Load Balancer (GWLB)"",""Classic Load Balancer (CLB)""]",50,21,mcq,"**CORRECT ANSWER: Option B (Index 1)**

Network Load Balancers (NLB) are optimized for extreme performance and static IP addresses, operating at Layer 4 of the OSI model (TCP/UDP)

✓ Why this option is correct:
• Uses the specific AWS service or pattern designed precisely for this problem type
• Covers all aspects mentioned in the scenario without gaps
• Includes necessary components for monitoring, scaling, and security
• Implements patterns recommended by AWS for production workloads
• Provides cost optimization and operational efficiency
• Integrates seamlessly with other AWS services

**Why Other Options Are Incorrect:**

Option A (INCORRECT):
✗ This approach is outdated and doesn't align with AWS best practices.

Option C (INCORRECT):
✗ While this option addresses part of the requirement, it leaves critical gaps
✗ You would need to combine this with other services to complete the solution
✗ The partial coverage means this cannot stand alone as a complete solution
✗ Critical aspects of the scenario would remain unaddressed

Option D (INCORRECT):
✗ This option doesn't provide a complete solution.",[1],null,null,m_50_3,null,2026-03-11 01:41:54.116876+00
b3354df6-93c2-4059-bb8e-0711f695abf9,mock_50_all_1775001536997,"A web application running on Amazon EC2 instances needs to distribute incoming HTTP/HTTPS traffic, perform SSL termination, and support path-based routing to different microservices. They also require integration with AWS WAF for security. Which type of Elastic Load Balancer is MOST efficient for HTTP/HTTPS traffic distribution?","[""Application Load Balancer (ALB)."",""Network Load Balancer (NLB)."",""Gateway Load Balancer (GWLB)."",""Classic Load Balancer (CLB).""]",50,11,mcq,"**CORRECT ANSWER: Option B (Index 1)**

Network Load Balancers (NLB) are optimized for extreme performance and static IP addresses, operating at Layer 4 of the OSI model (TCP/UDP)

✓ Why this option is correct:
• Uses the specific AWS service or pattern designed precisely for this problem type
• Covers all aspects mentioned in the scenario without gaps
• Includes necessary components for monitoring, scaling, and security
• Implements patterns recommended by AWS for production workloads
• Provides cost optimization and operational efficiency
• Integrates seamlessly with other AWS services

**Why Other Options Are Incorrect:**

Option A (INCORRECT):
✗ This approach is outdated and doesn't align with AWS best practices.

Option C (INCORRECT):
✗ While this option addresses part of the requirement, it leaves critical gaps
✗ You would need to combine this with other services to complete the solution
✗ The partial coverage means this cannot stand alone as a complete solution
✗ Critical aspects of the scenario would remain unaddressed

Option D (INCORRECT):
✗ This option doesn't provide a complete solution.",[1],null,null,m_50_3,null,2026-04-01 02:22:45.261679+00
dd18952e-1428-4028-9985-43cdb97f8936,mock_50_all_1775001536997,A gaming server application requires extremely low-latency TCP connections and needs to handle a high volume of concurrent connections. The application runs on Amazon EC2 instances and requires a load balancer that preserves client IP addresses. Which type of Elastic Load Balancer is BEST suited for LOWEST latency for TCP traffic to a gaming server?,"[""Network Load Balancer (NLB)."",""Application Load Balancer (ALB)."",""Classic Load Balancer (CLB)."",""Gateway Load Balancer (GWLB).""]",50,12,mcq,"**CORRECT ANSWER: Option B (Index 1)**

Network Load Balancers (NLB) are optimized for extreme performance and static IP addresses, operating at Layer 4 of the OSI model (TCP/UDP)

✓ Why this option is correct:
• Uses the specific AWS service or pattern designed precisely for this problem type
• Covers all aspects mentioned in the scenario without gaps
• Includes necessary components for monitoring, scaling, and security
• Implements patterns recommended by AWS for production workloads
• Provides cost optimization and operational efficiency
• Integrates seamlessly with other AWS services

**Why Other Options Are Incorrect:**

Option A (INCORRECT):
✗ This approach is outdated and doesn't align with AWS best practices.

Option C (INCORRECT):
✗ While this option addresses part of the requirement, it leaves critical gaps
✗ You would need to combine this with other services to complete the solution
✗ The partial coverage means this cannot stand alone as a complete solution
✗ Critical aspects of the scenario would remain unaddressed

Option D (INCORRECT):
✗ This option doesn't provide a complete solution.",[1],null,null,m_50_3,null,2026-04-01 02:22:45.261679+00
d3565b47-0309-4ac5-84a1-defbcd24b036,aws_certified_advanced_networking__specialty_ansc01_sfgd20,"To protect a web application behind an Application Load Balancer from common web exploits and unwanted bot traffic, which AWS service should be integrated for robust security?","[""AWS Shield Advanced"",""AWS WAF"",""Network Access Control Lists (NACLs)"",""Security Groups""]",50,22,mcq,"**CORRECT ANSWER: Option B (Index 1)**

AWS WAF (Web Application Firewall) helps protect web applications or APIs against common web exploits and bots that may affect availability, compromise security, or consume excessive resources, and integrates seamlessly with ALBs

✓ Why this option is correct:
• Uses the specific AWS service or pattern designed precisely for this problem type
• Covers all aspects mentioned in the scenario without gaps
• Includes necessary components for monitoring, scaling, and security
• Implements patterns recommended by AWS for production workloads
• Provides cost optimization and operational efficiency
• Integrates seamlessly with other AWS services

**Why Other Options Are Incorrect:**

Option A (INCORRECT):
✗ This approach is outdated and doesn't align with AWS best practices.

Option C (INCORRECT):
✗ While this option addresses part of the requirement, it leaves critical gaps
✗ You would need to combine this with other services to complete the solution
✗ The partial coverage means this cannot stand alone as a complete solution
✗ Critical aspects of the scenario would remain unaddressed

Option D (INCORRECT):
✗ This option doesn't provide a complete solution.",[1],null,null,m_50_3,null,2026-03-11 01:41:54.116876+00
213745e0-4204-4233-bae0-cf09d22387ee,aws_certified_advanced_networking__specialty_ansc01_sfgd20,"A microservices application uses Docker containers running on Amazon ECS, registered by their IP addresses. Which Elastic Load Balancer target group type is most appropriate for routing traffic to these containers?","[""Instance targets"",""IP targets"",""Lambda targets"",""Application targets""]",50,23,mcq,"**CORRECT ANSWER: Option B (Index 1)**

IP targets allow you to register targets by IP address, which is ideal for routing traffic to application containers running on Amazon ECS that have their own IP addresses, regardless of the underlying instance

✓ Why this option is correct:
• Uses the specific AWS service or pattern designed precisely for this problem type
• Covers all aspects mentioned in the scenario without gaps
• Includes necessary components for monitoring, scaling, and security
• Implements patterns recommended by AWS for production workloads
• Provides cost optimization and operational efficiency
• Integrates seamlessly with other AWS services

**Why Other Options Are Incorrect:**

Option A (INCORRECT):
✗ This approach is outdated and doesn't align with AWS best practices.

Option C (INCORRECT):
✗ While this option addresses part of the requirement, it leaves critical gaps
✗ You would need to combine this with other services to complete the solution
✗ The partial coverage means this cannot stand alone as a complete solution
✗ Critical aspects of the scenario would remain unaddressed

Option D (INCORRECT):
✗ This option doesn't provide a complete solution.",[1],null,null,m_50_3,null,2026-03-11 01:41:54.116876+00
d24c60a3-d587-4e9f-ad3f-c77632f45980,aws_certified_advanced_networking__specialty_ansc01_sfgd20,"What load balancer feature allows terminating SSL/TLS connections at the load balancer, offloading encryption/decryption from backend instances and simplifying certificate management for applications?","[""Sticky sessions"",""Cross-zone load balancing"",""TLS termination"",""Target group health checks""]",50,24,mcq,"**CORRECT ANSWER: Option C (Index 2)**

TLS termination (also known as SSL offloading) at the load balancer handles the encryption and decryption of traffic, reducing the computational load on backend instances and centralizing certificate management using ACM

✓ Why this option is correct:
• Uses the specific AWS service or pattern designed precisely for this problem type
• Covers all aspects mentioned in the scenario without gaps
• Includes necessary components for monitoring, scaling, and security
• Implements patterns recommended by AWS for production workloads
• Provides cost optimization and operational efficiency
• Integrates seamlessly with other AWS services

**Why Other Options Are Incorrect:**

Option A (INCORRECT):
✗ This approach is outdated and doesn't align with AWS best practices.

Option B (INCORRECT):
✗ While this service exists, it serves a different primary purpose
✗ Attempting to use this service would require significant workarounds
✗ The service lacks key features needed for this specific scenario
✗ Performance and cost would be suboptimal compared to the correct choice

Option D (INCORRECT):
✗ This option doesn't provide a complete solution.",[2],null,null,m_50_3,null,2026-03-11 01:41:54.116876+00
74972c1e-8769-44c2-9661-0e69497f9d0f,aws_certified_advanced_networking__specialty_ansc01_sfgd20,A network engineer is designing a CloudFormation template to deploy VPCs across multiple environments. What is a crucial best practice to ensure reusability and avoid manual errors in this automated provisioning?,"[""Hardcode all CIDR blocks and subnets directly in the template."",""Use parameterization for environment-specific values like CIDR blocks."",""Manually update the template for each environment during deployment."",""Distribute different templates for each environment, not using parameters.""]",51,25,mcq,"**CORRECT ANSWER: Option B (Index 1)**

Parameterization allows for dynamic input of environment-specific values, promoting reusability and reducing errors

✓ Why this option is correct:
• Uses the specific AWS service or pattern designed precisely for this problem type
• Covers all aspects mentioned in the scenario without gaps
• Includes necessary components for monitoring, scaling, and security
• Implements patterns recommended by AWS for production workloads
• Provides cost optimization and operational efficiency
• Integrates seamlessly with other AWS services

**Why Other Options Are Incorrect:**

Option A (INCORRECT):
✗ This approach is outdated and doesn't align with AWS best practices.

Option C (INCORRECT):
✗ While this option addresses part of the requirement, it leaves critical gaps
✗ You would need to combine this with other services to complete the solution
✗ The partial coverage means this cannot stand alone as a complete solution
✗ Critical aspects of the scenario would remain unaddressed

Option D (INCORRECT):
✗ This option doesn't provide a complete solution.",[1],null,null,m_51_4,null,2026-03-11 01:41:54.116876+00
8c4db75c-b44b-41e3-beaf-7fe456f1660e,aws_certified_advanced_networking__specialty_ansc01_sfgd20,An organization needs to automatically update security group rules based on new IP ranges published by a third-party service. Which AWS automation approach is most suitable for implementing such event-driven changes efficiently?,"[""Manually updating security groups via the AWS Management Console."",""Running a daily script on an EC2 instance to poll for changes."",""Using AWS Lambda triggered by a custom event or a schedule, invoking AWS SDK/CLI."",""Deploying a new CloudFormation stack every time an IP range changes.""]",51,26,mcq,"**CORRECT ANSWER: Option C (Index 2)**

AWS Lambda can be triggered by various events (e

✓ Why this option is correct:
• Uses the specific AWS service or pattern designed precisely for this problem type
• Covers all aspects mentioned in the scenario without gaps
• Includes necessary components for monitoring, scaling, and security
• Implements patterns recommended by AWS for production workloads
• Provides cost optimization and operational efficiency
• Integrates seamlessly with other AWS services

**Why Other Options Are Incorrect:**

Option A (INCORRECT):
✗ This approach is outdated and doesn't align with AWS best practices.

Option B (INCORRECT):
✗ While this service exists, it serves a different primary purpose
✗ Attempting to use this service would require significant workarounds
✗ The service lacks key features needed for this specific scenario
✗ Performance and cost would be suboptimal compared to the correct choice

Option D (INCORRECT):
✗ This option doesn't provide a complete solution.",[2],null,null,m_51_4,null,2026-03-11 01:41:54.116876+00
09b2dcd2-7759-4c00-ae7d-2f6d048db75a,aws_certified_advanced_networking__specialty_ansc01_sfgd20,A company is migrating from manual network configuration to an automated approach using Infrastructure as Code (IaC) with CI/CD pipelines. What is a primary benefit realized by this transformation for network provisioning?,"[""Increased likelihood of configuration drift and inconsistencies."",""Slower deployment cycles due to extensive review processes."",""Reduced manual errors, improved repeatability, and faster deployments."",""Higher operational costs due to continuous integration services.""]",51,27,mcq,"**CORRECT ANSWER: Option C (Index 2)**

Automation with IaC and CI/CD significantly reduces manual errors, ensures consistent deployments (repeatability), and accelerates the provisioning process

✓ Why this option is correct:
• Uses the specific AWS service or pattern designed precisely for this problem type
• Covers all aspects mentioned in the scenario without gaps
• Includes necessary components for monitoring, scaling, and security
• Implements patterns recommended by AWS for production workloads
• Provides cost optimization and operational efficiency
• Integrates seamlessly with other AWS services

**Why Other Options Are Incorrect:**

Option A (INCORRECT):
✗ This approach is outdated and doesn't align with AWS best practices.

Option B (INCORRECT):
✗ While this service exists, it serves a different primary purpose
✗ Attempting to use this service would require significant workarounds
✗ The service lacks key features needed for this specific scenario
✗ Performance and cost would be suboptimal compared to the correct choice

Option D (INCORRECT):
✗ This option doesn't provide a complete solution.",[2],null,null,m_51_4,null,2026-03-11 01:41:54.116876+00
d9f56927-0350-4f40-98f5-efae86659ac9,aws_certified_advanced_networking__specialty_ansc01_sfgd20,"A network architect wants to programmatically define and deploy a complex network topology including VPCs, Transit Gateways, and Direct Connect Gateways. Which AWS service or tool is best suited for defining these resources as code?","[""AWS Systems Manager Parameter Store."",""AWS CloudFormation or AWS Cloud Development Kit (CDK)."",""AWS Config for resource compliance checks."",""AWS Organizations for account management.""]",51,28,mcq,"**CORRECT ANSWER: Option B (Index 1)**

AWS CloudFormation and AWS CDK are designed for defining and provisioning AWS infrastructure as code, including complex network resources

✓ Why this option is correct:
• Uses the specific AWS service or pattern designed precisely for this problem type
• Covers all aspects mentioned in the scenario without gaps
• Includes necessary components for monitoring, scaling, and security
• Implements patterns recommended by AWS for production workloads
• Provides cost optimization and operational efficiency
• Integrates seamlessly with other AWS services

**Why Other Options Are Incorrect:**

Option A (INCORRECT):
✗ This approach is outdated and doesn't align with AWS best practices.

Option C (INCORRECT):
✗ While this option addresses part of the requirement, it leaves critical gaps
✗ You would need to combine this with other services to complete the solution
✗ The partial coverage means this cannot stand alone as a complete solution
✗ Critical aspects of the scenario would remain unaddressed

Option D (INCORRECT):
✗ This option doesn't provide a complete solution.",[1],null,null,m_51_4,null,2026-03-11 01:41:54.116876+00
27f85cee-964e-4f05-ae5b-4d9bfa5581f0,aws_certified_advanced_networking__specialty_ansc01_sfgd20,"An organization has on-premises DNS servers and AWS VPCs. They need to resolve private DNS records from on-premises for resources in AWS, and vice versa. What combination of AWS Route 53 Resolver features should be implemented?","[""Only Route 53 private hosted zones for AWS resources."",""Route 53 Resolver inbound and outbound endpoints with conditional forwarding."",""Public hosted zones for all private DNS resolution."",""Manually update on-premises DNS servers with all AWS private IPs.""]",51,29,mcq,"**CORRECT ANSWER: Option B (Index 1)**

Resolver inbound endpoints allow on-premises DNS to query AWS, and outbound endpoints with conditional forwarding allow AWS to query on-premises DNS

✓ Why this option is correct:
• Uses the specific AWS service or pattern designed precisely for this problem type
• Covers all aspects mentioned in the scenario without gaps
• Includes necessary components for monitoring, scaling, and security
• Implements patterns recommended by AWS for production workloads
• Provides cost optimization and operational efficiency
• Integrates seamlessly with other AWS services

**Why Other Options Are Incorrect:**

Option A (INCORRECT):
✗ This approach is outdated and doesn't align with AWS best practices.

Option C (INCORRECT):
✗ While this option addresses part of the requirement, it leaves critical gaps
✗ You would need to combine this with other services to complete the solution
✗ The partial coverage means this cannot stand alone as a complete solution
✗ Critical aspects of the scenario would remain unaddressed

Option D (INCORRECT):
✗ This option doesn't provide a complete solution.",[1],null,null,m_51_3,null,2026-03-11 01:41:54.116876+00
bc3e5282-2602-499f-b06f-e844eab72842,aws_certified_advanced_networking__specialty_ansc01_sfgd20,A company uses a multi-account strategy with a central networking account managing Route 53 private hosted zones. How can these private hosted zones be securely shared with application VPCs in other AWS accounts?,"[""Manually recreate the private hosted zones in each application account."",""Share the private hosted zones using AWS Resource Access Manager (RAM)."",""Use Route 53 public hosted zones for internal DNS resolution."",""Configure a direct peering connection for DNS resolution.""]",51,30,mcq,"**CORRECT ANSWER: Option B (Index 1)**

AWS Resource Access Manager (RAM) is specifically designed to share AWS resources, including Route 53 private hosted zones, across AWS accounts

✓ Why this option is correct:
• Uses the specific AWS service or pattern designed precisely for this problem type
• Covers all aspects mentioned in the scenario without gaps
• Includes necessary components for monitoring, scaling, and security
• Implements patterns recommended by AWS for production workloads
• Provides cost optimization and operational efficiency
• Integrates seamlessly with other AWS services

**Why Other Options Are Incorrect:**

Option A (INCORRECT):
✗ This approach is outdated and doesn't align with AWS best practices.

Option C (INCORRECT):
✗ While this option addresses part of the requirement, it leaves critical gaps
✗ You would need to combine this with other services to complete the solution
✗ The partial coverage means this cannot stand alone as a complete solution
✗ Critical aspects of the scenario would remain unaddressed

Option D (INCORRECT):
✗ This option doesn't provide a complete solution.",[1],null,null,m_51_3,null,2026-03-11 01:41:54.116876+00
ccfaa158-9c42-4a79-8381-8b6992df634f,aws_certified_advanced_networking__specialty_ansc01_sfgd20,A global application served from multiple AWS Regions needs to direct users to the nearest healthy endpoint based on their geographic location. Which Route 53 routing policy is most appropriate for this requirement?,"[""Simple routing policy."",""Weighted routing policy."",""Geolocation routing policy."",""Failover routing policy.""]",51,31,mcq,"**CORRECT ANSWER: Option C (Index 2)**

Geolocation routing directs traffic based on the geographic location of the user, making it ideal for directing users to the nearest endpoint

✓ Why this option is correct:
• Uses the specific AWS service or pattern designed precisely for this problem type
• Covers all aspects mentioned in the scenario without gaps
• Includes necessary components for monitoring, scaling, and security
• Implements patterns recommended by AWS for production workloads
• Provides cost optimization and operational efficiency
• Integrates seamlessly with other AWS services

**Why Other Options Are Incorrect:**

Option A (INCORRECT):
✗ This approach is outdated and doesn't align with AWS best practices.

Option B (INCORRECT):
✗ While this service exists, it serves a different primary purpose
✗ Attempting to use this service would require significant workarounds
✗ The service lacks key features needed for this specific scenario
✗ Performance and cost would be suboptimal compared to the correct choice

Option D (INCORRECT):
✗ This option doesn't provide a complete solution.",[2],null,null,m_51_3,null,2026-03-11 01:41:54.116876+00
7515f673-e30b-4efb-9607-84362904fe8e,aws_certified_advanced_networking__specialty_ansc01_sfgd20,"To enhance the security and integrity of DNS responses for a public domain hosted in Route 53, an administrator wants to protect against DNS spoofing and cache poisoning attacks. Which Route 53 feature should be enabled?","[""DNSSEC (Domain Name System Security Extensions)."",""SPF (Sender Policy Framework) records."",""DKIM (DomainKeys Identified Mail) records."",""CNAME records for domain aliasing.""]",51,32,mcq,"**CORRECT ANSWER: Option A (Index 0)**

DNSSEC adds a layer of security to DNS by digitally signing DNS records, protecting against various attacks like spoofing and cache poisoning

✓ Why this option is correct:
• Uses the specific AWS service or pattern designed precisely for this problem type
• Covers all aspects mentioned in the scenario without gaps
• Includes necessary components for monitoring, scaling, and security
• Implements patterns recommended by AWS for production workloads
• Provides cost optimization and operational efficiency
• Integrates seamlessly with other AWS services

**Why Other Options Are Incorrect:**

Option B (INCORRECT):
✗ While this service exists, it serves a different primary purpose
✗ Attempting to use this service would require significant workarounds
✗ The service lacks key features needed for this specific scenario
✗ Performance and cost would be suboptimal compared to the correct choice

Option C (INCORRECT):
✗ While this option addresses part of the requirement, it leaves critical gaps
✗ You would need to combine this with other services to complete the solution
✗ The partial coverage means this cannot stand alone as a complete solution
✗ Critical aspects of the scenario would remain unaddressed

Option D (INCORRECT):
✗ This option doesn't provide a complete solution.",[0],null,null,m_51_3,null,2026-03-11 01:41:54.116876+00
3647917a-0241-48c1-818f-0274025b20d0,aws_certified_advanced_networking__specialty_ansc01_sfgd20,"A company has numerous VPCs in a single AWS Region, belonging to different accounts, and needs to establish a central connectivity hub for all of them. Which AWS networking service is best suited to achieve a scalable hub-and-spoke topology?","[""AWS VPC Peering for every pair of VPCs."",""AWS Direct Connect Gateway for inter-VPC connectivity."",""AWS Transit Gateway."",""AWS Internet Gateway for private network traffic.""]",51,33,mcq,"**CORRECT ANSWER: Option C (Index 2)**

AWS Transit Gateway simplifies inter-VPC and inter-account connectivity by acting as a central hub, replacing complex mesh peering

✓ Why this option is correct:
• Uses the specific AWS service or pattern designed precisely for this problem type
• Covers all aspects mentioned in the scenario without gaps
• Includes necessary components for monitoring, scaling, and security
• Implements patterns recommended by AWS for production workloads
• Provides cost optimization and operational efficiency
• Integrates seamlessly with other AWS services

**Why Other Options Are Incorrect:**

Option A (INCORRECT):
✗ This approach is outdated and doesn't align with AWS best practices.

Option B (INCORRECT):
✗ While this service exists, it serves a different primary purpose
✗ Attempting to use this service would require significant workarounds
✗ The service lacks key features needed for this specific scenario
✗ Performance and cost would be suboptimal compared to the correct choice

Option D (INCORRECT):
✗ This option doesn't provide a complete solution.",[2],null,null,m_51_2,null,2026-03-11 01:41:54.116876+00
0b108803-feca-4f47-af44-ee4d1a6065f6,aws_certified_advanced_networking__specialty_ansc01_sfgd20,"An application in VPC A needs to securely consume a service running in VPC B, ensuring that traffic between them does not traverse the public internet and without requiring VPC peering or a Transit Gateway connection. Which AWS service should be used?","[""AWS Global Accelerator."",""AWS PrivateLink (VPC Endpoint Services)."",""AWS Site-to-Site VPN."",""AWS Classic Load Balancer.""]",51,34,mcq,"**CORRECT ANSWER: Option B (Index 1)**

AWS PrivateLink allows consumers in different VPCs (or accounts) to access services securely using private IP addresses, without requiring VPC peering or public exposure

✓ Why this option is correct:
• Uses the specific AWS service or pattern designed precisely for this problem type
• Covers all aspects mentioned in the scenario without gaps
• Includes necessary components for monitoring, scaling, and security
• Implements patterns recommended by AWS for production workloads
• Provides cost optimization and operational efficiency
• Integrates seamlessly with other AWS services

**Why Other Options Are Incorrect:**

Option A (INCORRECT):
✗ This approach is outdated and doesn't align with AWS best practices.

Option C (INCORRECT):
✗ While this option addresses part of the requirement, it leaves critical gaps
✗ You would need to combine this with other services to complete the solution
✗ The partial coverage means this cannot stand alone as a complete solution
✗ Critical aspects of the scenario would remain unaddressed

Option D (INCORRECT):
✗ This option doesn't provide a complete solution.",[1],null,null,m_51_2,null,2026-03-11 01:41:54.116876+00
c4c663fb-9f28-49b7-a041-b49bc8af83cd,aws_certified_advanced_networking__specialty_ansc01_sfgd20,"A network administrator needs to troubleshoot connectivity issues and monitor all IP traffic flowing to and from network interfaces within their AWS VPCs, especially for inter-VPC communication. What AWS feature provides this granular visibility?","[""AWS CloudTrail for API calls."",""Amazon VPC Flow Logs."",""AWS Config rules for resource changes."",""Amazon CloudWatch metrics for CPU utilization.""]",51,35,mcq,"**CORRECT ANSWER: Option B (Index 1)**

Amazon VPC Flow Logs capture information about the IP traffic going to and from network interfaces in a VPC, which is crucial for troubleshooting and monitoring

✓ Why this option is correct:
• Uses the specific AWS service or pattern designed precisely for this problem type
• Covers all aspects mentioned in the scenario without gaps
• Includes necessary components for monitoring, scaling, and security
• Implements patterns recommended by AWS for production workloads
• Provides cost optimization and operational efficiency
• Integrates seamlessly with other AWS services

**Why Other Options Are Incorrect:**

Option A (INCORRECT):
✗ This approach is outdated and doesn't align with AWS best practices.

Option C (INCORRECT):
✗ While this option addresses part of the requirement, it leaves critical gaps
✗ You would need to combine this with other services to complete the solution
✗ The partial coverage means this cannot stand alone as a complete solution
✗ Critical aspects of the scenario would remain unaddressed

Option D (INCORRECT):
✗ This option doesn't provide a complete solution.",[1],null,null,m_51_2,null,2026-03-11 01:41:54.116876+00
9022694d-2b2d-4ac1-9bb2-f87e2818720b,aws_certified_advanced_networking__specialty_ansc01_sfgd20,A Transit Gateway is provisioned in a central networking account and needs to be attached to VPCs owned by different application teams in separate AWS accounts. How can the Transit Gateway attachments be shared with these application accounts?,"[""Manually create Transit Gateway attachments in each application account."",""Share the Transit Gateway using AWS Resource Access Manager (RAM)."",""Use direct VPC peering connections from the Transit Gateway."",""Provide cross-account IAM roles for direct Transit Gateway management.""]",51,36,mcq,"**CORRECT ANSWER: Option B (Index 1)**

AWS Resource Access Manager (RAM) allows sharing AWS resources like Transit Gateways, enabling VPCs in other accounts to attach to them

✓ Why this option is correct:
• Uses the specific AWS service or pattern designed precisely for this problem type
• Covers all aspects mentioned in the scenario without gaps
• Includes necessary components for monitoring, scaling, and security
• Implements patterns recommended by AWS for production workloads
• Provides cost optimization and operational efficiency
• Integrates seamlessly with other AWS services

**Why Other Options Are Incorrect:**

Option A (INCORRECT):
✗ This approach is outdated and doesn't align with AWS best practices.

Option C (INCORRECT):
✗ While this option addresses part of the requirement, it leaves critical gaps
✗ You would need to combine this with other services to complete the solution
✗ The partial coverage means this cannot stand alone as a complete solution
✗ Critical aspects of the scenario would remain unaddressed

Option D (INCORRECT):
✗ This option doesn't provide a complete solution.",[1],null,null,m_51_2,null,2026-03-11 01:41:54.116876+00
24ee1647-3632-40c4-9e2e-36b9d8ac9766,aws_certified_advanced_networking__specialty_ansc01_sfgd20,"An organization requires a high-bandwidth, consistently low-latency network connection between its on-premises data center and AWS VPCs for mission-critical applications. Which AWS service is primarily designed to meet these specific requirements?","[""AWS Site-to-Site VPN over the public internet."",""AWS Direct Connect."",""AWS VPN CloudHub for multiple VPN connections."",""AWS Global Accelerator for application performance.""]",51,37,mcq,"**CORRECT ANSWER: Option B (Index 1)**

AWS Direct Connect provides a dedicated, private network connection from on-premises to AWS, offering higher bandwidth and lower latency compared to internet-based VPNs

✓ Why this option is correct:
• Uses the specific AWS service or pattern designed precisely for this problem type
• Covers all aspects mentioned in the scenario without gaps
• Includes necessary components for monitoring, scaling, and security
• Implements patterns recommended by AWS for production workloads
• Provides cost optimization and operational efficiency
• Integrates seamlessly with other AWS services

**Why Other Options Are Incorrect:**

Option A (INCORRECT):
✗ This approach is outdated and doesn't align with AWS best practices.

Option C (INCORRECT):
✗ While this option addresses part of the requirement, it leaves critical gaps
✗ You would need to combine this with other services to complete the solution
✗ The partial coverage means this cannot stand alone as a complete solution
✗ Critical aspects of the scenario would remain unaddressed

Option D (INCORRECT):
✗ This option doesn't provide a complete solution.",[1],null,null,m_51_1,null,2026-03-11 01:41:54.116876+00
f2ba937f-b540-4bec-8252-d675f87bc16c,aws_certified_advanced_networking__specialty_ansc01_sfgd20,"When establishing a Site-to-Site VPN connection or Direct Connect between an on-premises network and an AWS VPC or Transit Gateway, what is the recommended routing protocol for dynamically exchanging routes?","[""Static routing, manually configured."",""OSPF (Open Shortest Path First)."",""BGP (Border Gateway Protocol)."",""EIGRP (Enhanced Interior Gateway Routing Protocol).""]",51,38,mcq,"**CORRECT ANSWER: Option C (Index 2)**

BGP is the standard routing protocol used for dynamic route exchange with AWS through Direct Connect and Site-to-Site VPN connections

✓ Why this option is correct:
• Uses the specific AWS service or pattern designed precisely for this problem type
• Covers all aspects mentioned in the scenario without gaps
• Includes necessary components for monitoring, scaling, and security
• Implements patterns recommended by AWS for production workloads
• Provides cost optimization and operational efficiency
• Integrates seamlessly with other AWS services

**Why Other Options Are Incorrect:**

Option A (INCORRECT):
✗ This approach is outdated and doesn't align with AWS best practices.

Option B (INCORRECT):
✗ While this service exists, it serves a different primary purpose
✗ Attempting to use this service would require significant workarounds
✗ The service lacks key features needed for this specific scenario
✗ Performance and cost would be suboptimal compared to the correct choice

Option D (INCORRECT):
✗ This option doesn't provide a complete solution.",[2],null,null,m_51_1,null,2026-03-11 01:41:54.116876+00
ae07f1b8-3130-4039-8351-59e2fe756926,aws_certified_advanced_networking__specialty_ansc01_sfgd20,"A network engineer has configured a new Direct Connect connection and a Site-to-Site VPN to connect an on-premises data center to an AWS VPC. Before deploying applications, what AWS tool can be used to verify network path connectivity and identify potential routing issues?","[""AWS CloudWatch Logs for connection status."",""Amazon VPC Flow Logs for traffic monitoring."",""AWS Network Access Analyzer."",""AWS Reachability Analyzer.""]",51,39,mcq,"**CORRECT ANSWER: Option D (Index 3)**

AWS Reachability Analyzer helps analyze and debug network reachability between resources within AWS and across hybrid connectivity, identifying configuration issues

✓ Why this option is correct:
• Uses the specific AWS service or pattern designed precisely for this problem type
• Covers all aspects mentioned in the scenario without gaps
• Includes necessary components for monitoring, scaling, and security
• Implements patterns recommended by AWS for production workloads
• Provides cost optimization and operational efficiency
• Integrates seamlessly with other AWS services

**Why Other Options Are Incorrect:**

Option A (INCORRECT):
✗ This approach is outdated and doesn't align with AWS best practices.

Option B (INCORRECT):
✗ While this service exists, it serves a different primary purpose
✗ Attempting to use this service would require significant workarounds
✗ The service lacks key features needed for this specific scenario
✗ Performance and cost would be suboptimal compared to the correct choice

Option C (INCORRECT):
✗ While this option addresses part of the requirement, it leaves critical gaps
✗ You would need to combine this with other services to complete the solution
✗ The partial coverage means this cannot stand alone as a complete solution
✗ Critical aspects of the scenario would remain unaddressed",[3],null,null,m_51_1,null,2026-03-11 01:41:54.116876+00
c9a9fe9a-e374-45b4-b86c-49a3571d9d6c,aws_certified_advanced_networking__specialty_ansc01_sfgd20,"After establishing hybrid connectivity, an administrator needs to control traffic entering and exiting subnets within an AWS VPC from the on-premises network, acting as a stateless filter. Which AWS networking security feature is appropriate for this layer of control?","[""AWS Security Groups."",""AWS Network Access Control Lists (NACLs)."",""AWS WAF (Web Application Firewall)."",""AWS Shield Advanced.""]",51,40,mcq,"**CORRECT ANSWER: Option B (Index 1)**

NACLs operate at the subnet level as stateless filters, controlling inbound and outbound traffic, making them suitable for this kind of control

✓ Why this option is correct:
• Uses the specific AWS service or pattern designed precisely for this problem type
• Covers all aspects mentioned in the scenario without gaps
• Includes necessary components for monitoring, scaling, and security
• Implements patterns recommended by AWS for production workloads
• Provides cost optimization and operational efficiency
• Integrates seamlessly with other AWS services

**Why Other Options Are Incorrect:**

Option A (INCORRECT):
✗ This approach is outdated and doesn't align with AWS best practices.

Option C (INCORRECT):
✗ While this option addresses part of the requirement, it leaves critical gaps
✗ You would need to combine this with other services to complete the solution
✗ The partial coverage means this cannot stand alone as a complete solution
✗ Critical aspects of the scenario would remain unaddressed

Option D (INCORRECT):
✗ This option doesn't provide a complete solution.",[1],null,null,m_51_1,null,2026-03-11 01:41:54.116876+00
e55f0854-a196-456f-945f-78ed9af97fac,aws_certified_advanced_networking__specialty_ansc01_sfgd20,"A network engineer needs to establish stable, private connectivity between an on-premises data center and AWS, dynamically exchanging routes. Which AWS service and protocol combination is most suitable?","[""AWS VPN with static routes"",""AWS Direct Connect with BGP"",""VPC Peering with IGW"",""AWS Transit Gateway with fixed CIDR""]",52,41,mcq,"**CORRECT ANSWER: Option B (Index 1)**

AWS Direct Connect combined with BGP allows for dynamic and private route exchange, ensuring stable connectivity for hybrid environments

✓ Why this option is correct:
• Uses the specific AWS service or pattern designed precisely for this problem type
• Covers all aspects mentioned in the scenario without gaps
• Includes necessary components for monitoring, scaling, and security
• Implements patterns recommended by AWS for production workloads
• Provides cost optimization and operational efficiency
• Integrates seamlessly with other AWS services

**Why Other Options Are Incorrect:**

Option A (INCORRECT):
✗ This approach is outdated and doesn't align with AWS best practices.

Option C (INCORRECT):
✗ While this option addresses part of the requirement, it leaves critical gaps
✗ You would need to combine this with other services to complete the solution
✗ The partial coverage means this cannot stand alone as a complete solution
✗ Critical aspects of the scenario would remain unaddressed

Option D (INCORRECT):
✗ This option doesn't provide a complete solution.",[1],null,null,m_52_1,null,2026-03-11 01:41:54.116876+00
85468681-7e55-4e92-9ba2-4e678f8fd19f,aws_certified_advanced_networking__specialty_ansc01_sfgd20,"To optimize routing within a complex AWS environment spanning multiple VPCs connected by a Transit Gateway, a network specialist needs to reduce the number of entries in route tables. What technique should be applied?","[""Distribute default routes to all VPCs"",""Implement route summarization for VPC CIDRs"",""Increase VPC peering connections"",""Disable route propagation on Transit Gateways""]",52,42,mcq,"**CORRECT ANSWER: Option B (Index 1)**

Route summarization aggregates multiple specific routes into a single, broader route, significantly reducing the number of entries in route tables and simplifying routing

✓ Why this option is correct:
• Uses the specific AWS service or pattern designed precisely for this problem type
• Covers all aspects mentioned in the scenario without gaps
• Includes necessary components for monitoring, scaling, and security
• Implements patterns recommended by AWS for production workloads
• Provides cost optimization and operational efficiency
• Integrates seamlessly with other AWS services

**Why Other Options Are Incorrect:**

Option A (INCORRECT):
✗ This approach is outdated and doesn't align with AWS best practices.

Option C (INCORRECT):
✗ While this option addresses part of the requirement, it leaves critical gaps
✗ You would need to combine this with other services to complete the solution
✗ The partial coverage means this cannot stand alone as a complete solution
✗ Critical aspects of the scenario would remain unaddressed

Option D (INCORRECT):
✗ This option doesn't provide a complete solution.",[1],null,null,m_52_1,null,2026-03-11 01:41:54.116876+00
b0115a24-5b2f-45de-865f-b6051add9f6b,aws_certified_advanced_networking__specialty_ansc01_sfgd20,"An application requires private, secure access to a third-party service hosted in another AWS account, without traversing the public internet. What is the recommended networking solution?","[""Public internet gateway with NACLs"",""AWS Global Accelerator"",""AWS PrivateLink"",""VPC peering with a Transit Gateway""]",52,43,mcq,"**CORRECT ANSWER: Option C (Index 2)**

AWS PrivateLink allows consumers in different AWS accounts to privately access services hosted by providers, without data traversing the public internet

✓ Why this option is correct:
• Uses the specific AWS service or pattern designed precisely for this problem type
• Covers all aspects mentioned in the scenario without gaps
• Includes necessary components for monitoring, scaling, and security
• Implements patterns recommended by AWS for production workloads
• Provides cost optimization and operational efficiency
• Integrates seamlessly with other AWS services

**Why Other Options Are Incorrect:**

Option A (INCORRECT):
✗ This approach is outdated and doesn't align with AWS best practices.

Option B (INCORRECT):
✗ While this service exists, it serves a different primary purpose
✗ Attempting to use this service would require significant workarounds
✗ The service lacks key features needed for this specific scenario
✗ Performance and cost would be suboptimal compared to the correct choice

Option D (INCORRECT):
✗ This option doesn't provide a complete solution.",[2],null,null,m_52_1,null,2026-03-11 01:41:54.116876+00
168797de-562a-490e-a509-b34bb58ab8ed,aws_certified_advanced_networking__specialty_ansc01_sfgd20,"When designing an inter-Region communication strategy, a company frequently encounters AWS service quotas, impacting their deployment speed. What is a crucial aspect to manage for maintaining efficient cross-Region routing?","[""Avoid using Transit Gateways for inter-Region connections"",""Monitor and request quota increases proactively"",""Always use public IP addresses for cross-Region traffic"",""Disable route propagation for inter-Region VPC attachments""]",52,44,mcq,"**CORRECT ANSWER: Option B (Index 1)**

Actively monitoring and requesting quota increases when planning inter-Region communication is essential to avoid hitting limits and ensure smooth operations

✓ Why this option is correct:
• Uses the specific AWS service or pattern designed precisely for this problem type
• Covers all aspects mentioned in the scenario without gaps
• Includes necessary components for monitoring, scaling, and security
• Implements patterns recommended by AWS for production workloads
• Provides cost optimization and operational efficiency
• Integrates seamlessly with other AWS services

**Why Other Options Are Incorrect:**

Option A (INCORRECT):
✗ This approach is outdated and doesn't align with AWS best practices.

Option C (INCORRECT):
✗ While this option addresses part of the requirement, it leaves critical gaps
✗ You would need to combine this with other services to complete the solution
✗ The partial coverage means this cannot stand alone as a complete solution
✗ Critical aspects of the scenario would remain unaddressed

Option D (INCORRECT):
✗ This option doesn't provide a complete solution.",[1],null,null,m_52_1,null,2026-03-11 01:41:54.116876+00
40a67a96-814a-4b22-aeea-2cddee88f2ef,aws_certified_advanced_networking__specialty_ansc01_sfgd20,A security team needs to capture and inspect all network traffic flowing between specific EC2 instances within a VPC for deep packet inspection. Which AWS service is best suited for this requirement?,"[""VPC Flow Logs"",""AWS CloudTrail"",""VPC Traffic Mirroring"",""Amazon CloudWatch Logs""]",52,45,mcq,"**CORRECT ANSWER: Option C (Index 2)**

VPC Traffic Mirroring allows you to capture and inspect network traffic from EC2 instances for deep packet analysis, security monitoring, and troubleshooting

✓ Why this option is correct:
• Uses the specific AWS service or pattern designed precisely for this problem type
• Covers all aspects mentioned in the scenario without gaps
• Includes necessary components for monitoring, scaling, and security
• Implements patterns recommended by AWS for production workloads
• Provides cost optimization and operational efficiency
• Integrates seamlessly with other AWS services

**Why Other Options Are Incorrect:**

Option A (INCORRECT):
✗ This approach is outdated and doesn't align with AWS best practices.

Option B (INCORRECT):
✗ While this service exists, it serves a different primary purpose
✗ Attempting to use this service would require significant workarounds
✗ The service lacks key features needed for this specific scenario
✗ Performance and cost would be suboptimal compared to the correct choice

Option D (INCORRECT):
✗ This option doesn't provide a complete solution.",[2],null,null,m_52_2,null,2026-03-11 01:41:54.116876+00
3d14a0ea-be4c-4b41-8857-14a7779ecb69,aws_certified_advanced_networking__specialty_ansc01_sfgd20,A network administrator suspects a routing misconfiguration preventing traffic from reaching an EC2 instance in a private subnet. What AWS tool can efficiently diagnose path reachability issues and identify potential routing problems?,"[""Amazon CloudWatch Metrics"",""AWS Network Manager"",""AWS Reachability Analyzer"",""VPC Flow Logs""]",52,46,mcq,"**CORRECT ANSWER: Option C (Index 2)**

AWS Reachability Analyzer evaluates network reachability between specified resources in your VPCs, diagnosing potential misconfigurations that prevent traffic flow

✓ Why this option is correct:
• Uses the specific AWS service or pattern designed precisely for this problem type
• Covers all aspects mentioned in the scenario without gaps
• Includes necessary components for monitoring, scaling, and security
• Implements patterns recommended by AWS for production workloads
• Provides cost optimization and operational efficiency
• Integrates seamlessly with other AWS services

**Why Other Options Are Incorrect:**

Option A (INCORRECT):
✗ This approach is outdated and doesn't align with AWS best practices.

Option B (INCORRECT):
✗ While this service exists, it serves a different primary purpose
✗ Attempting to use this service would require significant workarounds
✗ The service lacks key features needed for this specific scenario
✗ Performance and cost would be suboptimal compared to the correct choice

Option D (INCORRECT):
✗ This option doesn't provide a complete solution.",[2],null,null,m_52_2,null,2026-03-11 01:41:54.116876+00
2694bae1-3239-48b3-86d6-9bd03e6708d3,aws_certified_advanced_networking__specialty_ansc01_sfgd20,"Users are reporting intermittent connectivity and slow performance to an application hosted on EC2 instances. After initial checks, a network engineer suspects potential MTU issues. How can this be effectively diagnosed within AWS?","[""Analyzing CloudWatch metrics for CPU utilization"",""Checking VPC Flow Logs for dropped packets"",""Using ping with varying packet sizes"",""Reviewing Route 53 health check logs""]",52,47,mcq,"**CORRECT ANSWER: Option C (Index 2)**

Diagnosing MTU issues often involves using tools like ping with the DF (Don't Fragment) bit set and varying packet sizes to identify the maximum transmission unit along the path

✓ Why this option is correct:
• Uses the specific AWS service or pattern designed precisely for this problem type
• Covers all aspects mentioned in the scenario without gaps
• Includes necessary components for monitoring, scaling, and security
• Implements patterns recommended by AWS for production workloads
• Provides cost optimization and operational efficiency
• Integrates seamlessly with other AWS services

**Why Other Options Are Incorrect:**

Option A (INCORRECT):
✗ This approach is outdated and doesn't align with AWS best practices.

Option B (INCORRECT):
✗ While this service exists, it serves a different primary purpose
✗ Attempting to use this service would require significant workarounds
✗ The service lacks key features needed for this specific scenario
✗ Performance and cost would be suboptimal compared to the correct choice

Option D (INCORRECT):
✗ This option doesn't provide a complete solution.",[2],null,null,m_52_2,null,2026-03-11 01:41:54.116876+00
71b336ae-626c-4055-ac83-c62aab941b53,mock_50_all_1775001536997,"A developer has deployed a web application on Amazon EC2 instances behind an Application Load Balancer (ALB). Users are reporting intermittent connection issues and slow responses. The developer needs to identify the source IP addresses of the clients and analyze network traffic patterns to troubleshoot, with MINIMAL impact on application performance.","[""Enable VPC Traffic Mirroring for the EC2 instances to capture full packet data."",""Install a network monitoring agent on each EC2 instance to log traffic."",""Enable VPC Flow Logs for the subnets where the EC2 instances are deployed and send them to Amazon CloudWatch Logs."",""Use AWS Network Manager to visualize the entire network topology and identify bottlenecks.""]",52,6,mcq,"**CORRECT ANSWER: Option C (Index 2)**

Diagnosing MTU issues often involves using tools like ping with the DF (Don't Fragment) bit set and varying packet sizes to identify the maximum transmission unit along the path

✓ Why this option is correct:
• Uses the specific AWS service or pattern designed precisely for this problem type
• Covers all aspects mentioned in the scenario without gaps
• Includes necessary components for monitoring, scaling, and security
• Implements patterns recommended by AWS for production workloads
• Provides cost optimization and operational efficiency
• Integrates seamlessly with other AWS services

**Why Other Options Are Incorrect:**

Option A (INCORRECT):
✗ This approach is outdated and doesn't align with AWS best practices.

Option B (INCORRECT):
✗ While this service exists, it serves a different primary purpose
✗ Attempting to use this service would require significant workarounds
✗ The service lacks key features needed for this specific scenario
✗ Performance and cost would be suboptimal compared to the correct choice

Option D (INCORRECT):
✗ This option doesn't provide a complete solution.",[2],null,null,m_52_2,null,2026-04-01 02:22:45.261679+00
316f5172-4f36-426a-950f-e3709eeb802b,aws_certified_advanced_networking__specialty_ansc01_sfgd20,"To verify that network configurations align with expected traffic patterns and security policies across a multi-VPC environment, a network engineer needs to automate checks and map topology. Which service assists with this?","[""AWS Config"",""Amazon CloudWatch Alarms"",""AWS Network Manager"",""VPC Security Groups""]",52,48,mcq,"**CORRECT ANSWER: Option C (Index 2)**

AWS Network Manager provides a centralized management console to visualize and monitor your global network, helping map topology and verify configuration intent

✓ Why this option is correct:
• Uses the specific AWS service or pattern designed precisely for this problem type
• Covers all aspects mentioned in the scenario without gaps
• Includes necessary components for monitoring, scaling, and security
• Implements patterns recommended by AWS for production workloads
• Provides cost optimization and operational efficiency
• Integrates seamlessly with other AWS services

**Why Other Options Are Incorrect:**

Option A (INCORRECT):
✗ This approach is outdated and doesn't align with AWS best practices.

Option B (INCORRECT):
✗ While this service exists, it serves a different primary purpose
✗ Attempting to use this service would require significant workarounds
✗ The service lacks key features needed for this specific scenario
✗ Performance and cost would be suboptimal compared to the correct choice

Option D (INCORRECT):
✗ This option doesn't provide a complete solution.",[2],null,null,m_52_2,null,2026-03-11 01:41:54.116876+00
3a94e4c2-dd24-4cce-b634-ebf834d7b3e5,aws_certified_advanced_networking__specialty_ansc01_sfgd20,An HPC application running on EC2 instances requires extremely low latency and high network throughput. Which network interface technology should be prioritized for optimal performance?,"[""Standard network interfaces"",""Elastic Network Adapters (ENA)"",""Elastic Fabric Adapters (EFA)"",""Jumbo frames on standard NICs""]",52,49,mcq,"**CORRECT ANSWER: Option C (Index 2)**

Elastic Fabric Adapters (EFA) are specifically designed for High-Performance Computing (HPC) and machine learning applications, providing lower latency and higher throughput than ENAs

✓ Why this option is correct:
• Uses the specific AWS service or pattern designed precisely for this problem type
• Covers all aspects mentioned in the scenario without gaps
• Includes necessary components for monitoring, scaling, and security
• Implements patterns recommended by AWS for production workloads
• Provides cost optimization and operational efficiency
• Integrates seamlessly with other AWS services

**Why Other Options Are Incorrect:**

Option A (INCORRECT):
✗ This approach is outdated and doesn't align with AWS best practices.

Option B (INCORRECT):
✗ While this service exists, it serves a different primary purpose
✗ Attempting to use this service would require significant workarounds
✗ The service lacks key features needed for this specific scenario
✗ Performance and cost would be suboptimal compared to the correct choice

Option D (INCORRECT):
✗ This option doesn't provide a complete solution.",[2],null,null,m_52_3,null,2026-03-11 01:41:54.116876+00
bc03b1ab-d935-48d3-82ee-171f303c7547,aws_certified_advanced_networking__specialty_ansc01_sfgd20,"A global web application needs to improve user experience by routing traffic to the optimal AWS endpoint, reducing latency and increasing availability across multiple Regions. What AWS service is best suited?","[""Amazon Route 53 with DNS failover"",""AWS Global Accelerator"",""AWS Transit Gateway"",""Application Load Balancer (ALB)""]",52,50,mcq,"**CORRECT ANSWER: Option B (Index 1)**

AWS Global Accelerator uses the AWS global network to route user traffic to the closest healthy endpoint, significantly improving application performance and availability

✓ Why this option is correct:
• Uses the specific AWS service or pattern designed precisely for this problem type
• Covers all aspects mentioned in the scenario without gaps
• Includes necessary components for monitoring, scaling, and security
• Implements patterns recommended by AWS for production workloads
• Provides cost optimization and operational efficiency
• Integrates seamlessly with other AWS services

**Why Other Options Are Incorrect:**

Option A (INCORRECT):
✗ This approach is outdated and doesn't align with AWS best practices.

Option C (INCORRECT):
✗ While this option addresses part of the requirement, it leaves critical gaps
✗ You would need to combine this with other services to complete the solution
✗ The partial coverage means this cannot stand alone as a complete solution
✗ Critical aspects of the scenario would remain unaddressed

Option D (INCORRECT):
✗ This option doesn't provide a complete solution.",[1],null,null,m_52_3,null,2026-03-11 01:41:54.116876+00
6aed702c-5589-45ac-82ec-b0d929217d98,aws_certified_advanced_networking__specialty_ansc01_sfgd20,"To ensure high availability and responsiveness of a critical application behind a Network Load Balancer, it's crucial to detect and react quickly to unhealthy instances. Which Route 53 feature should be integrated?","[""Route 53 Resolver endpoints"",""Route 53 health checks"",""Route 53 private hosted zones"",""Route 53 traffic policies""]",52,51,mcq,"**CORRECT ANSWER: Option B (Index 1)**

Amazon Route 53 health checks monitor the health of your resources and can be integrated with DNS records to automatically route traffic away from unhealthy endpoints, improving reliability

✓ Why this option is correct:
• Uses the specific AWS service or pattern designed precisely for this problem type
• Covers all aspects mentioned in the scenario without gaps
• Includes necessary components for monitoring, scaling, and security
• Implements patterns recommended by AWS for production workloads
• Provides cost optimization and operational efficiency
• Integrates seamlessly with other AWS services

**Why Other Options Are Incorrect:**

Option A (INCORRECT):
✗ This approach is outdated and doesn't align with AWS best practices.

Option C (INCORRECT):
✗ While this option addresses part of the requirement, it leaves critical gaps
✗ You would need to combine this with other services to complete the solution
✗ The partial coverage means this cannot stand alone as a complete solution
✗ Critical aspects of the scenario would remain unaddressed

Option D (INCORRECT):
✗ This option doesn't provide a complete solution.",[1],null,null,m_52_3,null,2026-03-11 01:41:54.116876+00
2bc124f9-aea8-404c-a03f-c521add7ced9,aws_certified_advanced_networking__specialty_ansc01_sfgd20,"A company wants to reduce bandwidth costs for delivering static and dynamic web content to a global audience, while also improving content delivery speed. Which AWS service is explicitly designed for this?","[""Amazon S3"",""Amazon EC2"",""Amazon CloudFront"",""AWS Direct Connect""]",52,52,mcq,"**CORRECT ANSWER: Option C (Index 2)**

Amazon CloudFront is a content delivery network (CDN) that caches content at edge locations, reducing bandwidth costs and improving content delivery speed for global users

✓ Why this option is correct:
• Uses the specific AWS service or pattern designed precisely for this problem type
• Covers all aspects mentioned in the scenario without gaps
• Includes necessary components for monitoring, scaling, and security
• Implements patterns recommended by AWS for production workloads
• Provides cost optimization and operational efficiency
• Integrates seamlessly with other AWS services

**Why Other Options Are Incorrect:**

Option A (INCORRECT):
✗ This approach is outdated and doesn't align with AWS best practices.

Option B (INCORRECT):
✗ While this service exists, it serves a different primary purpose
✗ Attempting to use this service would require significant workarounds
✗ The service lacks key features needed for this specific scenario
✗ Performance and cost would be suboptimal compared to the correct choice

Option D (INCORRECT):
✗ This option doesn't provide a complete solution.",[2],null,null,m_52_3,null,2026-03-11 01:41:54.116876+00
5bf2078f-178e-4cf3-a6b2-c8f4ddf5dab0,aws_certified_advanced_networking__specialty_ansc01_sfgd20,A solutions architect needs to secure data in transit between an on-premises data center and AWS over a Direct Connect connection. Which two services/protocols are recommended to implement confidentiality for this communication path?,"[""AWS WAF and AWS Shield"",""AWS KMS and S3 bucket policies"",""IPsec and TLS"",""AWS Network Firewall and VPC Flow Logs""]",53,53,mcq,"**CORRECT ANSWER: Option C (Index 2)**

The module description explicitly mentions encrypting with TLS and IPsec, and enabling over Direct Connect for data in transit confidentiality

✓ Why this option is correct:
• Uses the specific AWS service or pattern designed precisely for this problem type
• Covers all aspects mentioned in the scenario without gaps
• Includes necessary components for monitoring, scaling, and security
• Implements patterns recommended by AWS for production workloads
• Provides cost optimization and operational efficiency
• Integrates seamlessly with other AWS services

**Why Other Options Are Incorrect:**

Option A (INCORRECT):
✗ This approach is outdated and doesn't align with AWS best practices.

Option B (INCORRECT):
✗ While this service exists, it serves a different primary purpose
✗ Attempting to use this service would require significant workarounds
✗ The service lacks key features needed for this specific scenario
✗ Performance and cost would be suboptimal compared to the correct choice

Option D (INCORRECT):
✗ This option doesn't provide a complete solution.",[2],null,null,m_53_3,null,2026-03-11 01:41:54.116876+00
eea00ab8-a589-4f14-b666-a3f7237c88f5,aws_certified_advanced_networking__specialty_ansc01_sfgd20,An organization needs to manage and automate the rotation of TLS certificates for its public-facing ALB and CloudFront distributions to meet compliance requirements. Which AWS service should be utilized for this purpose?,"[""AWS Certificate Manager (ACM)"",""AWS Private Certificate Authority (PCA)"",""AWS Key Management Service (KMS)"",""AWS Secrets Manager""]",53,54,mcq,"**CORRECT ANSWER: Option A (Index 0)**

ACM is designed to provision, manage, and deploy public and private SSL/TLS certificates for use with AWS services like ALBs and CloudFront, including automated rotation for ACM-issued certificates

✓ Why this option is correct:
• Uses the specific AWS service or pattern designed precisely for this problem type
• Covers all aspects mentioned in the scenario without gaps
• Includes necessary components for monitoring, scaling, and security
• Implements patterns recommended by AWS for production workloads
• Provides cost optimization and operational efficiency
• Integrates seamlessly with other AWS services

**Why Other Options Are Incorrect:**

Option B (INCORRECT):
✗ While this service exists, it serves a different primary purpose
✗ Attempting to use this service would require significant workarounds
✗ The service lacks key features needed for this specific scenario
✗ Performance and cost would be suboptimal compared to the correct choice

Option C (INCORRECT):
✗ While this option addresses part of the requirement, it leaves critical gaps
✗ You would need to combine this with other services to complete the solution
✗ The partial coverage means this cannot stand alone as a complete solution
✗ Critical aspects of the scenario would remain unaddressed

Option D (INCORRECT):
✗ This option doesn't provide a complete solution.",[0],null,null,m_53_3,null,2026-03-11 01:41:54.116876+00
700d509f-1287-434b-9e89-4a39140b4447,aws_certified_advanced_networking__specialty_ansc01_sfgd20,"To prevent DNS spoofing and ensure the authenticity and integrity of DNS responses for a public domain hosted on Route 53, a network engineer should implement which security mechanism?","[""DNS over HTTPS (DoH)"",""DNSSEC (DNS Security Extensions)"",""PrivateLink endpoints"",""Security Groups""]",53,55,mcq,"**CORRECT ANSWER: Option B (Index 1)**

The module description specifically mentions securing DNS with DNSSEC to protect data in transit and meet compliance for DNS

✓ Why this option is correct:
• Uses the specific AWS service or pattern designed precisely for this problem type
• Covers all aspects mentioned in the scenario without gaps
• Includes necessary components for monitoring, scaling, and security
• Implements patterns recommended by AWS for production workloads
• Provides cost optimization and operational efficiency
• Integrates seamlessly with other AWS services

**Why Other Options Are Incorrect:**

Option A (INCORRECT):
✗ This approach is outdated and doesn't align with AWS best practices.

Option C (INCORRECT):
✗ While this option addresses part of the requirement, it leaves critical gaps
✗ You would need to combine this with other services to complete the solution
✗ The partial coverage means this cannot stand alone as a complete solution
✗ Critical aspects of the scenario would remain unaddressed

Option D (INCORRECT):
✗ This option doesn't provide a complete solution.",[1],null,null,m_53_3,null,2026-03-11 01:41:54.116876+00
3b408092-6ac7-4812-9b6a-f5d1341c3a61,aws_certified_advanced_networking__specialty_ansc01_sfgd20,A company requires strict confidentiality for data stored in an S3 bucket accessed by applications. What is the most appropriate method to ensure data is encrypted in transit when applications interact with S3?,"[""Enable server-side encryption with S3-managed keys (SSE-S3)"",""Configure client-side encryption before uploading to S3"",""Use HTTPS (TLS) endpoints for all S3 interactions"",""Apply an S3 bucket policy to deny unencrypted uploads""]",53,56,mcq,"**CORRECT ANSWER: Option C (Index 2)**

While server-side and client-side encryption protect data at rest, HTTPS (TLS) ensures data is encrypted in transit between the client and S3, which aligns with the module's focus on confidentiality of data and communications of the network using TLS

✓ Why this option is correct:
• Uses the specific AWS service or pattern designed precisely for this problem type
• Covers all aspects mentioned in the scenario without gaps
• Includes necessary components for monitoring, scaling, and security
• Implements patterns recommended by AWS for production workloads
• Provides cost optimization and operational efficiency
• Integrates seamlessly with other AWS services

**Why Other Options Are Incorrect:**

Option A (INCORRECT):
✗ This approach is outdated and doesn't align with AWS best practices.

Option B (INCORRECT):
✗ While this service exists, it serves a different primary purpose
✗ Attempting to use this service would require significant workarounds
✗ The service lacks key features needed for this specific scenario
✗ Performance and cost would be suboptimal compared to the correct choice

Option D (INCORRECT):
✗ This option doesn't provide a complete solution.",[2],null,null,m_53_3,null,2026-03-11 01:41:54.116876+00
cb37c2c2-d146-4edf-9b35-48bbcbccad98,aws_certified_advanced_networking__specialty_ansc01_sfgd20,A company needs to protect its web application running on EC2 instances from common web exploits and unwanted bot traffic. Which AWS service is best suited for securing inbound web application flows at the application layer?,"[""AWS Network Firewall"",""AWS WAF (Web Application Firewall)"",""VPC Security Groups"",""AWS Shield Advanced""]",53,57,mcq,"**CORRECT ANSWER: Option B (Index 1)**

The module description explicitly mentions deploying WAF to secure inbound/outbound flows, specifically for protection against web exploits at the application layer

✓ Why this option is correct:
• Uses the specific AWS service or pattern designed precisely for this problem type
• Covers all aspects mentioned in the scenario without gaps
• Includes necessary components for monitoring, scaling, and security
• Implements patterns recommended by AWS for production workloads
• Provides cost optimization and operational efficiency
• Integrates seamlessly with other AWS services

**Why Other Options Are Incorrect:**

Option A (INCORRECT):
✗ This approach is outdated and doesn't align with AWS best practices.

Option C (INCORRECT):
✗ While this option addresses part of the requirement, it leaves critical gaps
✗ You would need to combine this with other services to complete the solution
✗ The partial coverage means this cannot stand alone as a complete solution
✗ Critical aspects of the scenario would remain unaddressed

Option D (INCORRECT):
✗ This option doesn't provide a complete solution.",[1],null,null,m_53_1,null,2026-03-11 01:41:54.116876+00
3165f5d2-22b3-44e8-b4e2-276527d5de2d,aws_certified_advanced_networking__specialty_ansc01_sfgd20,"A network engineer wants to implement a robust perimeter VPC with a three-tier architecture, allowing granular control over traffic to and from subnet groups. What is the primary difference in functionality between Security Groups and Network ACLs (NACLs) in this scenario?","[""Security Groups are stateless; NACLs are stateful."",""Security Groups operate at the subnet level; NACLs operate at the instance level."",""Security Groups are stateful; NACLs are stateless."",""Security Groups allow only `allow` rules; NACLs allow both `allow` and `deny` rules.""]",53,58,mcq,"**CORRECT ANSWER: Option C (Index 2)**

Security groups are stateful, automatically allowing return traffic

✓ Why this option is correct:
• Uses the specific AWS service or pattern designed precisely for this problem type
• Covers all aspects mentioned in the scenario without gaps
• Includes necessary components for monitoring, scaling, and security
• Implements patterns recommended by AWS for production workloads
• Provides cost optimization and operational efficiency
• Integrates seamlessly with other AWS services

**Why Other Options Are Incorrect:**

Option A (INCORRECT):
✗ This approach is outdated and doesn't align with AWS best practices.

Option B (INCORRECT):
✗ While this service exists, it serves a different primary purpose
✗ Attempting to use this service would require significant workarounds
✗ The service lacks key features needed for this specific scenario
✗ Performance and cost would be suboptimal compared to the correct choice

Option D (INCORRECT):
✗ This option doesn't provide a complete solution.",[2],null,null,m_53_1,null,2026-03-11 01:41:54.116876+00
510d2d3b-8502-4d6b-9b01-efe9372ece80,aws_certified_advanced_networking__specialty_ansc01_sfgd20,An organization aims to enforce strict compliance by preventing specific EC2 instances in a private subnet from accessing public AWS services directly over the internet. Which measure should be implemented to achieve this using endpoint policies?,"[""Configure Security Groups to deny all outbound traffic."",""Use an AWS Network Firewall to block traffic to public service endpoints."",""Implement a Gateway Load Balancer for traffic inspection."",""Configure VPC Endpoint policies to restrict access to specific services for instances.""]",53,59,mcq,"**CORRECT ANSWER: Option D (Index 3)**

Endpoint policies allow granular control over access to AWS services via VPC endpoints, ensuring only authorized actions can be performed, which directly supports securing inbound/outbound flows and compliance needs

✓ Why this option is correct:
• Uses the specific AWS service or pattern designed precisely for this problem type
• Covers all aspects mentioned in the scenario without gaps
• Includes necessary components for monitoring, scaling, and security
• Implements patterns recommended by AWS for production workloads
• Provides cost optimization and operational efficiency
• Integrates seamlessly with other AWS services

**Why Other Options Are Incorrect:**

Option A (INCORRECT):
✗ This approach is outdated and doesn't align with AWS best practices.

Option B (INCORRECT):
✗ While this service exists, it serves a different primary purpose
✗ Attempting to use this service would require significant workarounds
✗ The service lacks key features needed for this specific scenario
✗ Performance and cost would be suboptimal compared to the correct choice

Option C (INCORRECT):
✗ While this option addresses part of the requirement, it leaves critical gaps
✗ You would need to combine this with other services to complete the solution
✗ The partial coverage means this cannot stand alone as a complete solution
✗ Critical aspects of the scenario would remain unaddressed",[3],null,null,m_53_1,null,2026-03-11 01:41:54.116876+00
080ba5a7-84f1-4351-bb4c-c52c05dda1b6,aws_certified_advanced_networking__specialty_ansc01_sfgd20,"To achieve defense-in-depth and secure inbound/outbound flows, a company decides to build a perimeter VPC with a three-tier architecture. What is the primary benefit of deploying AWS Shield Advanced in this setup?","[""Enforcing application-level access control policies."",""Providing managed threat intelligence and DDoS protection for applications."",""Encrypting data in transit between VPCs."",""Automating certificate rotation for network devices.""]",53,60,mcq,"**CORRECT ANSWER: Option B (Index 1)**

The module mentions deploying Shield to meet security and compliance needs

✓ Why this option is correct:
• Uses the specific AWS service or pattern designed precisely for this problem type
• Covers all aspects mentioned in the scenario without gaps
• Includes necessary components for monitoring, scaling, and security
• Implements patterns recommended by AWS for production workloads
• Provides cost optimization and operational efficiency
• Integrates seamlessly with other AWS services

**Why Other Options Are Incorrect:**

Option A (INCORRECT):
✗ This approach is outdated and doesn't align with AWS best practices.

Option C (INCORRECT):
✗ While this option addresses part of the requirement, it leaves critical gaps
✗ You would need to combine this with other services to complete the solution
✗ The partial coverage means this cannot stand alone as a complete solution
✗ Critical aspects of the scenario would remain unaddressed

Option D (INCORRECT):
✗ This option doesn't provide a complete solution.",[1],null,null,m_53_1,null,2026-03-11 01:41:54.116876+00
e5642023-339b-4e08-baa6-59cdc8b7cded,aws_certified_advanced_networking__specialty_ansc01_sfgd20,A security engineer needs to capture metadata about IP traffic going to and from network interfaces in a VPC to detect unusual traffic patterns and troubleshoot connectivity issues. Which AWS service should be enabled?,"[""VPC Flow Logs"",""AWS CloudTrail"",""Amazon CloudWatch Logs"",""AWS Config""]",53,61,mcq,"**CORRECT ANSWER: Option A (Index 0)**

The module description explicitly states enabling Flow Logs to validate and audit security, specifically for network monitoring and detecting anomalies in traffic

✓ Why this option is correct:
• Uses the specific AWS service or pattern designed precisely for this problem type
• Covers all aspects mentioned in the scenario without gaps
• Includes necessary components for monitoring, scaling, and security
• Implements patterns recommended by AWS for production workloads
• Provides cost optimization and operational efficiency
• Integrates seamlessly with other AWS services

**Why Other Options Are Incorrect:**

Option B (INCORRECT):
✗ While this service exists, it serves a different primary purpose
✗ Attempting to use this service would require significant workarounds
✗ The service lacks key features needed for this specific scenario
✗ Performance and cost would be suboptimal compared to the correct choice

Option C (INCORRECT):
✗ While this option addresses part of the requirement, it leaves critical gaps
✗ You would need to combine this with other services to complete the solution
✗ The partial coverage means this cannot stand alone as a complete solution
✗ Critical aspects of the scenario would remain unaddressed

Option D (INCORRECT):
✗ This option doesn't provide a complete solution.",[0],null,null,m_53_2,null,2026-03-11 01:41:54.116876+00
36c35baf-043c-4cfc-ac76-f78b89f6922d,aws_certified_advanced_networking__specialty_ansc01_sfgd20,"To ensure configuration compliance and audit all API calls and significant events made to AWS services within their account, including network configuration changes, what logging service should a company enable?","[""Amazon Kinesis Data Firehose"",""AWS CloudTrail"",""VPC Traffic Mirroring"",""Amazon S3 access logs""]",53,62,mcq,"**CORRECT ANSWER: Option B (Index 1)**

CloudTrail logs all API calls and events for AWS services, providing an audit trail for changes to network configurations and other resources, as mentioned in the module description for auditing security

✓ Why this option is correct:
• Uses the specific AWS service or pattern designed precisely for this problem type
• Covers all aspects mentioned in the scenario without gaps
• Includes necessary components for monitoring, scaling, and security
• Implements patterns recommended by AWS for production workloads
• Provides cost optimization and operational efficiency
• Integrates seamlessly with other AWS services

**Why Other Options Are Incorrect:**

Option A (INCORRECT):
✗ This approach is outdated and doesn't align with AWS best practices.

Option C (INCORRECT):
✗ While this option addresses part of the requirement, it leaves critical gaps
✗ You would need to combine this with other services to complete the solution
✗ The partial coverage means this cannot stand alone as a complete solution
✗ Critical aspects of the scenario would remain unaddressed

Option D (INCORRECT):
✗ This option doesn't provide a complete solution.",[1],null,null,m_53_2,null,2026-03-11 01:41:54.116876+00
8e805ffe-c54e-473a-a57e-aebbf1c21263,aws_certified_advanced_networking__specialty_ansc01_sfgd20,"A network administrator wants to proactively detect anomalous network activity, such as unusual spikes in data transfer or abnormal port usage, and receive immediate notifications. Which combination of services should be used?","[""AWS Config rules and SNS notifications"",""CloudWatch custom metrics and alarms"",""AWS Trusted Advisor and GuardDuty"",""VPC Flow Logs delivered to S3""]",53,63,mcq,"**CORRECT ANSWER: Option B (Index 1)**

The module description mentions using CloudWatch alarms and custom metrics to detect anomalies and ensure configuration compliance

✓ Why this option is correct:
• Uses the specific AWS service or pattern designed precisely for this problem type
• Covers all aspects mentioned in the scenario without gaps
• Includes necessary components for monitoring, scaling, and security
• Implements patterns recommended by AWS for production workloads
• Provides cost optimization and operational efficiency
• Integrates seamlessly with other AWS services

**Why Other Options Are Incorrect:**

Option A (INCORRECT):
✗ This approach is outdated and doesn't align with AWS best practices.

Option C (INCORRECT):
✗ While this option addresses part of the requirement, it leaves critical gaps
✗ You would need to combine this with other services to complete the solution
✗ The partial coverage means this cannot stand alone as a complete solution
✗ Critical aspects of the scenario would remain unaddressed

Option D (INCORRECT):
✗ This option doesn't provide a complete solution.",[1],null,null,m_53_2,null,2026-03-11 01:41:54.116876+00
dda573dc-9f64-442a-a0de-5f0531e1d2d0,mock_50_all_1775003086539,"A network administrator wants to identify potential network performance bottlenecks and security threats within their Amazon VPC. They need to capture detailed information about IP traffic going to and from network interfaces, including source/destination IPs, ports, and protocols. Which AWS service should be enabled to collect this data?","[""Amazon VPC Flow Logs."",""AWS CloudTrail."",""Amazon CloudWatch Metrics."",""AWS Config.""]",53,16,mcq,"**CORRECT ANSWER: Option B (Index 1)**

The module description mentions using CloudWatch alarms and custom metrics to detect anomalies and ensure configuration compliance

✓ Why this option is correct:
• Uses the specific AWS service or pattern designed precisely for this problem type
• Covers all aspects mentioned in the scenario without gaps
• Includes necessary components for monitoring, scaling, and security
• Implements patterns recommended by AWS for production workloads
• Provides cost optimization and operational efficiency
• Integrates seamlessly with other AWS services

**Why Other Options Are Incorrect:**

Option A (INCORRECT):
✗ This approach is outdated and doesn't align with AWS best practices.

Option C (INCORRECT):
✗ While this option addresses part of the requirement, it leaves critical gaps
✗ You would need to combine this with other services to complete the solution
✗ The partial coverage means this cannot stand alone as a complete solution
✗ Critical aspects of the scenario would remain unaddressed

Option D (INCORRECT):
✗ This option doesn't provide a complete solution.",[1],null,null,m_53_2,null,2026-04-01 02:22:45.261679+00
cd5b397b-2ad2-4c62-9003-3fbb34b6b99e,aws_certified_advanced_networking__specialty_ansc01_sfgd20,A global enterprise needs to manage and audit security policies across multiple AWS accounts and VPCs centrally to ensure consistent firewall rules and compliance. Which AWS service is designed for this network-wide audit strategy?,"[""AWS Organizations"",""AWS Firewall Manager"",""Amazon Inspector"",""AWS Security Hub""]",53,64,mcq,"**CORRECT ANSWER: Option B (Index 1)**

The module description mentions auditing via Firewall Manager to deliver a network-wide audit strategy and ensure configuration compliance across accounts

✓ Why this option is correct:
• Uses the specific AWS service or pattern designed precisely for this problem type
• Covers all aspects mentioned in the scenario without gaps
• Includes necessary components for monitoring, scaling, and security
• Implements patterns recommended by AWS for production workloads
• Provides cost optimization and operational efficiency
• Integrates seamlessly with other AWS services

**Why Other Options Are Incorrect:**

Option A (INCORRECT):
✗ This approach is outdated and doesn't align with AWS best practices.

Option C (INCORRECT):
✗ While this option addresses part of the requirement, it leaves critical gaps
✗ You would need to combine this with other services to complete the solution
✗ The partial coverage means this cannot stand alone as a complete solution
✗ Critical aspects of the scenario would remain unaddressed

Option D (INCORRECT):
✗ This option doesn't provide a complete solution.",[1],null,null,m_53_2,null,2026-03-11 01:41:54.116876+00