question_id,certification,source_file
q_63_m_63_1_18,13_cloud_practitioner,13_cloud_practitioner_results.txt
q_63_m_63_2_17,13_cloud_practitioner,13_cloud_practitioner_results.txt
q_63_m_63_1_20,13_cloud_practitioner,13_cloud_practitioner_results.txt
q_63_m_63_2_20,13_cloud_practitioner,13_cloud_practitioner_results.txt
q_63_m_63_1_22,13_cloud_practitioner,13_cloud_practitioner_results.txt
q_63_m_63_1_23,13_cloud_practitioner,13_cloud_practitioner_results.txt
q_63_m_63_1_34,13_cloud_practitioner,13_cloud_practitioner_results.txt
q_63_m_63_2_40,13_cloud_practitioner,13_cloud_practitioner_results.txt
q_61_m_61_3_27,13_cloud_practitioner,13_cloud_practitioner_results.txt
q_61_m_61_3_28,13_cloud_practitioner,13_cloud_practitioner_results.txt
q_61_m_61_3_30,13_cloud_practitioner,13_cloud_practitioner_results.txt
q_61_m_61_4_34,13_cloud_practitioner,13_cloud_practitioner_results.txt
q_61_m_61_3_43,13_cloud_practitioner,13_cloud_practitioner_results.txt
q_60_m_60_3_35,13_cloud_practitioner,13_cloud_practitioner_results.txt
q_60_m_60_3_40,13_cloud_practitioner,13_cloud_practitioner_results.txt
q_60_m_60_4_49,13_cloud_practitioner,13_cloud_practitioner_results.txt
q_60_m_60_2_39,13_cloud_practitioner,13_cloud_practitioner_results.txt
q_62_m_62_1_29,13_cloud_practitioner,13_cloud_practitioner_results.txt
q_62_m_62_1_35,13_cloud_practitioner,13_cloud_practitioner_results.txt
q_62_m_62_3_25,13_cloud_practitioner,13_cloud_practitioner_results.txt
q_62_m_62_4_18,13_cloud_practitioner,13_cloud_practitioner_results.txt
q_63_m_63_2_46,13_cloud_practitioner,13_cloud_practitioner_results.txt
q_63_m_63_3_39,13_cloud_practitioner,13_cloud_practitioner_results.txt
q_60_m_60_1_99,13_cloud_practitioner,13_cloud_practitioner_results.txt
q_61_m_61_3_92,13_cloud_practitioner,13_cloud_practitioner_results.txt
q_61_m_61_4_82,13_cloud_practitioner,13_cloud_practitioner_results.txt
q_61_m_61_4_85,13_cloud_practitioner,13_cloud_practitioner_results.txt
q_61_m_61_4_89,13_cloud_practitioner,13_cloud_practitioner_results.txt
q_61_m_61_1_62,13_cloud_practitioner,13_cloud_practitioner_results.txt
q_62_m_62_2_61,13_cloud_practitioner,13_cloud_practitioner_results.txt
q_62_m_62_2_63,13_cloud_practitioner,13_cloud_practitioner_results.txt
q_62_m_62_2_65,13_cloud_practitioner,13_cloud_practitioner_results.txt
q_62_m_62_7_62,13_cloud_practitioner,13_cloud_practitioner_results.txt
q_62_m_62_7_65,13_cloud_practitioner,13_cloud_practitioner_results.txt
q_62_m_62_7_66,13_cloud_practitioner,13_cloud_practitioner_results.txt
q_62_m_62_7_69,13_cloud_practitioner,13_cloud_practitioner_results.txt
q_62_m_62_7_72,13_cloud_practitioner,13_cloud_practitioner_results.txt
q_62_m_62_7_73,13_cloud_practitioner,13_cloud_practitioner_results.txt
q_62_m_62_3_56,13_cloud_practitioner,13_cloud_practitioner_results.txt
q_62_m_62_3_62,13_cloud_practitioner,13_cloud_practitioner_results.txt
q_62_m_62_3_65,13_cloud_practitioner,13_cloud_practitioner_results.txt
q_62_m_62_3_67,13_cloud_practitioner,13_cloud_practitioner_results.txt
q_62_m_62_4_58,13_cloud_practitioner,13_cloud_practitioner_results.txt
q_62_m_62_4_60,13_cloud_practitioner,13_cloud_practitioner_results.txt
q_62_m_62_4_63,13_cloud_practitioner,13_cloud_practitioner_results.txt
q_62_m_62_5_59,13_cloud_practitioner,13_cloud_practitioner_results.txt
q_62_m_62_5_61,13_cloud_practitioner,13_cloud_practitioner_results.txt
q_62_m_62_6_47,13_cloud_practitioner,13_cloud_practitioner_results.txt
q_62_m_62_6_59,13_cloud_practitioner,13_cloud_practitioner_results.txt
q_62_m_62_8_43,13_cloud_practitioner,13_cloud_practitioner_results.txt
q_63_m_63_1_90,13_cloud_practitioner,13_cloud_practitioner_results.txt
q_63_m_63_1_94,13_cloud_practitioner,13_cloud_practitioner_results.txt
q_60_m_60_1_70,13_cloud_practitioner,13_cloud_practitioner_results.txt
q_61_m_61_1_38,13_cloud_practitioner,13_cloud_practitioner_results.txt
q_61_m_61_2_62,13_cloud_practitioner,13_cloud_practitioner_results.txt
q_62_m_62_1_47,13_cloud_practitioner,13_cloud_practitioner_results.txt
q_62_m_62_1_49,13_cloud_practitioner,13_cloud_practitioner_results.txt
q_62_m_62_5_32,13_cloud_practitioner,13_cloud_practitioner_results.txt
q_62_m_62_5_42,13_cloud_practitioner,13_cloud_practitioner_results.txt
q_62_m_62_6_29,13_cloud_practitioner,13_cloud_practitioner_results.txt
q_60_m_60_2_100,13_cloud_practitioner,13_cloud_practitioner_results.txt
q_61_m_61_3_98,13_cloud_practitioner,13_cloud_practitioner_results.txt
q_61_m_61_3_102,13_cloud_practitioner,13_cloud_practitioner_results.txt
q_61_m_61_4_90,13_cloud_practitioner,13_cloud_practitioner_results.txt
q_61_m_61_4_94,13_cloud_practitioner,13_cloud_practitioner_results.txt
q_61_m_61_4_95,13_cloud_practitioner,13_cloud_practitioner_results.txt
q_61_m_61_2_91,13_cloud_practitioner,13_cloud_practitioner_results.txt
q_61_m_61_1_75,13_cloud_practitioner,13_cloud_practitioner_results.txt
q_61_m_61_1_80,13_cloud_practitioner,13_cloud_practitioner_results.txt
q_62_m_62_1_82,13_cloud_practitioner,13_cloud_practitioner_results.txt
q_62_m_62_1_84,13_cloud_practitioner,13_cloud_practitioner_results.txt
q_62_m_62_2_84,13_cloud_practitioner,13_cloud_practitioner_results.txt
q_62_m_62_7_87,13_cloud_practitioner,13_cloud_practitioner_results.txt
q_63_m_63_3_63,13_cloud_practitioner,13_cloud_practitioner_results.txt
q_63_m_63_2_90,13_cloud_practitioner,13_cloud_practitioner_results.txt
q_61_m_61_4_103,13_cloud_practitioner,13_cloud_practitioner_results.txt
q_61_m_61_2_105,13_cloud_practitioner,13_cloud_practitioner_results.txt
q_61_m_61_1_89,13_cloud_practitioner,13_cloud_practitioner_results.txt
q_63_m_63_2_94,13_cloud_practitioner,13_cloud_practitioner_results.txt
q_63_m_63_3_81,13_cloud_practitioner,13_cloud_practitioner_results.txt
q_62_m_62_2_90,13_cloud_practitioner,13_cloud_practitioner_results.txt
q_60_m_60_1_127,13_cloud_practitioner,13_cloud_practitioner_results.txt
q_60_m_60_1_133,13_cloud_practitioner,13_cloud_practitioner_results.txt
q_60_m_60_1_111,13_cloud_practitioner,13_cloud_practitioner_results.txt
q_60_m_60_1_113,13_cloud_practitioner,13_cloud_practitioner_results.txt
q_60_m_60_1_116,13_cloud_practitioner,13_cloud_practitioner_results.txt
q_60_m_60_2_91,13_cloud_practitioner,13_cloud_practitioner_results.txt
q_60_m_60_2_95,13_cloud_practitioner,13_cloud_practitioner_results.txt
q_61_m_61_1_101,13_cloud_practitioner,13_cloud_practitioner_results.txt
q_61_m_61_1_102,13_cloud_practitioner,13_cloud_practitioner_results.txt
q_63_m_63_1_106,13_cloud_practitioner,13_cloud_practitioner_results.txt
q_63_m_63_1_108,13_cloud_practitioner,13_cloud_practitioner_results.txt
q_63_m_63_2_105,13_cloud_practitioner,13_cloud_practitioner_results.txt
q_64_m_64_3_3,14_genai_professional,14_genai_professional_results.txt
q_64_m_64_2_1,14_genai_professional,14_genai_professional_results.txt
q_64_m_64_1_8,14_genai_professional,14_genai_professional_results.txt
q_64_m_64_4_8,14_genai_professional,14_genai_professional_results.txt
q_65_m_65_3_4,14_genai_professional,14_genai_professional_results.txt
q_65_m_65_1_3,14_genai_professional,14_genai_professional_results.txt
q_65_m_65_4_4,14_genai_professional,14_genai_professional_results.txt
q_65_m_65_3_7,14_genai_professional,14_genai_professional_results.txt
q_65_m_65_1_8,14_genai_professional,14_genai_professional_results.txt
q_65_m_65_4_5,14_genai_professional,14_genai_professional_results.txt
q_65_m_65_4_6,14_genai_professional,14_genai_professional_results.txt
q_65_m_65_2_6,14_genai_professional,14_genai_professional_results.txt
q_65_m_65_3_11,14_genai_professional,14_genai_professional_results.txt
q_65_m_65_1_11,14_genai_professional,14_genai_professional_results.txt
q_64_m_64_2_9,14_genai_professional,14_genai_professional_results.txt
q_65_m_65_3_13,14_genai_professional,14_genai_professional_results.txt
q_65_m_65_4_13,14_genai_professional,14_genai_professional_results.txt
q_66_m_66_4_5,14_genai_professional,14_genai_professional_results.txt
q_66_m_66_3_9,14_genai_professional,14_genai_professional_results.txt
q_66_m_66_4_7,14_genai_professional,14_genai_professional_results.txt
q_67_m_67_3_4,14_genai_professional,14_genai_professional_results.txt
q_67_m_67_1_8,14_genai_professional,14_genai_professional_results.txt
q_67_m_67_1_9,14_genai_professional,14_genai_professional_results.txt
q_67_m_67_3_9,14_genai_professional,14_genai_professional_results.txt
q_68_m_68_1_9,14_genai_professional,14_genai_professional_results.txt
q_68_m_68_1_11,14_genai_professional,14_genai_professional_results.txt
q_68_m_68_1_14,14_genai_professional,14_genai_professional_results.txt
q_65_m_65_3_18,14_genai_professional,14_genai_professional_results.txt
q_65_m_65_5_17,14_genai_professional,14_genai_professional_results.txt
q_65_m_65_5_18,14_genai_professional,14_genai_professional_results.txt
q_65_m_65_4_17,14_genai_professional,14_genai_professional_results.txt
q_65_m_65_4_18,14_genai_professional,14_genai_professional_results.txt
q_65_m_65_2_17,14_genai_professional,14_genai_professional_results.txt
q_68_m_68_2_20,14_genai_professional,14_genai_professional_results.txt
q_66_m_66_1_11,14_genai_professional,14_genai_professional_results.txt
q_66_m_66_2_11,14_genai_professional,14_genai_professional_results.txt
q_66_m_66_3_11,14_genai_professional,14_genai_professional_results.txt
q_66_m_66_1_12,14_genai_professional,14_genai_professional_results.txt
q_66_m_66_2_12,14_genai_professional,14_genai_professional_results.txt
q_66_m_66_3_12,14_genai_professional,14_genai_professional_results.txt
q_66_m_66_4_12,14_genai_professional,14_genai_professional_results.txt
q_66_m_66_1_13,14_genai_professional,14_genai_professional_results.txt
q_66_m_66_2_13,14_genai_professional,14_genai_professional_results.txt
q_66_m_66_3_13,14_genai_professional,14_genai_professional_results.txt
q_66_m_66_1_14,14_genai_professional,14_genai_professional_results.txt
q_66_m_66_2_14,14_genai_professional,14_genai_professional_results.txt
q_66_m_66_3_14,14_genai_professional,14_genai_professional_results.txt
q_66_m_66_1_15,14_genai_professional,14_genai_professional_results.txt
q_66_m_66_2_15,14_genai_professional,14_genai_professional_results.txt
q_66_m_66_3_15,14_genai_professional,14_genai_professional_results.txt
q_66_m_66_1_16,14_genai_professional,14_genai_professional_results.txt
q_66_m_66_2_16,14_genai_professional,14_genai_professional_results.txt
q_66_m_66_3_16,14_genai_professional,14_genai_professional_results.txt
q_66_m_66_1_17,14_genai_professional,14_genai_professional_results.txt
q_66_m_66_3_17,14_genai_professional,14_genai_professional_results.txt
q_66_m_66_4_17,14_genai_professional,14_genai_professional_results.txt
q_66_m_66_1_19,14_genai_professional,14_genai_professional_results.txt
q_66_m_66_3_19,14_genai_professional,14_genai_professional_results.txt
q_66_m_66_2_20,14_genai_professional,14_genai_professional_results.txt
q_66_m_66_4_20,14_genai_professional,14_genai_professional_results.txt
q_66_m_66_3_21,14_genai_professional,14_genai_professional_results.txt
q_66_m_66_2_21,14_genai_professional,14_genai_professional_results.txt
q_66_m_66_1_21,14_genai_professional,14_genai_professional_results.txt
q_66_m_66_4_21,14_genai_professional,14_genai_professional_results.txt
q_66_m_66_1_22,14_genai_professional,14_genai_professional_results.txt
q_66_m_66_3_23,14_genai_professional,14_genai_professional_results.txt
q_66_m_66_4_23,14_genai_professional,14_genai_professional_results.txt
q_66_m_66_3_24,14_genai_professional,14_genai_professional_results.txt
q_66_m_66_1_24,14_genai_professional,14_genai_professional_results.txt
q_66_m_66_3_25,14_genai_professional,14_genai_professional_results.txt
q_66_m_66_2_25,14_genai_professional,14_genai_professional_results.txt
q_66_m_66_4_25,14_genai_professional,14_genai_professional_results.txt
q_64_m_64_1_10,14_genai_professional,14_genai_professional_results.txt
q_64_m_64_4_10,14_genai_professional,14_genai_professional_results.txt
q_64_m_64_5_10,14_genai_professional,14_genai_professional_results.txt
q_64_m_64_3_10,14_genai_professional,14_genai_professional_results.txt
q_64_m_64_2_10,14_genai_professional,14_genai_professional_results.txt
q_64_m_64_1_11,14_genai_professional,14_genai_professional_results.txt
q_64_m_64_1_12,14_genai_professional,14_genai_professional_results.txt
q_64_m_64_4_12,14_genai_professional,14_genai_professional_results.txt
q_64_m_64_2_12,14_genai_professional,14_genai_professional_results.txt
q_64_m_64_1_13,14_genai_professional,14_genai_professional_results.txt
q_64_m_64_1_15,14_genai_professional,14_genai_professional_results.txt
q_64_m_64_3_16,14_genai_professional,14_genai_professional_results.txt
q_64_m_64_6_16,14_genai_professional,14_genai_professional_results.txt
q_64_m_64_3_17,14_genai_professional,14_genai_professional_results.txt
q_64_m_64_3_18,14_genai_professional,14_genai_professional_results.txt
q_64_m_64_6_18,14_genai_professional,14_genai_professional_results.txt
q_64_m_64_2_18,14_genai_professional,14_genai_professional_results.txt
q_67_m_67_1_12,14_genai_professional,14_genai_professional_results.txt
q_67_m_67_1_17,14_genai_professional,14_genai_professional_results.txt
q_67_m_67_3_16,14_genai_professional,14_genai_professional_results.txt
q_67_m_67_2_17,14_genai_professional,14_genai_professional_results.txt
q_67_m_67_3_18,14_genai_professional,14_genai_professional_results.txt
q_67_m_67_2_19,14_genai_professional,14_genai_professional_results.txt
q_67_m_67_1_21,14_genai_professional,14_genai_professional_results.txt
q_67_m_67_3_21,14_genai_professional,14_genai_professional_results.txt
q_67_m_67_2_21,14_genai_professional,14_genai_professional_results.txt
q_67_m_67_2_22,14_genai_professional,14_genai_professional_results.txt
q_67_m_67_1_23,14_genai_professional,14_genai_professional_results.txt
q_67_m_67_3_23,14_genai_professional,14_genai_professional_results.txt
q_67_m_67_2_23,14_genai_professional,14_genai_professional_results.txt
q_67_m_67_1_24,14_genai_professional,14_genai_professional_results.txt
q_67_m_67_3_24,14_genai_professional,14_genai_professional_results.txt
q_67_m_67_2_24,14_genai_professional,14_genai_professional_results.txt
q_67_m_67_3_27,14_genai_professional,14_genai_professional_results.txt
q_67_m_67_2_27,14_genai_professional,14_genai_professional_results.txt
q_67_m_67_1_28,14_genai_professional,14_genai_professional_results.txt
q_67_m_67_2_28,14_genai_professional,14_genai_professional_results.txt
q_67_m_67_1_29,14_genai_professional,14_genai_professional_results.txt
q_67_m_67_3_29,14_genai_professional,14_genai_professional_results.txt
q_67_m_67_1_30,14_genai_professional,14_genai_professional_results.txt
q_67_m_67_3_30,14_genai_professional,14_genai_professional_results.txt
q_67_m_67_2_30,14_genai_professional,14_genai_professional_results.txt
q_67_m_67_1_31,14_genai_professional,14_genai_professional_results.txt
q_67_m_67_3_31,14_genai_professional,14_genai_professional_results.txt
q_67_m_67_2_31,14_genai_professional,14_genai_professional_results.txt
q_67_m_67_3_32,14_genai_professional,14_genai_professional_results.txt
q_67_m_67_2_32,14_genai_professional,14_genai_professional_results.txt
q_67_m_67_1_33,14_genai_professional,14_genai_professional_results.txt
q_67_m_67_3_33,14_genai_professional,14_genai_professional_results.txt
q_67_m_67_2_33,14_genai_professional,14_genai_professional_results.txt
q_67_m_67_1_34,14_genai_professional,14_genai_professional_results.txt
q_67_m_67_3_34,14_genai_professional,14_genai_professional_results.txt
q_67_m_67_2_34,14_genai_professional,14_genai_professional_results.txt
q_67_m_67_1_35,14_genai_professional,14_genai_professional_results.txt
q_67_m_67_3_35,14_genai_professional,14_genai_professional_results.txt
q_67_m_67_2_35,14_genai_professional,14_genai_professional_results.txt
q_68_m_68_1_21,14_genai_professional,14_genai_professional_results.txt
q_68_m_68_2_21,14_genai_professional,14_genai_professional_results.txt
q_68_m_68_1_22,14_genai_professional,14_genai_professional_results.txt
q_68_m_68_2_23,14_genai_professional,14_genai_professional_results.txt
q_68_m_68_2_24,14_genai_professional,14_genai_professional_results.txt
q_68_m_68_1_25,14_genai_professional,14_genai_professional_results.txt
q_68_m_68_2_25,14_genai_professional,14_genai_professional_results.txt
q_68_m_68_1_26,14_genai_professional,14_genai_professional_results.txt
q_68_m_68_2_27,14_genai_professional,14_genai_professional_results.txt
q_68_m_68_2_28,14_genai_professional,14_genai_professional_results.txt
q_68_m_68_2_37,14_genai_professional,14_genai_professional_results.txt
q_68_m_68_2_39,14_genai_professional,14_genai_professional_results.txt
q_68_m_68_2_40,14_genai_professional,14_genai_professional_results.txt
q_68_m_68_1_43,14_genai_professional,14_genai_professional_results.txt
q_68_m_68_2_43,14_genai_professional,14_genai_professional_results.txt
q_68_m_68_1_44,14_genai_professional,14_genai_professional_results.txt
q_65_m_65_2_24,14_genai_professional,14_genai_professional_results.txt
q_65_m_65_2_26,14_genai_professional,14_genai_professional_results.txt
q_64_m_64_3_27,14_genai_professional,14_genai_professional_results.txt
q_64_m_64_3_32,14_genai_professional,14_genai_professional_results.txt
q_64_m_64_6_37,14_genai_professional,14_genai_professional_results.txt
q_64_m_64_2_22,14_genai_professional,14_genai_professional_results.txt
q_64_m_64_2_25,14_genai_professional,14_genai_professional_results.txt
q_65_m_65_4_26,14_genai_professional,14_genai_professional_results.txt
q_65_m_65_4_29,14_genai_professional,14_genai_professional_results.txt
q_65_m_65_2_32,14_genai_professional,14_genai_professional_results.txt
q_64_m_64_4_60,14_genai_professional,14_genai_professional_results.txt
q_64_m_64_5_48,14_genai_professional,14_genai_professional_results.txt
q_64_m_64_5_60,14_genai_professional,14_genai_professional_results.txt
q_64_m_64_3_54,14_genai_professional,14_genai_professional_results.txt
q_64_m_64_6_46,14_genai_professional,14_genai_professional_results.txt
q_64_m_64_6_49,14_genai_professional,14_genai_professional_results.txt
q_64_m_64_6_55,14_genai_professional,14_genai_professional_results.txt
q_64_m_64_1_92,14_genai_professional,14_genai_professional_results.txt
q_64_m_64_4_86,14_genai_professional,14_genai_professional_results.txt
q_64_m_64_5_74,14_genai_professional,14_genai_professional_results.txt
q_64_m_64_5_76,14_genai_professional,14_genai_professional_results.txt
q_64_m_64_3_69,14_genai_professional,14_genai_professional_results.txt
q_64_m_64_6_68,14_genai_professional,14_genai_professional_results.txt
q_64_m_64_6_70,14_genai_professional,14_genai_professional_results.txt
q_64_m_64_2_59,14_genai_professional,14_genai_professional_results.txt
q_65_m_65_3_63,14_genai_professional,14_genai_professional_results.txt
q_65_m_65_1_49,14_genai_professional,14_genai_professional_results.txt
q_67_m_67_1_45,14_genai_professional,14_genai_professional_results.txt
q_65_m_65_4_66,14_genai_professional,14_genai_professional_results.txt
q_65_m_65_2_60,14_genai_professional,14_genai_professional_results.txt
q_67_m_67_1_52,14_genai_professional,14_genai_professional_results.txt
q_67_m_67_3_41,14_genai_professional,14_genai_professional_results.txt
q_67_m_67_3_44,14_genai_professional,14_genai_professional_results.txt
q_67_m_67_3_46,14_genai_professional,14_genai_professional_results.txt
q_67_m_67_3_48,14_genai_professional,14_genai_professional_results.txt
q_67_m_67_2_41,14_genai_professional,14_genai_professional_results.txt
q_67_m_67_2_45,14_genai_professional,14_genai_professional_results.txt
q_66_m_66_2_29,14_genai_professional,14_genai_professional_results.txt
q_67_m_67_1_80,14_genai_professional,14_genai_professional_results.txt
q_67_m_67_3_77,14_genai_professional,14_genai_professional_results.txt
q_67_m_67_2_100,14_genai_professional,14_genai_professional_results.txt
q_65_m_65_3_93,14_genai_professional,14_genai_professional_results.txt
q_65_m_65_3_95,14_genai_professional,14_genai_professional_results.txt
q_65_m_65_1_78,14_genai_professional,14_genai_professional_results.txt
q_65_m_65_1_82,14_genai_professional,14_genai_professional_results.txt
q_65_m_65_1_85,14_genai_professional,14_genai_professional_results.txt
q_65_m_65_1_86,14_genai_professional,14_genai_professional_results.txt
q_65_m_65_5_76,14_genai_professional,14_genai_professional_results.txt
q_65_m_65_5_82,14_genai_professional,14_genai_professional_results.txt
q_65_m_65_4_68,14_genai_professional,14_genai_professional_results.txt
q_65_m_65_4_77,14_genai_professional,14_genai_professional_results.txt
q_65_m_65_2_71,14_genai_professional,14_genai_professional_results.txt
q_68_m_68_1_66,14_genai_professional,14_genai_professional_results.txt
q_67_m_67_1_101,14_genai_professional,14_genai_professional_results.txt
q_67_m_67_1_107,14_genai_professional,14_genai_professional_results.txt
q_67_m_67_1_113,14_genai_professional,14_genai_professional_results.txt
q_67_m_67_1_114,14_genai_professional,14_genai_professional_results.txt
q_67_m_67_1_119,14_genai_professional,14_genai_professional_results.txt
q_67_m_67_2_111,14_genai_professional,14_genai_professional_results.txt
q_67_m_67_2_117,14_genai_professional,14_genai_professional_results.txt
q_67_m_67_2_125,14_genai_professional,14_genai_professional_results.txt
q_66_m_66_3_50,14_genai_professional,14_genai_professional_results.txt
q_66_m_66_3_52,14_genai_professional,14_genai_professional_results.txt
q_66_m_66_3_54,14_genai_professional,14_genai_professional_results.txt
q_66_m_66_3_60,14_genai_professional,14_genai_professional_results.txt
q_66_m_66_3_67,14_genai_professional,14_genai_professional_results.txt
q_66_m_66_2_55,14_genai_professional,14_genai_professional_results.txt
q_66_m_66_2_62,14_genai_professional,14_genai_professional_results.txt
q_66_m_66_1_86,14_genai_professional,14_genai_professional_results.txt
q_66_m_66_4_54,14_genai_professional,14_genai_professional_results.txt
q_68_m_68_1_91,14_genai_professional,14_genai_professional_results.txt
q_68_m_68_2_111,14_genai_professional,14_genai_professional_results.txt
q_68_m_68_2_133,14_genai_professional,14_genai_professional_results.txt
q_66_m_66_3_92,14_genai_professional,14_genai_professional_results.txt
q_66_m_66_3_95,14_genai_professional,14_genai_professional_results.txt
q_66_m_66_3_99,14_genai_professional,14_genai_professional_results.txt
q_66_m_66_1_109,14_genai_professional,14_genai_professional_results.txt
q_66_m_66_1_114,14_genai_professional,14_genai_professional_results.txt
q_66_m_66_1_117,14_genai_professional,14_genai_professional_results.txt
q_66_m_66_2_80,14_genai_professional,14_genai_professional_results.txt
q_66_m_66_2_81,14_genai_professional,14_genai_professional_results.txt
q_66_m_66_2_101,14_genai_professional,14_genai_professional_results.txt
q_7_m_7_2_48,1_ai_practitioner,1_ai_practitioner_results.txt
q_8_m_8_1_81,1_ai_practitioner,1_ai_practitioner_results.txt
q_7_m_7_2_79,1_ai_practitioner,1_ai_practitioner_results.txt
q_5_m_5_1_34,1_ai_practitioner,1_ai_practitioner_results.txt
q_7_m_7_2_98,1_ai_practitioner,1_ai_practitioner_results.txt
q_5_m_5_1_37,1_ai_practitioner,1_ai_practitioner_results.txt
q_6_m_6_3_55,1_ai_practitioner,1_ai_practitioner_results.txt
q_6_m_6_1_32,1_ai_practitioner,1_ai_practitioner_results.txt
q_6_m_6_1_55,1_ai_practitioner,1_ai_practitioner_results.txt
q_7_m_7_2_36,1_ai_practitioner,1_ai_practitioner_results.txt
q_7_m_7_1_39,1_ai_practitioner,1_ai_practitioner_results.txt
q_7_m_7_1_44,1_ai_practitioner,1_ai_practitioner_results.txt
q_7_m_7_4_38,1_ai_practitioner,1_ai_practitioner_results.txt
q_7_m_7_3_26,1_ai_practitioner,1_ai_practitioner_results.txt
q_8_m_8_1_61,1_ai_practitioner,1_ai_practitioner_results.txt
q_8_m_8_1_66,1_ai_practitioner,1_ai_practitioner_results.txt
q_8_m_8_1_67,1_ai_practitioner,1_ai_practitioner_results.txt
q_8_m_8_1_76,1_ai_practitioner,1_ai_practitioner_results.txt
q_8_m_8_2_53,1_ai_practitioner,1_ai_practitioner_results.txt
q_8_m_8_2_58,1_ai_practitioner,1_ai_practitioner_results.txt
q_9_m_9_1_97,1_ai_practitioner,1_ai_practitioner_results.txt
q_9_m_9_2_42,1_ai_practitioner,1_ai_practitioner_results.txt
q_9_m_9_2_43,1_ai_practitioner,1_ai_practitioner_results.txt
q_9_m_9_2_55,1_ai_practitioner,1_ai_practitioner_results.txt
q_9_m_9_2_69,1_ai_practitioner,1_ai_practitioner_results.txt
q_9_m_9_2_73,1_ai_practitioner,1_ai_practitioner_results.txt
q_5_m_5_1_59,1_ai_practitioner,1_ai_practitioner_results.txt
q_5_m_5_2_71,1_ai_practitioner,1_ai_practitioner_results.txt
q_6_m_6_3_66,1_ai_practitioner,1_ai_practitioner_results.txt
q_6_m_6_3_69,1_ai_practitioner,1_ai_practitioner_results.txt
q_6_m_6_1_71,1_ai_practitioner,1_ai_practitioner_results.txt
q_6_m_6_2_48,1_ai_practitioner,1_ai_practitioner_results.txt
q_6_m_6_2_50,1_ai_practitioner,1_ai_practitioner_results.txt
q_6_m_6_2_58,1_ai_practitioner,1_ai_practitioner_results.txt
q_7_m_7_1_59,1_ai_practitioner,1_ai_practitioner_results.txt
q_7_m_7_3_41,1_ai_practitioner,1_ai_practitioner_results.txt
q_7_m_7_3_43,1_ai_practitioner,1_ai_practitioner_results.txt
q_7_m_7_3_52,1_ai_practitioner,1_ai_practitioner_results.txt
q_8_m_8_1_130,1_ai_practitioner,1_ai_practitioner_results.txt
q_8_m_8_2_101,1_ai_practitioner,1_ai_practitioner_results.txt
q_9_m_9_1_118,1_ai_practitioner,1_ai_practitioner_results.txt
q_9_m_9_2_77,1_ai_practitioner,1_ai_practitioner_results.txt
q_5_m_5_1_70,1_ai_practitioner,1_ai_practitioner_results.txt
q_9_m_9_2_85,1_ai_practitioner,1_ai_practitioner_results.txt
q_9_m_9_2_88,1_ai_practitioner,1_ai_practitioner_results.txt
q_9_m_9_2_91,1_ai_practitioner,1_ai_practitioner_results.txt
q_9_m_9_2_94,1_ai_practitioner,1_ai_practitioner_results.txt
q_5_m_5_3_84,1_ai_practitioner,1_ai_practitioner_results.txt
q_5_m_5_3_88,1_ai_practitioner,1_ai_practitioner_results.txt
q_5_m_5_3_94,1_ai_practitioner,1_ai_practitioner_results.txt
q_5_m_5_2_83,1_ai_practitioner,1_ai_practitioner_results.txt
q_6_m_6_3_80,1_ai_practitioner,1_ai_practitioner_results.txt
q_6_m_6_3_85,1_ai_practitioner,1_ai_practitioner_results.txt
q_6_m_6_3_93,1_ai_practitioner,1_ai_practitioner_results.txt
q_6_m_6_3_90,1_ai_practitioner,1_ai_practitioner_results.txt
q_6_m_6_3_91,1_ai_practitioner,1_ai_practitioner_results.txt
q_6_m_6_1_80,1_ai_practitioner,1_ai_practitioner_results.txt
q_6_m_6_1_81,1_ai_practitioner,1_ai_practitioner_results.txt
q_6_m_6_1_87,1_ai_practitioner,1_ai_practitioner_results.txt
q_6_m_6_1_90,1_ai_practitioner,1_ai_practitioner_results.txt
q_6_m_6_1_94,1_ai_practitioner,1_ai_practitioner_results.txt
q_6_m_6_2_79,1_ai_practitioner,1_ai_practitioner_results.txt
q_7_m_7_2_68,1_ai_practitioner,1_ai_practitioner_results.txt
q_7_m_7_2_72,1_ai_practitioner,1_ai_practitioner_results.txt
q_7_m_7_1_69,1_ai_practitioner,1_ai_practitioner_results.txt
q_7_m_7_1_72,1_ai_practitioner,1_ai_practitioner_results.txt
q_7_m_7_4_71,1_ai_practitioner,1_ai_practitioner_results.txt
q_7_m_7_4_74,1_ai_practitioner,1_ai_practitioner_results.txt
q_7_m_7_4_76,1_ai_practitioner,1_ai_practitioner_results.txt
q_7_m_7_3_68,1_ai_practitioner,1_ai_practitioner_results.txt
q_7_m_7_3_69,1_ai_practitioner,1_ai_practitioner_results.txt
q_8_m_8_1_141,1_ai_practitioner,1_ai_practitioner_results.txt
q_8_m_8_1_147,1_ai_practitioner,1_ai_practitioner_results.txt
q_8_m_8_1_151,1_ai_practitioner,1_ai_practitioner_results.txt
q_8_m_8_1_153,1_ai_practitioner,1_ai_practitioner_results.txt
q_8_m_8_2_119,1_ai_practitioner,1_ai_practitioner_results.txt
q_9_m_9_1_126,1_ai_practitioner,1_ai_practitioner_results.txt
q_9_m_9_1_127,1_ai_practitioner,1_ai_practitioner_results.txt
q_9_m_9_1_135,1_ai_practitioner,1_ai_practitioner_results.txt
q_9_m_9_1_145,1_ai_practitioner,1_ai_practitioner_results.txt
q_7_m_7_3_80,1_ai_practitioner,1_ai_practitioner_results.txt
q_7_m_7_3_77,1_ai_practitioner,1_ai_practitioner_results.txt
q_5_m_5_1_84,1_ai_practitioner,1_ai_practitioner_results.txt
q_7_m_7_2_102,1_ai_practitioner,1_ai_practitioner_results.txt
q_7_m_7_1_96,1_ai_practitioner,1_ai_practitioner_results.txt
q_7_m_7_3_95,1_ai_practitioner,1_ai_practitioner_results.txt
q_8_m_8_2_131,1_ai_practitioner,1_ai_practitioner_results.txt
q_9_m_9_1_150,1_ai_practitioner,1_ai_practitioner_results.txt
q_9_m_9_2_132,1_ai_practitioner,1_ai_practitioner_results.txt
q_9_m_9_2_147,1_ai_practitioner,1_ai_practitioner_results.txt
q_5_m_5_3_109,1_ai_practitioner,1_ai_practitioner_results.txt
q_7_m_7_1_90,1_ai_practitioner,1_ai_practitioner_results.txt
q_7_m_7_3_76,1_ai_practitioner,1_ai_practitioner_results.txt
q_8_m_8_2_143,1_ai_practitioner,1_ai_practitioner_results.txt
q_9_m_9_1_159,1_ai_practitioner,1_ai_practitioner_results.txt
q_14_m_14_3_29,3_ml_associate,3_ml_associate_results.txt
q_14_m_14_2_99,3_ml_associate,3_ml_associate_results.txt
q_14_m_14_3_30,3_ml_associate,3_ml_associate_results.txt
q_14_m_14_1_28,3_ml_associate,3_ml_associate_results.txt
q_14_m_14_1_30,3_ml_associate,3_ml_associate_results.txt
q_14_m_14_2_26,3_ml_associate,3_ml_associate_results.txt
q_14_m_14_2_27,3_ml_associate,3_ml_associate_results.txt
q_14_m_14_2_30,3_ml_associate,3_ml_associate_results.txt
q_14_m_14_3_11,3_ml_associate,3_ml_associate_results.txt
q_14_m_14_1_12,3_ml_associate,3_ml_associate_results.txt
q_14_m_14_3_25,3_ml_associate,3_ml_associate_results.txt
q_14_m_14_1_21,3_ml_associate,3_ml_associate_results.txt
q_14_m_14_1_25,3_ml_associate,3_ml_associate_results.txt
q_14_m_14_2_25,3_ml_associate,3_ml_associate_results.txt
q_15_m_15_2_2,3_ml_associate,3_ml_associate_results.txt
q_15_m_15_2_5,3_ml_associate,3_ml_associate_results.txt
q_15_m_15_3_7,3_ml_associate,3_ml_associate_results.txt
q_15_m_15_1_8,3_ml_associate,3_ml_associate_results.txt
q_15_m_15_2_6,3_ml_associate,3_ml_associate_results.txt
q_15_m_15_2_15,3_ml_associate,3_ml_associate_results.txt
q_15_m_15_2_18,3_ml_associate,3_ml_associate_results.txt
q_15_m_15_3_21,3_ml_associate,3_ml_associate_results.txt
q_16_m_16_2_2,3_ml_associate,3_ml_associate_results.txt
q_16_m_16_1_3,3_ml_associate,3_ml_associate_results.txt
q_16_m_16_1_6,3_ml_associate,3_ml_associate_results.txt
q_16_m_16_2_14,3_ml_associate,3_ml_associate_results.txt
q_16_m_16_3_12,3_ml_associate,3_ml_associate_results.txt
q_16_m_16_2_18,3_ml_associate,3_ml_associate_results.txt
q_16_m_16_2_19,3_ml_associate,3_ml_associate_results.txt
q_16_m_16_1_16,3_ml_associate,3_ml_associate_results.txt
q_16_m_16_1_20,3_ml_associate,3_ml_associate_results.txt
q_16_m_16_3_18,3_ml_associate,3_ml_associate_results.txt
q_16_m_16_3_21,3_ml_associate,3_ml_associate_results.txt
q_17_m_17_2_3,3_ml_associate,3_ml_associate_results.txt
q_17_m_17_2_7,3_ml_associate,3_ml_associate_results.txt
q_17_m_17_2_8,3_ml_associate,3_ml_associate_results.txt
q_17_m_17_1_6,3_ml_associate,3_ml_associate_results.txt
q_17_m_17_1_9,3_ml_associate,3_ml_associate_results.txt
q_17_m_17_1_13,3_ml_associate,3_ml_associate_results.txt
q_17_m_17_3_12,3_ml_associate,3_ml_associate_results.txt
q_17_m_17_2_17,3_ml_associate,3_ml_associate_results.txt
q_17_m_17_1_16,3_ml_associate,3_ml_associate_results.txt
q_17_m_17_1_19,3_ml_associate,3_ml_associate_results.txt
q_17_m_17_1_20,3_ml_associate,3_ml_associate_results.txt
q_16_m_16_1_26,3_ml_associate,3_ml_associate_results.txt
q_16_m_16_3_26,3_ml_associate,3_ml_associate_results.txt
q_16_m_16_2_27,3_ml_associate,3_ml_associate_results.txt
q_16_m_16_1_28,3_ml_associate,3_ml_associate_results.txt
q_16_m_16_3_28,3_ml_associate,3_ml_associate_results.txt
q_16_m_16_2_29,3_ml_associate,3_ml_associate_results.txt
q_16_m_16_1_29,3_ml_associate,3_ml_associate_results.txt
q_16_m_16_3_29,3_ml_associate,3_ml_associate_results.txt
q_16_m_16_3_32,3_ml_associate,3_ml_associate_results.txt
q_16_m_16_2_35,3_ml_associate,3_ml_associate_results.txt
q_15_m_15_1_31,3_ml_associate,3_ml_associate_results.txt
q_15_m_15_2_31,3_ml_associate,3_ml_associate_results.txt
q_15_m_15_2_32,3_ml_associate,3_ml_associate_results.txt
q_17_m_17_2_21,3_ml_associate,3_ml_associate_results.txt
q_17_m_17_2_22,3_ml_associate,3_ml_associate_results.txt
q_17_m_17_1_23,3_ml_associate,3_ml_associate_results.txt
q_17_m_17_3_21,3_ml_associate,3_ml_associate_results.txt
q_17_m_17_3_22,3_ml_associate,3_ml_associate_results.txt
q_17_m_17_3_25,3_ml_associate,3_ml_associate_results.txt
q_17_m_17_2_27,3_ml_associate,3_ml_associate_results.txt
q_17_m_17_3_27,3_ml_associate,3_ml_associate_results.txt
q_17_m_17_1_28,3_ml_associate,3_ml_associate_results.txt
q_17_m_17_3_30,3_ml_associate,3_ml_associate_results.txt
q_17_m_17_2_33,3_ml_associate,3_ml_associate_results.txt
q_17_m_17_1_31,3_ml_associate,3_ml_associate_results.txt
q_17_m_17_1_32,3_ml_associate,3_ml_associate_results.txt
q_17_m_17_1_33,3_ml_associate,3_ml_associate_results.txt
q_17_m_17_1_34,3_ml_associate,3_ml_associate_results.txt
q_17_m_17_1_35,3_ml_associate,3_ml_associate_results.txt
q_17_m_17_3_32,3_ml_associate,3_ml_associate_results.txt
q_17_m_17_3_33,3_ml_associate,3_ml_associate_results.txt
q_17_m_17_3_35,3_ml_associate,3_ml_associate_results.txt
q_16_m_16_2_58,3_ml_associate,3_ml_associate_results.txt
q_14_m_14_2_100,3_ml_associate,3_ml_associate_results.txt
q_14_m_14_1_93,3_ml_associate,3_ml_associate_results.txt
q_14_m_14_1_95,3_ml_associate,3_ml_associate_results.txt
q_16_m_16_1_61,3_ml_associate,3_ml_associate_results.txt
q_14_m_14_1_97,3_ml_associate,3_ml_associate_results.txt
q_15_m_15_1_74,3_ml_associate,3_ml_associate_results.txt
q_14_m_14_1_77,3_ml_associate,3_ml_associate_results.txt
q_14_m_14_1_83,3_ml_associate,3_ml_associate_results.txt
q_14_m_14_1_87,3_ml_associate,3_ml_associate_results.txt
q_14_m_14_1_104,3_ml_associate,3_ml_associate_results.txt
q_14_m_14_1_110,3_ml_associate,3_ml_associate_results.txt
q_15_m_15_2_73,3_ml_associate,3_ml_associate_results.txt
q_16_m_16_2_67,3_ml_associate,3_ml_associate_results.txt
q_16_m_16_1_86,3_ml_associate,3_ml_associate_results.txt
q_16_m_16_3_71,3_ml_associate,3_ml_associate_results.txt
q_17_m_17_2_84,3_ml_associate,3_ml_associate_results.txt
q_17_m_17_1_72,3_ml_associate,3_ml_associate_results.txt
q_14_m_14_2_117,3_ml_associate,3_ml_associate_results.txt
q_14_m_14_3_135,3_ml_associate,3_ml_associate_results.txt
q_15_m_15_3_96,3_ml_associate,3_ml_associate_results.txt
q_15_m_15_3_104,3_ml_associate,3_ml_associate_results.txt
q_15_m_15_3_107,3_ml_associate,3_ml_associate_results.txt
q_15_m_15_3_110,3_ml_associate,3_ml_associate_results.txt
q_15_m_15_1_114,3_ml_associate,3_ml_associate_results.txt
q_15_m_15_1_116,3_ml_associate,3_ml_associate_results.txt
q_15_m_15_1_123,3_ml_associate,3_ml_associate_results.txt
q_15_m_15_2_100,3_ml_associate,3_ml_associate_results.txt
q_16_m_16_2_107,3_ml_associate,3_ml_associate_results.txt
q_16_m_16_2_113,3_ml_associate,3_ml_associate_results.txt
q_16_m_16_1_113,3_ml_associate,3_ml_associate_results.txt
q_16_m_16_3_91,3_ml_associate,3_ml_associate_results.txt
q_17_m_17_2_94,3_ml_associate,3_ml_associate_results.txt
q_17_m_17_2_118,3_ml_associate,3_ml_associate_results.txt
q_17_m_17_2_122,3_ml_associate,3_ml_associate_results.txt
q_17_m_17_1_116,3_ml_associate,3_ml_associate_results.txt
q_17_m_17_3_83,3_ml_associate,3_ml_associate_results.txt
q_17_m_17_3_88,3_ml_associate,3_ml_associate_results.txt
q_17_m_17_3_91,3_ml_associate,3_ml_associate_results.txt
q_14_m_14_1_150,3_ml_associate,3_ml_associate_results.txt
q_14_m_14_1_156,3_ml_associate,3_ml_associate_results.txt
q_14_m_14_3_160,3_ml_associate,3_ml_associate_results.txt
q_15_m_15_1_134,3_ml_associate,3_ml_associate_results.txt
q_15_m_15_1_137,3_ml_associate,3_ml_associate_results.txt
q_15_m_15_2_130,3_ml_associate,3_ml_associate_results.txt
q_16_m_16_2_129,3_ml_associate,3_ml_associate_results.txt
q_16_m_16_2_139,3_ml_associate,3_ml_associate_results.txt
q_16_m_16_2_142,3_ml_associate,3_ml_associate_results.txt
q_16_m_16_2_144,3_ml_associate,3_ml_associate_results.txt
q_16_m_16_1_124,3_ml_associate,3_ml_associate_results.txt
q_16_m_16_1_140,3_ml_associate,3_ml_associate_results.txt
q_16_m_16_3_102,3_ml_associate,3_ml_associate_results.txt
q_16_m_16_3_110,3_ml_associate,3_ml_associate_results.txt
q_17_m_17_2_140,3_ml_associate,3_ml_associate_results.txt
q_16_m_16_3_116,3_ml_associate,3_ml_associate_results.txt
q_17_m_17_2_124,3_ml_associate,3_ml_associate_results.txt
q_17_m_17_2_129,3_ml_associate,3_ml_associate_results.txt
q_17_m_17_2_139,3_ml_associate,3_ml_associate_results.txt
q_17_m_17_2_137,3_ml_associate,3_ml_associate_results.txt
q_17_m_17_1_125,3_ml_associate,3_ml_associate_results.txt
q_17_m_17_1_130,3_ml_associate,3_ml_associate_results.txt
q_17_m_17_1_131,3_ml_associate,3_ml_associate_results.txt
q_17_m_17_1_140,3_ml_associate,3_ml_associate_results.txt
q_17_m_17_3_108,3_ml_associate,3_ml_associate_results.txt
q_14_m_14_1_166,3_ml_associate,3_ml_associate_results.txt
q_14_m_14_1_168,3_ml_associate,3_ml_associate_results.txt
q_15_m_15_3_141,3_ml_associate,3_ml_associate_results.txt
q_15_m_15_3_144,3_ml_associate,3_ml_associate_results.txt
q_15_m_15_3_146,3_ml_associate,3_ml_associate_results.txt
q_15_m_15_3_147,3_ml_associate,3_ml_associate_results.txt
q_15_m_15_3_149,3_ml_associate,3_ml_associate_results.txt
q_15_m_15_3_150,3_ml_associate,3_ml_associate_results.txt
q_15_m_15_3_151,3_ml_associate,3_ml_associate_results.txt
q_15_m_15_3_155,3_ml_associate,3_ml_associate_results.txt
q_15_m_15_1_159,3_ml_associate,3_ml_associate_results.txt
q_15_m_15_1_160,3_ml_associate,3_ml_associate_results.txt
q_15_m_15_1_161,3_ml_associate,3_ml_associate_results.txt
q_15_m_15_1_162,3_ml_associate,3_ml_associate_results.txt
q_15_m_15_1_163,3_ml_associate,3_ml_associate_results.txt
q_15_m_15_1_164,3_ml_associate,3_ml_associate_results.txt
q_15_m_15_1_165,3_ml_associate,3_ml_associate_results.txt
q_15_m_15_2_139,3_ml_associate,3_ml_associate_results.txt
q_15_m_15_2_140,3_ml_associate,3_ml_associate_results.txt
q_15_m_15_2_141,3_ml_associate,3_ml_associate_results.txt
q_15_m_15_2_142,3_ml_associate,3_ml_associate_results.txt
q_15_m_15_2_144,3_ml_associate,3_ml_associate_results.txt
q_15_m_15_2_147,3_ml_associate,3_ml_associate_results.txt
q_16_m_16_1_157,3_ml_associate,3_ml_associate_results.txt
q_16_m_16_3_145,3_ml_associate,3_ml_associate_results.txt
q_17_m_17_1_148,3_ml_associate,3_ml_associate_results.txt
q_14_m_14_2_157,3_ml_associate,3_ml_associate_results.txt
q_15_m_15_3_148,3_ml_associate,3_ml_associate_results.txt
q_15_m_15_3_145,3_ml_associate,3_ml_associate_results.txt
q_15_m_15_1_166,3_ml_associate,3_ml_associate_results.txt
q_15_m_15_2_145,3_ml_associate,3_ml_associate_results.txt
q_15_m_15_2_143,3_ml_associate,3_ml_associate_results.txt
q_15_m_15_2_146,3_ml_associate,3_ml_associate_results.txt
q_17_m_17_3_130,3_ml_associate,3_ml_associate_results.txt
q_14_m_14_3_30,4_solutions_associate,4_solutions_associate_results.txt
q_14_m_14_1_27,4_solutions_associate,4_solutions_associate_results.txt
q_14_m_14_1_30,4_solutions_associate,4_solutions_associate_results.txt
q_14_m_14_2_26,4_solutions_associate,4_solutions_associate_results.txt
q_14_m_14_1_5,4_solutions_associate,4_solutions_associate_results.txt
q_14_m_14_3_3,4_solutions_associate,4_solutions_associate_results.txt
q_14_m_14_1_1,4_solutions_associate,4_solutions_associate_results.txt
q_14_m_14_1_9,4_solutions_associate,4_solutions_associate_results.txt
q_14_m_14_1_10,4_solutions_associate,4_solutions_associate_results.txt
q_14_m_14_3_13,4_solutions_associate,4_solutions_associate_results.txt
q_14_m_14_1_11,4_solutions_associate,4_solutions_associate_results.txt
q_14_m_14_1_13,4_solutions_associate,4_solutions_associate_results.txt
q_14_m_14_1_21,4_solutions_associate,4_solutions_associate_results.txt
q_14_m_14_1_25,4_solutions_associate,4_solutions_associate_results.txt
q_14_m_14_2_23,4_solutions_associate,4_solutions_associate_results.txt
q_14_m_14_2_25,4_solutions_associate,4_solutions_associate_results.txt
q_15_m_15_2_2,4_solutions_associate,4_solutions_associate_results.txt
q_15_m_15_2_5,4_solutions_associate,4_solutions_associate_results.txt
q_15_m_15_2_19,4_solutions_associate,4_solutions_associate_results.txt
q_15_m_15_3_21,4_solutions_associate,4_solutions_associate_results.txt
q_15_m_15_1_24,4_solutions_associate,4_solutions_associate_results.txt
q_16_m_16_1_3,4_solutions_associate,4_solutions_associate_results.txt
q_16_m_16_2_7,4_solutions_associate,4_solutions_associate_results.txt
q_16_m_16_3_9,4_solutions_associate,4_solutions_associate_results.txt
q_16_m_16_2_14,4_solutions_associate,4_solutions_associate_results.txt
q_16_m_16_3_12,4_solutions_associate,4_solutions_associate_results.txt
q_16_m_16_1_16,4_solutions_associate,4_solutions_associate_results.txt
q_16_m_16_1_20,4_solutions_associate,4_solutions_associate_results.txt
q_16_m_16_3_17,4_solutions_associate,4_solutions_associate_results.txt
q_16_m_16_3_18,4_solutions_associate,4_solutions_associate_results.txt
q_16_m_16_2_23,4_solutions_associate,4_solutions_associate_results.txt
q_16_m_16_3_23,4_solutions_associate,4_solutions_associate_results.txt
q_17_m_17_3_2,4_solutions_associate,4_solutions_associate_results.txt
q_17_m_17_2_8,4_solutions_associate,4_solutions_associate_results.txt
q_17_m_17_1_9,4_solutions_associate,4_solutions_associate_results.txt
q_17_m_17_3_12,4_solutions_associate,4_solutions_associate_results.txt
q_17_m_17_1_20,4_solutions_associate,4_solutions_associate_results.txt
q_17_m_17_3_20,4_solutions_associate,4_solutions_associate_results.txt
q_16_m_16_2_26,4_solutions_associate,4_solutions_associate_results.txt
q_16_m_16_1_26,4_solutions_associate,4_solutions_associate_results.txt
q_16_m_16_3_26,4_solutions_associate,4_solutions_associate_results.txt
q_16_m_16_2_27,4_solutions_associate,4_solutions_associate_results.txt
q_16_m_16_2_28,4_solutions_associate,4_solutions_associate_results.txt
q_16_m_16_1_28,4_solutions_associate,4_solutions_associate_results.txt
q_16_m_16_2_29,4_solutions_associate,4_solutions_associate_results.txt
q_16_m_16_3_29,4_solutions_associate,4_solutions_associate_results.txt
q_16_m_16_2_32,4_solutions_associate,4_solutions_associate_results.txt
q_16_m_16_3_32,4_solutions_associate,4_solutions_associate_results.txt
q_16_m_16_3_33,4_solutions_associate,4_solutions_associate_results.txt
q_16_m_16_3_34,4_solutions_associate,4_solutions_associate_results.txt
q_16_m_16_2_35,4_solutions_associate,4_solutions_associate_results.txt
q_15_m_15_2_31,4_solutions_associate,4_solutions_associate_results.txt
q_15_m_15_3_34,4_solutions_associate,4_solutions_associate_results.txt
q_15_m_15_1_35,4_solutions_associate,4_solutions_associate_results.txt
q_17_m_17_2_21,4_solutions_associate,4_solutions_associate_results.txt
q_17_m_17_2_22,4_solutions_associate,4_solutions_associate_results.txt
q_17_m_17_1_23,4_solutions_associate,4_solutions_associate_results.txt
q_17_m_17_1_24,4_solutions_associate,4_solutions_associate_results.txt
q_17_m_17_3_21,4_solutions_associate,4_solutions_associate_results.txt
q_17_m_17_3_22,4_solutions_associate,4_solutions_associate_results.txt
q_17_m_17_2_26,4_solutions_associate,4_solutions_associate_results.txt
q_17_m_17_3_27,4_solutions_associate,4_solutions_associate_results.txt
q_17_m_17_2_31,4_solutions_associate,4_solutions_associate_results.txt
q_17_m_17_2_33,4_solutions_associate,4_solutions_associate_results.txt
q_17_m_17_1_32,4_solutions_associate,4_solutions_associate_results.txt
q_17_m_17_1_33,4_solutions_associate,4_solutions_associate_results.txt
q_17_m_17_1_35,4_solutions_associate,4_solutions_associate_results.txt
q_17_m_17_3_31,4_solutions_associate,4_solutions_associate_results.txt
q_17_m_17_3_32,4_solutions_associate,4_solutions_associate_results.txt
q_17_m_17_3_34,4_solutions_associate,4_solutions_associate_results.txt
q_17_m_17_3_35,4_solutions_associate,4_solutions_associate_results.txt
q_15_m_15_3_63,4_solutions_associate,4_solutions_associate_results.txt
q_14_m_14_1_93,4_solutions_associate,4_solutions_associate_results.txt
q_14_m_14_1_95,4_solutions_associate,4_solutions_associate_results.txt
q_16_m_16_1_61,4_solutions_associate,4_solutions_associate_results.txt
q_15_m_15_1_110,4_solutions_associate,4_solutions_associate_results.txt
q_14_m_14_3_100,4_solutions_associate,4_solutions_associate_results.txt
q_14_m_14_1_77,4_solutions_associate,4_solutions_associate_results.txt
q_14_m_14_1_81,4_solutions_associate,4_solutions_associate_results.txt
q_14_m_14_1_83,4_solutions_associate,4_solutions_associate_results.txt
q_14_m_14_1_87,4_solutions_associate,4_solutions_associate_results.txt
q_14_m_14_1_110,4_solutions_associate,4_solutions_associate_results.txt
q_14_m_14_1_115,4_solutions_associate,4_solutions_associate_results.txt
q_15_m_15_1_75,4_solutions_associate,4_solutions_associate_results.txt
q_15_m_15_1_78,4_solutions_associate,4_solutions_associate_results.txt
q_15_m_15_2_73,4_solutions_associate,4_solutions_associate_results.txt
q_16_m_16_2_65,4_solutions_associate,4_solutions_associate_results.txt
q_16_m_16_1_84,4_solutions_associate,4_solutions_associate_results.txt
q_17_m_17_2_61,4_solutions_associate,4_solutions_associate_results.txt
q_17_m_17_2_66,4_solutions_associate,4_solutions_associate_results.txt
q_17_m_17_2_84,4_solutions_associate,4_solutions_associate_results.txt
q_17_m_17_1_68,4_solutions_associate,4_solutions_associate_results.txt
q_17_m_17_1_75,4_solutions_associate,4_solutions_associate_results.txt
q_14_m_14_1_131,4_solutions_associate,4_solutions_associate_results.txt
q_14_m_14_2_98,4_solutions_associate,4_solutions_associate_results.txt
q_14_m_14_2_102,4_solutions_associate,4_solutions_associate_results.txt
q_14_m_14_2_110,4_solutions_associate,4_solutions_associate_results.txt
q_14_m_14_3_128,4_solutions_associate,4_solutions_associate_results.txt
q_14_m_14_3_134,4_solutions_associate,4_solutions_associate_results.txt
q_14_m_14_3_135,4_solutions_associate,4_solutions_associate_results.txt
q_14_m_14_3_137,4_solutions_associate,4_solutions_associate_results.txt
q_15_m_15_3_96,4_solutions_associate,4_solutions_associate_results.txt
q_15_m_15_2_91,4_solutions_associate,4_solutions_associate_results.txt
q_15_m_15_3_104,4_solutions_associate,4_solutions_associate_results.txt
q_15_m_15_3_107,4_solutions_associate,4_solutions_associate_results.txt
q_15_m_15_3_115,4_solutions_associate,4_solutions_associate_results.txt
q_15_m_15_1_111,4_solutions_associate,4_solutions_associate_results.txt
q_15_m_15_1_123,4_solutions_associate,4_solutions_associate_results.txt
q_15_m_15_2_100,4_solutions_associate,4_solutions_associate_results.txt
q_15_m_15_2_116,4_solutions_associate,4_solutions_associate_results.txt
q_16_m_16_2_105,4_solutions_associate,4_solutions_associate_results.txt
q_16_m_16_2_107,4_solutions_associate,4_solutions_associate_results.txt
q_16_m_16_2_112,4_solutions_associate,4_solutions_associate_results.txt
q_16_m_16_1_105,4_solutions_associate,4_solutions_associate_results.txt
q_16_m_16_1_106,4_solutions_associate,4_solutions_associate_results.txt
q_16_m_16_3_85,4_solutions_associate,4_solutions_associate_results.txt
q_17_m_17_2_111,4_solutions_associate,4_solutions_associate_results.txt
q_17_m_17_2_118,4_solutions_associate,4_solutions_associate_results.txt
q_17_m_17_2_122,4_solutions_associate,4_solutions_associate_results.txt
q_17_m_17_1_116,4_solutions_associate,4_solutions_associate_results.txt
q_17_m_17_1_119,4_solutions_associate,4_solutions_associate_results.txt
q_17_m_17_3_71,4_solutions_associate,4_solutions_associate_results.txt
q_17_m_17_3_88,4_solutions_associate,4_solutions_associate_results.txt
q_14_m_14_1_151,4_solutions_associate,4_solutions_associate_results.txt
q_14_m_14_1_156,4_solutions_associate,4_solutions_associate_results.txt
q_14_m_14_3_154,4_solutions_associate,4_solutions_associate_results.txt
q_14_m_14_3_160,4_solutions_associate,4_solutions_associate_results.txt
q_15_m_15_3_117,4_solutions_associate,4_solutions_associate_results.txt
q_15_m_15_1_145,4_solutions_associate,4_solutions_associate_results.txt
q_15_m_15_2_127,4_solutions_associate,4_solutions_associate_results.txt
q_15_m_15_2_132,4_solutions_associate,4_solutions_associate_results.txt
q_15_m_15_2_134,4_solutions_associate,4_solutions_associate_results.txt
q_16_m_16_2_122,4_solutions_associate,4_solutions_associate_results.txt
q_16_m_16_2_133,4_solutions_associate,4_solutions_associate_results.txt
q_16_m_16_2_139,4_solutions_associate,4_solutions_associate_results.txt
q_16_m_16_2_142,4_solutions_associate,4_solutions_associate_results.txt
q_16_m_16_2_144,4_solutions_associate,4_solutions_associate_results.txt
q_16_m_16_3_102,4_solutions_associate,4_solutions_associate_results.txt
q_17_m_17_2_140,4_solutions_associate,4_solutions_associate_results.txt
q_17_m_17_2_139,4_solutions_associate,4_solutions_associate_results.txt
q_17_m_17_2_135,4_solutions_associate,4_solutions_associate_results.txt
q_17_m_17_2_143,4_solutions_associate,4_solutions_associate_results.txt
q_17_m_17_1_123,4_solutions_associate,4_solutions_associate_results.txt
q_17_m_17_1_130,4_solutions_associate,4_solutions_associate_results.txt
q_17_m_17_1_132,4_solutions_associate,4_solutions_associate_results.txt
q_17_m_17_1_140,4_solutions_associate,4_solutions_associate_results.txt
q_17_m_17_3_97,4_solutions_associate,4_solutions_associate_results.txt
q_17_m_17_3_99,4_solutions_associate,4_solutions_associate_results.txt
q_17_m_17_3_100,4_solutions_associate,4_solutions_associate_results.txt
q_17_m_17_3_111,4_solutions_associate,4_solutions_associate_results.txt
q_14_m_14_1_166,4_solutions_associate,4_solutions_associate_results.txt
q_14_m_14_1_168,4_solutions_associate,4_solutions_associate_results.txt
q_15_m_15_3_139,4_solutions_associate,4_solutions_associate_results.txt
q_15_m_15_3_146,4_solutions_associate,4_solutions_associate_results.txt
q_15_m_15_3_147,4_solutions_associate,4_solutions_associate_results.txt
q_15_m_15_3_149,4_solutions_associate,4_solutions_associate_results.txt
q_15_m_15_3_150,4_solutions_associate,4_solutions_associate_results.txt
q_15_m_15_3_151,4_solutions_associate,4_solutions_associate_results.txt
q_15_m_15_1_159,4_solutions_associate,4_solutions_associate_results.txt
q_15_m_15_1_160,4_solutions_associate,4_solutions_associate_results.txt
q_15_m_15_1_161,4_solutions_associate,4_solutions_associate_results.txt
q_15_m_15_1_162,4_solutions_associate,4_solutions_associate_results.txt
q_15_m_15_1_163,4_solutions_associate,4_solutions_associate_results.txt
q_15_m_15_1_164,4_solutions_associate,4_solutions_associate_results.txt
q_15_m_15_1_165,4_solutions_associate,4_solutions_associate_results.txt
q_15_m_15_2_140,4_solutions_associate,4_solutions_associate_results.txt
q_15_m_15_2_141,4_solutions_associate,4_solutions_associate_results.txt
q_15_m_15_2_142,4_solutions_associate,4_solutions_associate_results.txt
q_15_m_15_2_144,4_solutions_associate,4_solutions_associate_results.txt
q_15_m_15_2_147,4_solutions_associate,4_solutions_associate_results.txt
q_15_m_15_2_153,4_solutions_associate,4_solutions_associate_results.txt
q_16_m_16_2_154,4_solutions_associate,4_solutions_associate_results.txt
q_17_m_17_1_148,4_solutions_associate,4_solutions_associate_results.txt
q_15_m_15_3_148,4_solutions_associate,4_solutions_associate_results.txt
q_15_m_15_3_145,4_solutions_associate,4_solutions_associate_results.txt
q_15_m_15_1_166,4_solutions_associate,4_solutions_associate_results.txt
q_15_m_15_2_145,4_solutions_associate,4_solutions_associate_results.txt
q_15_m_15_2_143,4_solutions_associate,4_solutions_associate_results.txt
q_15_m_15_2_146,4_solutions_associate,4_solutions_associate_results.txt
q_22_m_22_2_32,5_cloudops_associate,5_cloudops_associate_results.txt
q_26_m_26_3_26,5_cloudops_associate,5_cloudops_associate_results.txt
q_26_m_26_1_27,5_cloudops_associate,5_cloudops_associate_results.txt
q_26_m_26_3_28,5_cloudops_associate,5_cloudops_associate_results.txt
q_26_m_26_1_29,5_cloudops_associate,5_cloudops_associate_results.txt
q_26_m_26_2_29,5_cloudops_associate,5_cloudops_associate_results.txt
q_26_m_26_3_29,5_cloudops_associate,5_cloudops_associate_results.txt
q_26_m_26_3_30,5_cloudops_associate,5_cloudops_associate_results.txt
q_26_m_26_3_33,5_cloudops_associate,5_cloudops_associate_results.txt
q_26_m_26_3_34,5_cloudops_associate,5_cloudops_associate_results.txt
q_26_m_26_1_35,5_cloudops_associate,5_cloudops_associate_results.txt
q_23_m_23_3_26,5_cloudops_associate,5_cloudops_associate_results.txt
q_23_m_23_2_26,5_cloudops_associate,5_cloudops_associate_results.txt
q_23_m_23_1_26,5_cloudops_associate,5_cloudops_associate_results.txt
q_23_m_23_3_27,5_cloudops_associate,5_cloudops_associate_results.txt
q_23_m_23_2_27,5_cloudops_associate,5_cloudops_associate_results.txt
q_23_m_23_3_28,5_cloudops_associate,5_cloudops_associate_results.txt
q_23_m_23_2_28,5_cloudops_associate,5_cloudops_associate_results.txt
q_23_m_23_1_28,5_cloudops_associate,5_cloudops_associate_results.txt
q_23_m_23_2_29,5_cloudops_associate,5_cloudops_associate_results.txt
q_23_m_23_1_29,5_cloudops_associate,5_cloudops_associate_results.txt
q_23_m_23_3_30,5_cloudops_associate,5_cloudops_associate_results.txt
q_23_m_23_2_30,5_cloudops_associate,5_cloudops_associate_results.txt
q_23_m_23_1_30,5_cloudops_associate,5_cloudops_associate_results.txt
q_23_m_23_2_31,5_cloudops_associate,5_cloudops_associate_results.txt
q_23_m_23_1_31,5_cloudops_associate,5_cloudops_associate_results.txt
q_23_m_23_3_31,5_cloudops_associate,5_cloudops_associate_results.txt
q_23_m_23_2_32,5_cloudops_associate,5_cloudops_associate_results.txt
q_23_m_23_3_32,5_cloudops_associate,5_cloudops_associate_results.txt
q_23_m_23_2_33,5_cloudops_associate,5_cloudops_associate_results.txt
q_23_m_23_1_33,5_cloudops_associate,5_cloudops_associate_results.txt
q_23_m_23_3_33,5_cloudops_associate,5_cloudops_associate_results.txt
q_23_m_23_1_34,5_cloudops_associate,5_cloudops_associate_results.txt
q_23_m_23_3_34,5_cloudops_associate,5_cloudops_associate_results.txt
q_23_m_23_1_35,5_cloudops_associate,5_cloudops_associate_results.txt
q_23_m_23_3_35,5_cloudops_associate,5_cloudops_associate_results.txt
q_22_m_22_1_29,5_cloudops_associate,5_cloudops_associate_results.txt
q_22_m_22_2_33,5_cloudops_associate,5_cloudops_associate_results.txt
q_22_m_22_2_34,5_cloudops_associate,5_cloudops_associate_results.txt
q_22_m_22_1_37,5_cloudops_associate,5_cloudops_associate_results.txt
q_22_m_22_2_36,5_cloudops_associate,5_cloudops_associate_results.txt
q_22_m_22_1_38,5_cloudops_associate,5_cloudops_associate_results.txt
q_22_m_22_2_37,5_cloudops_associate,5_cloudops_associate_results.txt
q_22_m_22_1_39,5_cloudops_associate,5_cloudops_associate_results.txt
q_22_m_22_1_40,5_cloudops_associate,5_cloudops_associate_results.txt
q_22_m_22_2_39,5_cloudops_associate,5_cloudops_associate_results.txt
q_22_m_22_1_41,5_cloudops_associate,5_cloudops_associate_results.txt
q_22_m_22_1_42,5_cloudops_associate,5_cloudops_associate_results.txt
q_22_m_22_2_41,5_cloudops_associate,5_cloudops_associate_results.txt
q_22_m_22_1_44,5_cloudops_associate,5_cloudops_associate_results.txt
q_22_m_22_2_44,5_cloudops_associate,5_cloudops_associate_results.txt
q_22_m_22_1_46,5_cloudops_associate,5_cloudops_associate_results.txt
q_22_m_22_2_46,5_cloudops_associate,5_cloudops_associate_results.txt
q_22_m_22_1_48,5_cloudops_associate,5_cloudops_associate_results.txt
q_22_m_22_1_49,5_cloudops_associate,5_cloudops_associate_results.txt
q_27_m_27_1_31,5_cloudops_associate,5_cloudops_associate_results.txt
q_27_m_27_2_33,5_cloudops_associate,5_cloudops_associate_results.txt
q_27_m_27_1_38,5_cloudops_associate,5_cloudops_associate_results.txt
q_27_m_27_1_39,5_cloudops_associate,5_cloudops_associate_results.txt
q_27_m_27_1_41,5_cloudops_associate,5_cloudops_associate_results.txt
q_27_m_27_1_42,5_cloudops_associate,5_cloudops_associate_results.txt
q_27_m_27_1_43,5_cloudops_associate,5_cloudops_associate_results.txt
q_27_m_27_1_44,5_cloudops_associate,5_cloudops_associate_results.txt
q_27_m_27_1_45,5_cloudops_associate,5_cloudops_associate_results.txt
q_27_m_27_2_42,5_cloudops_associate,5_cloudops_associate_results.txt
q_27_m_27_2_44,5_cloudops_associate,5_cloudops_associate_results.txt
q_27_m_27_2_48,5_cloudops_associate,5_cloudops_associate_results.txt
q_24_m_24_1_29,5_cloudops_associate,5_cloudops_associate_results.txt
q_24_m_24_1_31,5_cloudops_associate,5_cloudops_associate_results.txt
q_24_m_24_2_31,5_cloudops_associate,5_cloudops_associate_results.txt
q_24_m_24_2_32,5_cloudops_associate,5_cloudops_associate_results.txt
q_24_m_24_1_33,5_cloudops_associate,5_cloudops_associate_results.txt
q_24_m_24_1_34,5_cloudops_associate,5_cloudops_associate_results.txt
q_24_m_24_2_34,5_cloudops_associate,5_cloudops_associate_results.txt
q_24_m_24_1_35,5_cloudops_associate,5_cloudops_associate_results.txt
q_24_m_24_2_35,5_cloudops_associate,5_cloudops_associate_results.txt
q_24_m_24_1_38,5_cloudops_associate,5_cloudops_associate_results.txt
q_25_m_25_1_35,5_cloudops_associate,5_cloudops_associate_results.txt
q_24_m_24_1_39,5_cloudops_associate,5_cloudops_associate_results.txt
q_24_m_24_2_40,5_cloudops_associate,5_cloudops_associate_results.txt
q_24_m_24_1_41,5_cloudops_associate,5_cloudops_associate_results.txt
q_24_m_24_1_42,5_cloudops_associate,5_cloudops_associate_results.txt
q_24_m_24_2_43,5_cloudops_associate,5_cloudops_associate_results.txt
q_24_m_24_1_43,5_cloudops_associate,5_cloudops_associate_results.txt
q_24_m_24_2_44,5_cloudops_associate,5_cloudops_associate_results.txt
q_24_m_24_1_44,5_cloudops_associate,5_cloudops_associate_results.txt
q_24_m_24_2_45,5_cloudops_associate,5_cloudops_associate_results.txt
q_24_m_24_1_45,5_cloudops_associate,5_cloudops_associate_results.txt
q_24_m_24_1_50,5_cloudops_associate,5_cloudops_associate_results.txt
q_25_m_25_1_27,5_cloudops_associate,5_cloudops_associate_results.txt
q_25_m_25_1_28,5_cloudops_associate,5_cloudops_associate_results.txt
q_25_m_25_1_29,5_cloudops_associate,5_cloudops_associate_results.txt
q_25_m_25_1_30,5_cloudops_associate,5_cloudops_associate_results.txt
q_25_m_25_2_26,5_cloudops_associate,5_cloudops_associate_results.txt
q_25_m_25_2_27,5_cloudops_associate,5_cloudops_associate_results.txt
q_25_m_25_2_28,5_cloudops_associate,5_cloudops_associate_results.txt
q_25_m_25_2_29,5_cloudops_associate,5_cloudops_associate_results.txt
q_25_m_25_2_30,5_cloudops_associate,5_cloudops_associate_results.txt
q_25_m_25_1_31,5_cloudops_associate,5_cloudops_associate_results.txt
q_25_m_25_2_31,5_cloudops_associate,5_cloudops_associate_results.txt
q_25_m_25_1_36,5_cloudops_associate,5_cloudops_associate_results.txt
q_25_m_25_2_35,5_cloudops_associate,5_cloudops_associate_results.txt
q_25_m_25_1_42,5_cloudops_associate,5_cloudops_associate_results.txt
q_25_m_25_2_40,5_cloudops_associate,5_cloudops_associate_results.txt
q_25_m_25_2_42,5_cloudops_associate,5_cloudops_associate_results.txt
q_25_m_25_1_45,5_cloudops_associate,5_cloudops_associate_results.txt
q_25_m_25_2_50,5_cloudops_associate,5_cloudops_associate_results.txt
q_25_m_25_1_54,5_cloudops_associate,5_cloudops_associate_results.txt
q_25_m_25_1_56,5_cloudops_associate,5_cloudops_associate_results.txt
q_25_m_25_1_57,5_cloudops_associate,5_cloudops_associate_results.txt
q_25_m_25_2_55,5_cloudops_associate,5_cloudops_associate_results.txt
q_25_m_25_1_58,5_cloudops_associate,5_cloudops_associate_results.txt
q_25_m_25_2_56,5_cloudops_associate,5_cloudops_associate_results.txt
q_25_m_25_2_57,5_cloudops_associate,5_cloudops_associate_results.txt
q_25_m_25_1_60,5_cloudops_associate,5_cloudops_associate_results.txt
q_25_m_25_2_58,5_cloudops_associate,5_cloudops_associate_results.txt
q_25_m_25_1_61,5_cloudops_associate,5_cloudops_associate_results.txt
q_25_m_25_2_59,5_cloudops_associate,5_cloudops_associate_results.txt
q_25_m_25_1_65,5_cloudops_associate,5_cloudops_associate_results.txt
q_25_m_25_2_63,5_cloudops_associate,5_cloudops_associate_results.txt
q_25_m_25_1_66,5_cloudops_associate,5_cloudops_associate_results.txt
q_25_m_25_2_64,5_cloudops_associate,5_cloudops_associate_results.txt
q_22_m_22_2_62,5_cloudops_associate,5_cloudops_associate_results.txt
q_23_m_23_3_41,5_cloudops_associate,5_cloudops_associate_results.txt
q_23_m_23_3_42,5_cloudops_associate,5_cloudops_associate_results.txt
q_23_m_23_3_44,5_cloudops_associate,5_cloudops_associate_results.txt
q_23_m_23_3_62,5_cloudops_associate,5_cloudops_associate_results.txt
q_23_m_23_1_44,5_cloudops_associate,5_cloudops_associate_results.txt
q_24_m_24_1_59,5_cloudops_associate,5_cloudops_associate_results.txt
q_24_m_24_2_58,5_cloudops_associate,5_cloudops_associate_results.txt
q_24_m_24_2_67,5_cloudops_associate,5_cloudops_associate_results.txt
q_25_m_25_1_76,5_cloudops_associate,5_cloudops_associate_results.txt
q_25_m_25_1_80,5_cloudops_associate,5_cloudops_associate_results.txt
q_25_m_25_2_88,5_cloudops_associate,5_cloudops_associate_results.txt
q_26_m_26_2_48,5_cloudops_associate,5_cloudops_associate_results.txt
q_26_m_26_2_60,5_cloudops_associate,5_cloudops_associate_results.txt
q_26_m_26_1_58,5_cloudops_associate,5_cloudops_associate_results.txt
q_26_m_26_3_46,5_cloudops_associate,5_cloudops_associate_results.txt
q_26_m_26_3_48,5_cloudops_associate,5_cloudops_associate_results.txt
q_27_m_27_1_57,5_cloudops_associate,5_cloudops_associate_results.txt
q_27_m_27_1_88,5_cloudops_associate,5_cloudops_associate_results.txt
q_23_m_23_3_66,5_cloudops_associate,5_cloudops_associate_results.txt
q_23_m_23_3_68,5_cloudops_associate,5_cloudops_associate_results.txt
q_23_m_23_3_74,5_cloudops_associate,5_cloudops_associate_results.txt
q_23_m_23_3_84,5_cloudops_associate,5_cloudops_associate_results.txt
q_23_m_23_2_81,5_cloudops_associate,5_cloudops_associate_results.txt
q_23_m_23_2_82,5_cloudops_associate,5_cloudops_associate_results.txt
q_23_m_23_1_61,5_cloudops_associate,5_cloudops_associate_results.txt
q_23_m_23_1_65,5_cloudops_associate,5_cloudops_associate_results.txt
q_23_m_23_1_82,5_cloudops_associate,5_cloudops_associate_results.txt
q_24_m_24_2_92,5_cloudops_associate,5_cloudops_associate_results.txt
q_24_m_24_1_78,5_cloudops_associate,5_cloudops_associate_results.txt
q_24_m_24_1_87,5_cloudops_associate,5_cloudops_associate_results.txt
q_26_m_26_2_89,5_cloudops_associate,5_cloudops_associate_results.txt
q_26_m_26_2_96,5_cloudops_associate,5_cloudops_associate_results.txt
q_26_m_26_1_84,5_cloudops_associate,5_cloudops_associate_results.txt
q_26_m_26_1_85,5_cloudops_associate,5_cloudops_associate_results.txt
q_26_m_26_3_66,5_cloudops_associate,5_cloudops_associate_results.txt
q_26_m_26_3_79,5_cloudops_associate,5_cloudops_associate_results.txt
q_25_m_25_1_109,5_cloudops_associate,5_cloudops_associate_results.txt
q_25_m_25_1_113,5_cloudops_associate,5_cloudops_associate_results.txt
q_25_m_25_1_116,5_cloudops_associate,5_cloudops_associate_results.txt
q_25_m_25_1_118,5_cloudops_associate,5_cloudops_associate_results.txt
q_25_m_25_2_115,5_cloudops_associate,5_cloudops_associate_results.txt
q_27_m_27_1_104,5_cloudops_associate,5_cloudops_associate_results.txt
q_27_m_27_2_113,5_cloudops_associate,5_cloudops_associate_results.txt
q_22_m_22_2_92,5_cloudops_associate,5_cloudops_associate_results.txt
q_22_m_22_2_93,5_cloudops_associate,5_cloudops_associate_results.txt
q_24_m_24_1_103,5_cloudops_associate,5_cloudops_associate_results.txt
q_24_m_24_1_108,5_cloudops_associate,5_cloudops_associate_results.txt
q_24_m_24_2_117,5_cloudops_associate,5_cloudops_associate_results.txt
q_25_m_25_1_131,5_cloudops_associate,5_cloudops_associate_results.txt
q_26_m_26_2_114,5_cloudops_associate,5_cloudops_associate_results.txt
q_26_m_26_1_109,5_cloudops_associate,5_cloudops_associate_results.txt
q_26_m_26_3_85,5_cloudops_associate,5_cloudops_associate_results.txt
q_26_m_26_3_91,5_cloudops_associate,5_cloudops_associate_results.txt
q_26_m_26_3_92,5_cloudops_associate,5_cloudops_associate_results.txt
q_27_m_27_1_132,5_cloudops_associate,5_cloudops_associate_results.txt
q_27_m_27_1_139,5_cloudops_associate,5_cloudops_associate_results.txt
q_27_m_27_2_122,5_cloudops_associate,5_cloudops_associate_results.txt
q_22_m_22_1_111,5_cloudops_associate,5_cloudops_associate_results.txt
q_22_m_22_1_112,5_cloudops_associate,5_cloudops_associate_results.txt
q_22_m_22_1_105,5_cloudops_associate,5_cloudops_associate_results.txt
q_22_m_22_1_108,5_cloudops_associate,5_cloudops_associate_results.txt
q_22_m_22_1_109,5_cloudops_associate,5_cloudops_associate_results.txt
q_22_m_22_1_110,5_cloudops_associate,5_cloudops_associate_results.txt
q_22_m_22_2_102,5_cloudops_associate,5_cloudops_associate_results.txt
q_22_m_22_2_103,5_cloudops_associate,5_cloudops_associate_results.txt
q_22_m_22_2_104,5_cloudops_associate,5_cloudops_associate_results.txt
q_22_m_22_2_105,5_cloudops_associate,5_cloudops_associate_results.txt
q_22_m_22_2_106,5_cloudops_associate,5_cloudops_associate_results.txt
q_22_m_22_2_107,5_cloudops_associate,5_cloudops_associate_results.txt
q_23_m_23_3_91,5_cloudops_associate,5_cloudops_associate_results.txt
q_23_m_23_3_97,5_cloudops_associate,5_cloudops_associate_results.txt
q_23_m_23_3_99,5_cloudops_associate,5_cloudops_associate_results.txt
q_23_m_23_3_107,5_cloudops_associate,5_cloudops_associate_results.txt
q_23_m_23_1_103,5_cloudops_associate,5_cloudops_associate_results.txt
q_24_m_24_2_143,5_cloudops_associate,5_cloudops_associate_results.txt
q_24_m_24_2_145,5_cloudops_associate,5_cloudops_associate_results.txt
q_24_m_24_2_146,5_cloudops_associate,5_cloudops_associate_results.txt
q_24_m_24_2_147,5_cloudops_associate,5_cloudops_associate_results.txt
q_24_m_24_2_148,5_cloudops_associate,5_cloudops_associate_results.txt
q_24_m_24_2_151,5_cloudops_associate,5_cloudops_associate_results.txt
q_24_m_24_1_135,5_cloudops_associate,5_cloudops_associate_results.txt
q_24_m_24_1_136,5_cloudops_associate,5_cloudops_associate_results.txt
q_24_m_24_1_138,5_cloudops_associate,5_cloudops_associate_results.txt
q_24_m_24_1_140,5_cloudops_associate,5_cloudops_associate_results.txt
q_24_m_24_1_141,5_cloudops_associate,5_cloudops_associate_results.txt
q_24_m_24_1_142,5_cloudops_associate,5_cloudops_associate_results.txt
q_24_m_24_1_143,5_cloudops_associate,5_cloudops_associate_results.txt
q_22_m_22_2_101,5_cloudops_associate,5_cloudops_associate_results.txt
q_22_m_22_1_33,6_developer_associate,6_developer_associate_results.txt
q_22_m_22_2_32,6_developer_associate,6_developer_associate_results.txt
q_26_m_26_2_26,6_developer_associate,6_developer_associate_results.txt
q_26_m_26_3_26,6_developer_associate,6_developer_associate_results.txt
q_26_m_26_1_27,6_developer_associate,6_developer_associate_results.txt
q_26_m_26_2_28,6_developer_associate,6_developer_associate_results.txt
q_26_m_26_3_28,6_developer_associate,6_developer_associate_results.txt
q_26_m_26_3_29,6_developer_associate,6_developer_associate_results.txt
q_26_m_26_3_30,6_developer_associate,6_developer_associate_results.txt
q_26_m_26_3_34,6_developer_associate,6_developer_associate_results.txt
q_26_m_26_2_35,6_developer_associate,6_developer_associate_results.txt
q_26_m_26_1_35,6_developer_associate,6_developer_associate_results.txt
q_26_m_26_3_35,6_developer_associate,6_developer_associate_results.txt
q_23_m_23_3_26,6_developer_associate,6_developer_associate_results.txt
q_23_m_23_2_26,6_developer_associate,6_developer_associate_results.txt
q_23_m_23_1_26,6_developer_associate,6_developer_associate_results.txt
q_23_m_23_2_27,6_developer_associate,6_developer_associate_results.txt
q_23_m_23_3_28,6_developer_associate,6_developer_associate_results.txt
q_23_m_23_2_28,6_developer_associate,6_developer_associate_results.txt
q_23_m_23_2_29,6_developer_associate,6_developer_associate_results.txt
q_23_m_23_1_29,6_developer_associate,6_developer_associate_results.txt
q_23_m_23_3_30,6_developer_associate,6_developer_associate_results.txt
q_23_m_23_2_30,6_developer_associate,6_developer_associate_results.txt
q_23_m_23_1_30,6_developer_associate,6_developer_associate_results.txt
q_23_m_23_2_31,6_developer_associate,6_developer_associate_results.txt
q_23_m_23_1_31,6_developer_associate,6_developer_associate_results.txt
q_23_m_23_3_31,6_developer_associate,6_developer_associate_results.txt
q_23_m_23_2_32,6_developer_associate,6_developer_associate_results.txt
q_23_m_23_3_32,6_developer_associate,6_developer_associate_results.txt
q_23_m_23_2_33,6_developer_associate,6_developer_associate_results.txt
q_23_m_23_1_33,6_developer_associate,6_developer_associate_results.txt
q_23_m_23_3_33,6_developer_associate,6_developer_associate_results.txt
q_23_m_23_1_34,6_developer_associate,6_developer_associate_results.txt
q_23_m_23_3_34,6_developer_associate,6_developer_associate_results.txt
q_23_m_23_1_35,6_developer_associate,6_developer_associate_results.txt
q_23_m_23_3_35,6_developer_associate,6_developer_associate_results.txt
q_22_m_22_1_29,6_developer_associate,6_developer_associate_results.txt
q_22_m_22_1_32,6_developer_associate,6_developer_associate_results.txt
q_22_m_22_2_33,6_developer_associate,6_developer_associate_results.txt
q_22_m_22_2_34,6_developer_associate,6_developer_associate_results.txt
q_22_m_22_1_37,6_developer_associate,6_developer_associate_results.txt
q_22_m_22_2_36,6_developer_associate,6_developer_associate_results.txt
q_22_m_22_1_38,6_developer_associate,6_developer_associate_results.txt
q_22_m_22_2_37,6_developer_associate,6_developer_associate_results.txt
q_22_m_22_1_39,6_developer_associate,6_developer_associate_results.txt
q_22_m_22_1_40,6_developer_associate,6_developer_associate_results.txt
q_22_m_22_2_39,6_developer_associate,6_developer_associate_results.txt
q_22_m_22_1_41,6_developer_associate,6_developer_associate_results.txt
q_22_m_22_1_42,6_developer_associate,6_developer_associate_results.txt
q_22_m_22_2_41,6_developer_associate,6_developer_associate_results.txt
q_22_m_22_1_44,6_developer_associate,6_developer_associate_results.txt
q_22_m_22_1_47,6_developer_associate,6_developer_associate_results.txt
q_22_m_22_2_46,6_developer_associate,6_developer_associate_results.txt
q_22_m_22_1_48,6_developer_associate,6_developer_associate_results.txt
q_22_m_22_1_49,6_developer_associate,6_developer_associate_results.txt
q_22_m_22_2_49,6_developer_associate,6_developer_associate_results.txt
q_27_m_27_1_30,6_developer_associate,6_developer_associate_results.txt
q_27_m_27_2_36,6_developer_associate,6_developer_associate_results.txt
q_27_m_27_1_42,6_developer_associate,6_developer_associate_results.txt
q_27_m_27_1_44,6_developer_associate,6_developer_associate_results.txt
q_27_m_27_1_45,6_developer_associate,6_developer_associate_results.txt
q_27_m_27_2_42,6_developer_associate,6_developer_associate_results.txt
q_27_m_27_2_44,6_developer_associate,6_developer_associate_results.txt
q_27_m_27_2_48,6_developer_associate,6_developer_associate_results.txt
q_24_m_24_1_28,6_developer_associate,6_developer_associate_results.txt
q_24_m_24_2_28,6_developer_associate,6_developer_associate_results.txt
q_24_m_24_2_29,6_developer_associate,6_developer_associate_results.txt
q_24_m_24_2_30,6_developer_associate,6_developer_associate_results.txt
q_24_m_24_1_31,6_developer_associate,6_developer_associate_results.txt
q_24_m_24_2_31,6_developer_associate,6_developer_associate_results.txt
q_24_m_24_2_32,6_developer_associate,6_developer_associate_results.txt
q_24_m_24_1_33,6_developer_associate,6_developer_associate_results.txt
q_24_m_24_1_34,6_developer_associate,6_developer_associate_results.txt
q_24_m_24_2_35,6_developer_associate,6_developer_associate_results.txt
q_24_m_24_2_37,6_developer_associate,6_developer_associate_results.txt
q_24_m_24_2_38,6_developer_associate,6_developer_associate_results.txt
q_24_m_24_1_38,6_developer_associate,6_developer_associate_results.txt
q_25_m_25_1_35,6_developer_associate,6_developer_associate_results.txt
q_24_m_24_2_40,6_developer_associate,6_developer_associate_results.txt
q_24_m_24_1_41,6_developer_associate,6_developer_associate_results.txt
q_24_m_24_1_43,6_developer_associate,6_developer_associate_results.txt
q_24_m_24_2_44,6_developer_associate,6_developer_associate_results.txt
q_24_m_24_2_45,6_developer_associate,6_developer_associate_results.txt
q_24_m_24_1_45,6_developer_associate,6_developer_associate_results.txt
q_25_m_25_1_26,6_developer_associate,6_developer_associate_results.txt
q_25_m_25_1_27,6_developer_associate,6_developer_associate_results.txt
q_25_m_25_1_28,6_developer_associate,6_developer_associate_results.txt
q_25_m_25_1_29,6_developer_associate,6_developer_associate_results.txt
q_25_m_25_1_30,6_developer_associate,6_developer_associate_results.txt
q_25_m_25_2_26,6_developer_associate,6_developer_associate_results.txt
q_25_m_25_2_27,6_developer_associate,6_developer_associate_results.txt
q_25_m_25_2_28,6_developer_associate,6_developer_associate_results.txt
q_25_m_25_2_29,6_developer_associate,6_developer_associate_results.txt
q_25_m_25_2_30,6_developer_associate,6_developer_associate_results.txt
q_25_m_25_1_32,6_developer_associate,6_developer_associate_results.txt
q_25_m_25_1_33,6_developer_associate,6_developer_associate_results.txt
q_25_m_25_2_32,6_developer_associate,6_developer_associate_results.txt
q_25_m_25_1_36,6_developer_associate,6_developer_associate_results.txt
q_25_m_25_2_42,6_developer_associate,6_developer_associate_results.txt
q_25_m_25_2_50,6_developer_associate,6_developer_associate_results.txt
q_25_m_25_1_54,6_developer_associate,6_developer_associate_results.txt
q_25_m_25_1_56,6_developer_associate,6_developer_associate_results.txt
q_25_m_25_1_57,6_developer_associate,6_developer_associate_results.txt
q_25_m_25_2_55,6_developer_associate,6_developer_associate_results.txt
q_25_m_25_1_58,6_developer_associate,6_developer_associate_results.txt
q_25_m_25_2_56,6_developer_associate,6_developer_associate_results.txt
q_25_m_25_2_57,6_developer_associate,6_developer_associate_results.txt
q_25_m_25_1_60,6_developer_associate,6_developer_associate_results.txt
q_25_m_25_2_58,6_developer_associate,6_developer_associate_results.txt
q_25_m_25_1_61,6_developer_associate,6_developer_associate_results.txt
q_25_m_25_2_59,6_developer_associate,6_developer_associate_results.txt
q_25_m_25_1_62,6_developer_associate,6_developer_associate_results.txt
q_25_m_25_1_63,6_developer_associate,6_developer_associate_results.txt
q_25_m_25_2_61,6_developer_associate,6_developer_associate_results.txt
q_25_m_25_1_64,6_developer_associate,6_developer_associate_results.txt
q_25_m_25_2_62,6_developer_associate,6_developer_associate_results.txt
q_25_m_25_1_65,6_developer_associate,6_developer_associate_results.txt
q_25_m_25_2_63,6_developer_associate,6_developer_associate_results.txt
q_25_m_25_1_66,6_developer_associate,6_developer_associate_results.txt
q_25_m_25_2_64,6_developer_associate,6_developer_associate_results.txt
q_22_m_22_2_55,6_developer_associate,6_developer_associate_results.txt
q_22_m_22_2_82,6_developer_associate,6_developer_associate_results.txt
q_22_m_22_1_76,6_developer_associate,6_developer_associate_results.txt
q_23_m_23_3_41,6_developer_associate,6_developer_associate_results.txt
q_23_m_23_3_42,6_developer_associate,6_developer_associate_results.txt
q_23_m_23_3_43,6_developer_associate,6_developer_associate_results.txt
q_23_m_23_3_46,6_developer_associate,6_developer_associate_results.txt
q_23_m_23_3_62,6_developer_associate,6_developer_associate_results.txt
q_23_m_23_3_65,6_developer_associate,6_developer_associate_results.txt
q_24_m_24_1_55,6_developer_associate,6_developer_associate_results.txt
q_24_m_24_2_81,6_developer_associate,6_developer_associate_results.txt
q_26_m_26_1_44,6_developer_associate,6_developer_associate_results.txt
q_25_m_25_2_83,6_developer_associate,6_developer_associate_results.txt
q_26_m_26_2_53,6_developer_associate,6_developer_associate_results.txt
q_26_m_26_2_54,6_developer_associate,6_developer_associate_results.txt
q_26_m_26_2_56,6_developer_associate,6_developer_associate_results.txt
q_26_m_26_1_57,6_developer_associate,6_developer_associate_results.txt
q_26_m_26_1_58,6_developer_associate,6_developer_associate_results.txt
q_27_m_27_1_77,6_developer_associate,6_developer_associate_results.txt
q_27_m_27_2_70,6_developer_associate,6_developer_associate_results.txt
q_23_m_23_3_66,6_developer_associate,6_developer_associate_results.txt
q_27_m_27_2_81,6_developer_associate,6_developer_associate_results.txt
q_27_m_27_2_92,6_developer_associate,6_developer_associate_results.txt
q_23_m_23_3_73,6_developer_associate,6_developer_associate_results.txt
q_23_m_23_3_78,6_developer_associate,6_developer_associate_results.txt
q_23_m_23_3_84,6_developer_associate,6_developer_associate_results.txt
q_23_m_23_3_80,6_developer_associate,6_developer_associate_results.txt
q_23_m_23_2_81,6_developer_associate,6_developer_associate_results.txt
q_23_m_23_1_65,6_developer_associate,6_developer_associate_results.txt
q_23_m_23_1_77,6_developer_associate,6_developer_associate_results.txt
q_24_m_24_2_91,6_developer_associate,6_developer_associate_results.txt
q_24_m_24_2_98,6_developer_associate,6_developer_associate_results.txt
q_26_m_26_2_89,6_developer_associate,6_developer_associate_results.txt
q_26_m_26_2_96,6_developer_associate,6_developer_associate_results.txt
q_26_m_26_2_97,6_developer_associate,6_developer_associate_results.txt
q_26_m_26_1_78,6_developer_associate,6_developer_associate_results.txt
q_26_m_26_1_84,6_developer_associate,6_developer_associate_results.txt
q_26_m_26_3_61,6_developer_associate,6_developer_associate_results.txt
q_26_m_26_3_81,6_developer_associate,6_developer_associate_results.txt
q_25_m_25_1_118,6_developer_associate,6_developer_associate_results.txt
q_25_m_25_1_125,6_developer_associate,6_developer_associate_results.txt
q_27_m_27_1_97,6_developer_associate,6_developer_associate_results.txt
q_27_m_27_1_104,6_developer_associate,6_developer_associate_results.txt
q_27_m_27_2_93,6_developer_associate,6_developer_associate_results.txt
q_27_m_27_2_114,6_developer_associate,6_developer_associate_results.txt
q_22_m_22_2_91,6_developer_associate,6_developer_associate_results.txt
q_22_m_22_2_95,6_developer_associate,6_developer_associate_results.txt
q_24_m_24_2_112,6_developer_associate,6_developer_associate_results.txt
q_24_m_24_2_117,6_developer_associate,6_developer_associate_results.txt
q_25_m_25_2_145,6_developer_associate,6_developer_associate_results.txt
q_26_m_26_2_109,6_developer_associate,6_developer_associate_results.txt
q_26_m_26_1_91,6_developer_associate,6_developer_associate_results.txt
q_26_m_26_1_103,6_developer_associate,6_developer_associate_results.txt
q_26_m_26_1_109,6_developer_associate,6_developer_associate_results.txt
q_26_m_26_3_91,6_developer_associate,6_developer_associate_results.txt
q_26_m_26_3_92,6_developer_associate,6_developer_associate_results.txt
q_27_m_27_1_121,6_developer_associate,6_developer_associate_results.txt
q_27_m_27_1_116,6_developer_associate,6_developer_associate_results.txt
q_27_m_27_1_118,6_developer_associate,6_developer_associate_results.txt
q_27_m_27_1_130,6_developer_associate,6_developer_associate_results.txt
q_27_m_27_1_132,6_developer_associate,6_developer_associate_results.txt
q_27_m_27_1_133,6_developer_associate,6_developer_associate_results.txt
q_27_m_27_2_121,6_developer_associate,6_developer_associate_results.txt
q_27_m_27_2_123,6_developer_associate,6_developer_associate_results.txt
q_22_m_22_1_111,6_developer_associate,6_developer_associate_results.txt
q_22_m_22_1_112,6_developer_associate,6_developer_associate_results.txt
q_22_m_22_1_108,6_developer_associate,6_developer_associate_results.txt
q_22_m_22_1_109,6_developer_associate,6_developer_associate_results.txt
q_22_m_22_1_110,6_developer_associate,6_developer_associate_results.txt
q_22_m_22_1_115,6_developer_associate,6_developer_associate_results.txt
q_22_m_22_2_103,6_developer_associate,6_developer_associate_results.txt
q_22_m_22_2_104,6_developer_associate,6_developer_associate_results.txt
q_22_m_22_2_105,6_developer_associate,6_developer_associate_results.txt
q_22_m_22_2_106,6_developer_associate,6_developer_associate_results.txt
q_23_m_23_3_91,6_developer_associate,6_developer_associate_results.txt
q_23_m_23_3_99,6_developer_associate,6_developer_associate_results.txt
q_23_m_23_3_104,6_developer_associate,6_developer_associate_results.txt
q_23_m_23_3_107,6_developer_associate,6_developer_associate_results.txt
q_23_m_23_2_88,6_developer_associate,6_developer_associate_results.txt
q_23_m_23_2_95,6_developer_associate,6_developer_associate_results.txt
q_23_m_23_1_103,6_developer_associate,6_developer_associate_results.txt
q_24_m_24_2_142,6_developer_associate,6_developer_associate_results.txt
q_24_m_24_2_143,6_developer_associate,6_developer_associate_results.txt
q_24_m_24_2_144,6_developer_associate,6_developer_associate_results.txt
q_24_m_24_2_145,6_developer_associate,6_developer_associate_results.txt
q_24_m_24_2_146,6_developer_associate,6_developer_associate_results.txt
q_24_m_24_2_147,6_developer_associate,6_developer_associate_results.txt
q_24_m_24_2_148,6_developer_associate,6_developer_associate_results.txt
q_24_m_24_2_152,6_developer_associate,6_developer_associate_results.txt
q_24_m_24_1_135,6_developer_associate,6_developer_associate_results.txt
q_24_m_24_1_136,6_developer_associate,6_developer_associate_results.txt
q_24_m_24_1_138,6_developer_associate,6_developer_associate_results.txt
q_24_m_24_1_139,6_developer_associate,6_developer_associate_results.txt
q_24_m_24_1_140,6_developer_associate,6_developer_associate_results.txt
q_24_m_24_1_141,6_developer_associate,6_developer_associate_results.txt
q_24_m_24_1_143,6_developer_associate,6_developer_associate_results.txt
q_24_m_24_1_129,6_developer_associate,6_developer_associate_results.txt
q_22_m_22_2_101,6_developer_associate,6_developer_associate_results.txt
q_33_m_33_1_94,7_data_engineer_associate,7_data_engineer_associate_results.txt
q_33_m_33_1_95,7_data_engineer_associate,7_data_engineer_associate_results.txt
q_35_m_35_4_37,7_data_engineer_associate,7_data_engineer_associate_results.txt
q_33_m_33_3_71,7_data_engineer_associate,7_data_engineer_associate_results.txt
q_32_m_32_4_34,7_data_engineer_associate,7_data_engineer_associate_results.txt
q_32_m_32_4_51,7_data_engineer_associate,7_data_engineer_associate_results.txt
q_33_m_33_4_37,7_data_engineer_associate,7_data_engineer_associate_results.txt
q_33_m_33_4_43,7_data_engineer_associate,7_data_engineer_associate_results.txt
q_33_m_33_3_34,7_data_engineer_associate,7_data_engineer_associate_results.txt
q_33_m_33_2_40,7_data_engineer_associate,7_data_engineer_associate_results.txt
q_34_m_34_2_39,7_data_engineer_associate,7_data_engineer_associate_results.txt
q_34_m_34_1_37,7_data_engineer_associate,7_data_engineer_associate_results.txt
q_34_m_34_1_44,7_data_engineer_associate,7_data_engineer_associate_results.txt
q_34_m_34_1_61,7_data_engineer_associate,7_data_engineer_associate_results.txt
q_34_m_34_3_29,7_data_engineer_associate,7_data_engineer_associate_results.txt
q_32_m_32_4_62,7_data_engineer_associate,7_data_engineer_associate_results.txt
q_32_m_32_3_57,7_data_engineer_associate,7_data_engineer_associate_results.txt
q_32_m_32_3_66,7_data_engineer_associate,7_data_engineer_associate_results.txt
q_32_m_32_3_73,7_data_engineer_associate,7_data_engineer_associate_results.txt
q_33_m_33_1_67,7_data_engineer_associate,7_data_engineer_associate_results.txt
q_32_m_32_2_53,7_data_engineer_associate,7_data_engineer_associate_results.txt
q_33_m_33_1_82,7_data_engineer_associate,7_data_engineer_associate_results.txt
q_33_m_33_4_62,7_data_engineer_associate,7_data_engineer_associate_results.txt
q_33_m_33_2_49,7_data_engineer_associate,7_data_engineer_associate_results.txt
q_33_m_33_2_59,7_data_engineer_associate,7_data_engineer_associate_results.txt
q_33_m_33_2_63,7_data_engineer_associate,7_data_engineer_associate_results.txt
q_34_m_34_2_70,7_data_engineer_associate,7_data_engineer_associate_results.txt
q_34_m_34_2_83,7_data_engineer_associate,7_data_engineer_associate_results.txt
q_34_m_34_2_84,7_data_engineer_associate,7_data_engineer_associate_results.txt
q_34_m_34_2_91,7_data_engineer_associate,7_data_engineer_associate_results.txt
q_34_m_34_1_64,7_data_engineer_associate,7_data_engineer_associate_results.txt
q_34_m_34_1_67,7_data_engineer_associate,7_data_engineer_associate_results.txt
q_34_m_34_1_75,7_data_engineer_associate,7_data_engineer_associate_results.txt
q_34_m_34_1_84,7_data_engineer_associate,7_data_engineer_associate_results.txt
q_34_m_34_1_86,7_data_engineer_associate,7_data_engineer_associate_results.txt
q_34_m_34_1_89,7_data_engineer_associate,7_data_engineer_associate_results.txt
q_34_m_34_1_94,7_data_engineer_associate,7_data_engineer_associate_results.txt
q_34_m_34_3_33,7_data_engineer_associate,7_data_engineer_associate_results.txt
q_34_m_34_3_47,7_data_engineer_associate,7_data_engineer_associate_results.txt
q_32_m_32_4_107,7_data_engineer_associate,7_data_engineer_associate_results.txt
q_32_m_32_4_122,7_data_engineer_associate,7_data_engineer_associate_results.txt
q_32_m_32_3_76,7_data_engineer_associate,7_data_engineer_associate_results.txt
q_32_m_32_3_80,7_data_engineer_associate,7_data_engineer_associate_results.txt
q_32_m_32_1_95,7_data_engineer_associate,7_data_engineer_associate_results.txt
q_32_m_32_2_75,7_data_engineer_associate,7_data_engineer_associate_results.txt
q_33_m_33_1_91,7_data_engineer_associate,7_data_engineer_associate_results.txt
q_33_m_33_4_79,7_data_engineer_associate,7_data_engineer_associate_results.txt
q_33_m_33_4_90,7_data_engineer_associate,7_data_engineer_associate_results.txt
q_33_m_33_4_104,7_data_engineer_associate,7_data_engineer_associate_results.txt
q_33_m_33_3_73,7_data_engineer_associate,7_data_engineer_associate_results.txt
q_33_m_33_3_76,7_data_engineer_associate,7_data_engineer_associate_results.txt
q_33_m_33_3_77,7_data_engineer_associate,7_data_engineer_associate_results.txt
q_35_m_35_1_32,7_data_engineer_associate,7_data_engineer_associate_results.txt
q_35_m_35_4_29,7_data_engineer_associate,7_data_engineer_associate_results.txt
q_35_m_35_4_38,7_data_engineer_associate,7_data_engineer_associate_results.txt
q_35_m_35_4_42,7_data_engineer_associate,7_data_engineer_associate_results.txt
q_35_m_35_5_27,7_data_engineer_associate,7_data_engineer_associate_results.txt
q_35_m_35_5_40,7_data_engineer_associate,7_data_engineer_associate_results.txt
q_34_m_34_2_112,7_data_engineer_associate,7_data_engineer_associate_results.txt
q_34_m_34_2_116,7_data_engineer_associate,7_data_engineer_associate_results.txt
q_34_m_34_2_133,7_data_engineer_associate,7_data_engineer_associate_results.txt
q_34_m_34_2_131,7_data_engineer_associate,7_data_engineer_associate_results.txt
q_34_m_34_1_99,7_data_engineer_associate,7_data_engineer_associate_results.txt
q_34_m_34_1_102,7_data_engineer_associate,7_data_engineer_associate_results.txt
q_34_m_34_1_103,7_data_engineer_associate,7_data_engineer_associate_results.txt
q_34_m_34_1_124,7_data_engineer_associate,7_data_engineer_associate_results.txt
q_34_m_34_4_62,7_data_engineer_associate,7_data_engineer_associate_results.txt
q_34_m_34_4_64,7_data_engineer_associate,7_data_engineer_associate_results.txt
q_34_m_34_4_66,7_data_engineer_associate,7_data_engineer_associate_results.txt
q_34_m_34_4_72,7_data_engineer_associate,7_data_engineer_associate_results.txt
q_34_m_34_3_56,7_data_engineer_associate,7_data_engineer_associate_results.txt
q_34_m_34_3_60,7_data_engineer_associate,7_data_engineer_associate_results.txt
q_35_m_35_1_64,7_data_engineer_associate,7_data_engineer_associate_results.txt
q_34_m_34_3_62,7_data_engineer_associate,7_data_engineer_associate_results.txt
q_34_m_34_3_64,7_data_engineer_associate,7_data_engineer_associate_results.txt
q_35_m_35_1_53,7_data_engineer_associate,7_data_engineer_associate_results.txt
q_35_m_35_1_60,7_data_engineer_associate,7_data_engineer_associate_results.txt
q_35_m_35_1_61,7_data_engineer_associate,7_data_engineer_associate_results.txt
q_35_m_35_1_71,7_data_engineer_associate,7_data_engineer_associate_results.txt
q_35_m_35_1_72,7_data_engineer_associate,7_data_engineer_associate_results.txt
q_35_m_35_1_74,7_data_engineer_associate,7_data_engineer_associate_results.txt
q_35_m_35_1_79,7_data_engineer_associate,7_data_engineer_associate_results.txt
q_35_m_35_2_57,7_data_engineer_associate,7_data_engineer_associate_results.txt
q_35_m_35_2_60,7_data_engineer_associate,7_data_engineer_associate_results.txt
q_35_m_35_4_53,7_data_engineer_associate,7_data_engineer_associate_results.txt
q_35_m_35_5_69,7_data_engineer_associate,7_data_engineer_associate_results.txt
q_37_m_37_1_18,8_devops_professional,8_devops_professional_results.txt
q_36_m_36_3_1,8_devops_professional,8_devops_professional_results.txt
q_36_m_36_4_2,8_devops_professional,8_devops_professional_results.txt
q_36_m_36_4_4,8_devops_professional,8_devops_professional_results.txt
q_36_m_36_2_2,8_devops_professional,8_devops_professional_results.txt
q_36_m_36_2_3,8_devops_professional,8_devops_professional_results.txt
q_36_m_36_2_4,8_devops_professional,8_devops_professional_results.txt
q_36_m_36_1_10,8_devops_professional,8_devops_professional_results.txt
q_36_m_36_2_8,8_devops_professional,8_devops_professional_results.txt
q_37_m_37_1_1,8_devops_professional,8_devops_professional_results.txt
q_37_m_37_2_4,8_devops_professional,8_devops_professional_results.txt
q_37_m_37_3_5,8_devops_professional,8_devops_professional_results.txt
q_37_m_37_1_8,8_devops_professional,8_devops_professional_results.txt
q_37_m_37_2_15,8_devops_professional,8_devops_professional_results.txt
q_37_m_37_3_12,8_devops_professional,8_devops_professional_results.txt
q_38_m_38_3_1,8_devops_professional,8_devops_professional_results.txt
q_38_m_38_3_4,8_devops_professional,8_devops_professional_results.txt
q_38_m_38_3_5,8_devops_professional,8_devops_professional_results.txt
q_38_m_38_2_3,8_devops_professional,8_devops_professional_results.txt
q_38_m_38_2_5,8_devops_professional,8_devops_professional_results.txt
q_38_m_38_3_13,8_devops_professional,8_devops_professional_results.txt
q_38_m_38_1_12,8_devops_professional,8_devops_professional_results.txt
q_38_m_38_1_13,8_devops_professional,8_devops_professional_results.txt
q_39_m_39_2_2,8_devops_professional,8_devops_professional_results.txt
q_39_m_39_3_3,8_devops_professional,8_devops_professional_results.txt
q_39_m_39_3_7,8_devops_professional,8_devops_professional_results.txt
q_39_m_39_2_15,8_devops_professional,8_devops_professional_results.txt
q_40_m_40_2_1,8_devops_professional,8_devops_professional_results.txt
q_40_m_40_3_2,8_devops_professional,8_devops_professional_results.txt
q_40_m_40_2_9,8_devops_professional,8_devops_professional_results.txt
q_40_m_40_3_11,8_devops_professional,8_devops_professional_results.txt
q_40_m_40_2_16,8_devops_professional,8_devops_professional_results.txt
q_40_m_40_3_16,8_devops_professional,8_devops_professional_results.txt
q_41_m_41_3_3,8_devops_professional,8_devops_professional_results.txt
q_41_m_41_3_14,8_devops_professional,8_devops_professional_results.txt
q_37_m_37_3_18,8_devops_professional,8_devops_professional_results.txt
q_39_m_39_2_28,8_devops_professional,8_devops_professional_results.txt
q_39_m_39_3_29,8_devops_professional,8_devops_professional_results.txt
q_40_m_40_2_22,8_devops_professional,8_devops_professional_results.txt
q_40_m_40_1_25,8_devops_professional,8_devops_professional_results.txt
q_40_m_40_2_26,8_devops_professional,8_devops_professional_results.txt
q_40_m_40_2_27,8_devops_professional,8_devops_professional_results.txt
q_40_m_40_3_31,8_devops_professional,8_devops_professional_results.txt
q_40_m_40_3_32,8_devops_professional,8_devops_professional_results.txt
q_40_m_40_1_33,8_devops_professional,8_devops_professional_results.txt
q_37_m_37_3_17,8_devops_professional,8_devops_professional_results.txt
q_40_m_40_3_33,8_devops_professional,8_devops_professional_results.txt
q_40_m_40_1_34,8_devops_professional,8_devops_professional_results.txt
q_40_m_40_2_35,8_devops_professional,8_devops_professional_results.txt
q_40_m_40_1_35,8_devops_professional,8_devops_professional_results.txt
q_40_m_40_3_35,8_devops_professional,8_devops_professional_results.txt
q_37_m_37_2_16,8_devops_professional,8_devops_professional_results.txt
q_37_m_37_1_19,8_devops_professional,8_devops_professional_results.txt
q_37_m_37_2_19,8_devops_professional,8_devops_professional_results.txt
q_37_m_37_1_20,8_devops_professional,8_devops_professional_results.txt
q_37_m_37_2_20,8_devops_professional,8_devops_professional_results.txt
q_37_m_37_3_20,8_devops_professional,8_devops_professional_results.txt
q_37_m_37_2_21,8_devops_professional,8_devops_professional_results.txt
q_37_m_37_1_22,8_devops_professional,8_devops_professional_results.txt
q_39_m_39_1_28,8_devops_professional,8_devops_professional_results.txt
q_37_m_37_2_24,8_devops_professional,8_devops_professional_results.txt
q_37_m_37_1_30,8_devops_professional,8_devops_professional_results.txt
q_37_m_37_3_25,8_devops_professional,8_devops_professional_results.txt
q_37_m_37_3_26,8_devops_professional,8_devops_professional_results.txt
q_37_m_37_2_29,8_devops_professional,8_devops_professional_results.txt
q_37_m_37_3_28,8_devops_professional,8_devops_professional_results.txt
q_37_m_37_1_32,8_devops_professional,8_devops_professional_results.txt
q_37_m_37_2_30,8_devops_professional,8_devops_professional_results.txt
q_37_m_37_1_37,8_devops_professional,8_devops_professional_results.txt
q_37_m_37_3_33,8_devops_professional,8_devops_professional_results.txt
q_39_m_39_1_20,8_devops_professional,8_devops_professional_results.txt
q_39_m_39_2_16,8_devops_professional,8_devops_professional_results.txt
q_39_m_39_1_17,8_devops_professional,8_devops_professional_results.txt
q_39_m_39_3_17,8_devops_professional,8_devops_professional_results.txt
q_39_m_39_3_18,8_devops_professional,8_devops_professional_results.txt
q_39_m_39_2_27,8_devops_professional,8_devops_professional_results.txt
q_39_m_39_2_20,8_devops_professional,8_devops_professional_results.txt
q_39_m_39_1_21,8_devops_professional,8_devops_professional_results.txt
q_39_m_39_1_23,8_devops_professional,8_devops_professional_results.txt
q_39_m_39_1_24,8_devops_professional,8_devops_professional_results.txt
q_39_m_39_1_25,8_devops_professional,8_devops_professional_results.txt
q_39_m_39_2_23,8_devops_professional,8_devops_professional_results.txt
q_39_m_39_3_27,8_devops_professional,8_devops_professional_results.txt
q_39_m_39_2_24,8_devops_professional,8_devops_professional_results.txt
q_39_m_39_2_25,8_devops_professional,8_devops_professional_results.txt
q_39_m_39_3_21,8_devops_professional,8_devops_professional_results.txt
q_39_m_39_3_22,8_devops_professional,8_devops_professional_results.txt
q_39_m_39_1_26,8_devops_professional,8_devops_professional_results.txt
q_39_m_39_2_26,8_devops_professional,8_devops_professional_results.txt
q_39_m_39_1_27,8_devops_professional,8_devops_professional_results.txt
q_39_m_39_1_30,8_devops_professional,8_devops_professional_results.txt
q_39_m_39_2_30,8_devops_professional,8_devops_professional_results.txt
q_39_m_39_3_31,8_devops_professional,8_devops_professional_results.txt
q_39_m_39_1_32,8_devops_professional,8_devops_professional_results.txt
q_39_m_39_3_34,8_devops_professional,8_devops_professional_results.txt
q_38_m_38_2_16,8_devops_professional,8_devops_professional_results.txt
q_38_m_38_3_16,8_devops_professional,8_devops_professional_results.txt
q_38_m_38_2_17,8_devops_professional,8_devops_professional_results.txt
q_38_m_38_2_18,8_devops_professional,8_devops_professional_results.txt
q_38_m_38_3_18,8_devops_professional,8_devops_professional_results.txt
q_38_m_38_1_19,8_devops_professional,8_devops_professional_results.txt
q_38_m_38_2_19,8_devops_professional,8_devops_professional_results.txt
q_41_m_41_2_28,8_devops_professional,8_devops_professional_results.txt
q_38_m_38_2_21,8_devops_professional,8_devops_professional_results.txt
q_38_m_38_1_22,8_devops_professional,8_devops_professional_results.txt
q_38_m_38_3_22,8_devops_professional,8_devops_professional_results.txt
q_38_m_38_1_23,8_devops_professional,8_devops_professional_results.txt
q_38_m_38_2_23,8_devops_professional,8_devops_professional_results.txt
q_38_m_38_3_23,8_devops_professional,8_devops_professional_results.txt
q_38_m_38_3_25,8_devops_professional,8_devops_professional_results.txt
q_38_m_38_1_27,8_devops_professional,8_devops_professional_results.txt
q_38_m_38_2_31,8_devops_professional,8_devops_professional_results.txt
q_38_m_38_3_32,8_devops_professional,8_devops_professional_results.txt
q_38_m_38_3_33,8_devops_professional,8_devops_professional_results.txt
q_38_m_38_3_34,8_devops_professional,8_devops_professional_results.txt
q_41_m_41_2_18,8_devops_professional,8_devops_professional_results.txt
q_41_m_41_1_19,8_devops_professional,8_devops_professional_results.txt
q_41_m_41_1_20,8_devops_professional,8_devops_professional_results.txt
q_41_m_41_1_26,8_devops_professional,8_devops_professional_results.txt
q_41_m_41_3_26,8_devops_professional,8_devops_professional_results.txt
q_41_m_41_3_34,8_devops_professional,8_devops_professional_results.txt
q_41_m_41_1_28,8_devops_professional,8_devops_professional_results.txt
q_41_m_41_3_28,8_devops_professional,8_devops_professional_results.txt
q_41_m_41_2_29,8_devops_professional,8_devops_professional_results.txt
q_41_m_41_3_29,8_devops_professional,8_devops_professional_results.txt
q_41_m_41_2_30,8_devops_professional,8_devops_professional_results.txt
q_41_m_41_3_30,8_devops_professional,8_devops_professional_results.txt
q_41_m_41_3_25,8_devops_professional,8_devops_professional_results.txt
q_41_m_41_2_33,8_devops_professional,8_devops_professional_results.txt
q_41_m_41_2_34,8_devops_professional,8_devops_professional_results.txt
q_36_m_36_1_11,8_devops_professional,8_devops_professional_results.txt
q_36_m_36_4_11,8_devops_professional,8_devops_professional_results.txt
q_36_m_36_1_12,8_devops_professional,8_devops_professional_results.txt
q_36_m_36_2_12,8_devops_professional,8_devops_professional_results.txt
q_36_m_36_3_13,8_devops_professional,8_devops_professional_results.txt
q_36_m_36_1_13,8_devops_professional,8_devops_professional_results.txt
q_36_m_36_2_13,8_devops_professional,8_devops_professional_results.txt
q_36_m_36_4_13,8_devops_professional,8_devops_professional_results.txt
q_36_m_36_1_14,8_devops_professional,8_devops_professional_results.txt
q_36_m_36_4_14,8_devops_professional,8_devops_professional_results.txt
q_36_m_36_1_15,8_devops_professional,8_devops_professional_results.txt
q_36_m_36_2_15,8_devops_professional,8_devops_professional_results.txt
q_36_m_36_4_15,8_devops_professional,8_devops_professional_results.txt
q_36_m_36_1_16,8_devops_professional,8_devops_professional_results.txt
q_36_m_36_4_16,8_devops_professional,8_devops_professional_results.txt
q_36_m_36_2_16,8_devops_professional,8_devops_professional_results.txt
q_36_m_36_3_17,8_devops_professional,8_devops_professional_results.txt
q_36_m_36_3_18,8_devops_professional,8_devops_professional_results.txt
q_36_m_36_2_18,8_devops_professional,8_devops_professional_results.txt
q_36_m_36_1_19,8_devops_professional,8_devops_professional_results.txt
q_36_m_36_4_19,8_devops_professional,8_devops_professional_results.txt
q_36_m_36_4_20,8_devops_professional,8_devops_professional_results.txt
q_36_m_36_4_21,8_devops_professional,8_devops_professional_results.txt
q_36_m_36_3_26,8_devops_professional,8_devops_professional_results.txt
q_36_m_36_1_26,8_devops_professional,8_devops_professional_results.txt
q_36_m_36_4_26,8_devops_professional,8_devops_professional_results.txt
q_36_m_36_3_27,8_devops_professional,8_devops_professional_results.txt
q_36_m_36_1_27,8_devops_professional,8_devops_professional_results.txt
q_36_m_36_4_27,8_devops_professional,8_devops_professional_results.txt
q_37_m_37_3_43,8_devops_professional,8_devops_professional_results.txt
q_38_m_38_3_39,8_devops_professional,8_devops_professional_results.txt
q_38_m_38_1_51,8_devops_professional,8_devops_professional_results.txt
q_38_m_38_1_52,8_devops_professional,8_devops_professional_results.txt
q_38_m_38_2_35,8_devops_professional,8_devops_professional_results.txt
q_38_m_38_2_39,8_devops_professional,8_devops_professional_results.txt
q_38_m_38_2_42,8_devops_professional,8_devops_professional_results.txt
q_38_m_38_2_47,8_devops_professional,8_devops_professional_results.txt
q_38_m_38_2_54,8_devops_professional,8_devops_professional_results.txt
q_37_m_37_1_94,8_devops_professional,8_devops_professional_results.txt
q_37_m_37_1_108,8_devops_professional,8_devops_professional_results.txt
q_37_m_37_2_61,8_devops_professional,8_devops_professional_results.txt
q_37_m_37_2_66,8_devops_professional,8_devops_professional_results.txt
q_37_m_37_2_77,8_devops_professional,8_devops_professional_results.txt
q_36_m_36_4_40,8_devops_professional,8_devops_professional_results.txt
q_36_m_36_4_44,8_devops_professional,8_devops_professional_results.txt
q_36_m_36_4_46,8_devops_professional,8_devops_professional_results.txt
q_36_m_36_4_52,8_devops_professional,8_devops_professional_results.txt
q_36_m_36_4_54,8_devops_professional,8_devops_professional_results.txt
q_36_m_36_4_56,8_devops_professional,8_devops_professional_results.txt
q_38_m_38_1_70,8_devops_professional,8_devops_professional_results.txt
q_38_m_38_1_77,8_devops_professional,8_devops_professional_results.txt
q_38_m_38_1_99,8_devops_professional,8_devops_professional_results.txt
q_38_m_38_3_76,8_devops_professional,8_devops_professional_results.txt
q_37_m_37_1_140,8_devops_professional,8_devops_professional_results.txt
q_37_m_37_1_150,8_devops_professional,8_devops_professional_results.txt
q_37_m_37_2_91,8_devops_professional,8_devops_professional_results.txt
q_37_m_37_2_94,8_devops_professional,8_devops_professional_results.txt
q_37_m_37_3_86,8_devops_professional,8_devops_professional_results.txt
q_37_m_37_3_92,8_devops_professional,8_devops_professional_results.txt
q_36_m_36_3_63,8_devops_professional,8_devops_professional_results.txt
q_38_m_38_1_112,8_devops_professional,8_devops_professional_results.txt
q_36_m_36_1_82,8_devops_professional,8_devops_professional_results.txt
q_36_m_36_4_60,8_devops_professional,8_devops_professional_results.txt
q_36_m_36_4_66,8_devops_professional,8_devops_professional_results.txt
q_36_m_36_2_57,8_devops_professional,8_devops_professional_results.txt
q_36_m_36_2_58,8_devops_professional,8_devops_professional_results.txt
q_36_m_36_2_63,8_devops_professional,8_devops_professional_results.txt
q_36_m_36_2_69,8_devops_professional,8_devops_professional_results.txt
q_36_m_36_2_74,8_devops_professional,8_devops_professional_results.txt
q_38_m_38_3_98,8_devops_professional,8_devops_professional_results.txt
q_38_m_38_1_109,8_devops_professional,8_devops_professional_results.txt
q_38_m_38_1_115,8_devops_professional,8_devops_professional_results.txt
q_38_m_38_2_78,8_devops_professional,8_devops_professional_results.txt
q_39_m_39_1_48,8_devops_professional,8_devops_professional_results.txt
q_39_m_39_1_60,8_devops_professional,8_devops_professional_results.txt
q_39_m_39_2_40,8_devops_professional,8_devops_professional_results.txt
q_39_m_39_2_68,8_devops_professional,8_devops_professional_results.txt
q_36_m_36_3_116,8_devops_professional,8_devops_professional_results.txt
q_36_m_36_3_105,8_devops_professional,8_devops_professional_results.txt
q_36_m_36_3_106,8_devops_professional,8_devops_professional_results.txt
q_36_m_36_1_96,8_devops_professional,8_devops_professional_results.txt
q_36_m_36_4_85,8_devops_professional,8_devops_professional_results.txt
q_36_m_36_4_91,8_devops_professional,8_devops_professional_results.txt
q_36_m_36_2_80,8_devops_professional,8_devops_professional_results.txt
q_36_m_36_2_84,8_devops_professional,8_devops_professional_results.txt
q_36_m_36_2_85,8_devops_professional,8_devops_professional_results.txt
q_36_m_36_2_89,8_devops_professional,8_devops_professional_results.txt
q_40_m_40_1_41,8_devops_professional,8_devops_professional_results.txt
q_40_m_40_1_51,8_devops_professional,8_devops_professional_results.txt
q_40_m_40_2_57,8_devops_professional,8_devops_professional_results.txt
q_40_m_40_2_59,8_devops_professional,8_devops_professional_results.txt
q_39_m_39_1_97,8_devops_professional,8_devops_professional_results.txt
q_39_m_39_2_70,8_devops_professional,8_devops_professional_results.txt
q_39_m_39_2_89,8_devops_professional,8_devops_professional_results.txt
q_39_m_39_3_67,8_devops_professional,8_devops_professional_results.txt
q_41_m_41_3_44,8_devops_professional,8_devops_professional_results.txt
q_41_m_41_3_54,8_devops_professional,8_devops_professional_results.txt
q_40_m_40_1_83,8_devops_professional,8_devops_professional_results.txt
q_40_m_40_1_84,8_devops_professional,8_devops_professional_results.txt
q_40_m_40_1_86,8_devops_professional,8_devops_professional_results.txt
q_40_m_40_1_89,8_devops_professional,8_devops_professional_results.txt
q_40_m_40_1_97,8_devops_professional,8_devops_professional_results.txt
q_40_m_40_1_99,8_devops_professional,8_devops_professional_results.txt
q_40_m_40_1_100,8_devops_professional,8_devops_professional_results.txt
q_40_m_40_1_102,8_devops_professional,8_devops_professional_results.txt
q_40_m_40_3_54,8_devops_professional,8_devops_professional_results.txt
q_40_m_40_3_59,8_devops_professional,8_devops_professional_results.txt
q_40_m_40_3_60,8_devops_professional,8_devops_professional_results.txt
q_40_m_40_3_62,8_devops_professional,8_devops_professional_results.txt
q_39_m_39_1_101,8_devops_professional,8_devops_professional_results.txt
q_39_m_39_1_105,8_devops_professional,8_devops_professional_results.txt
q_39_m_39_1_118,8_devops_professional,8_devops_professional_results.txt
q_39_m_39_2_108,8_devops_professional,8_devops_professional_results.txt
q_39_m_39_3_73,8_devops_professional,8_devops_professional_results.txt
q_41_m_41_1_74,8_devops_professional,8_devops_professional_results.txt
q_40_m_40_3_66,8_devops_professional,8_devops_professional_results.txt
q_41_m_41_2_96,8_devops_professional,8_devops_professional_results.txt
q_41_m_41_3_95,8_devops_professional,8_devops_professional_results.txt
q_41_m_41_3_112,8_devops_professional,8_devops_professional_results.txt
q_41_m_41_1_93,8_devops_professional,8_devops_professional_results.txt
q_42_m_42_1_5,9_solutions_architect_professional,9_solutions_architect_professional_results.txt
q_42_m_42_3_4,9_solutions_architect_professional,9_solutions_architect_professional_results.txt
q_42_m_42_5_1,9_solutions_architect_professional,9_solutions_architect_professional_results.txt
q_42_m_42_5_3,9_solutions_architect_professional,9_solutions_architect_professional_results.txt
q_42_m_42_2_1,9_solutions_architect_professional,9_solutions_architect_professional_results.txt
q_42_m_42_2_4,9_solutions_architect_professional,9_solutions_architect_professional_results.txt
q_42_m_42_1_10,9_solutions_architect_professional,9_solutions_architect_professional_results.txt
q_42_m_42_5_14,9_solutions_architect_professional,9_solutions_architect_professional_results.txt
q_42_m_42_3_11,9_solutions_architect_professional,9_solutions_architect_professional_results.txt
q_42_m_42_5_15,9_solutions_architect_professional,9_solutions_architect_professional_results.txt
q_43_m_43_1_3,9_solutions_architect_professional,9_solutions_architect_professional_results.txt
q_43_m_43_6_4,9_solutions_architect_professional,9_solutions_architect_professional_results.txt
q_44_m_44_5_2,9_solutions_architect_professional,9_solutions_architect_professional_results.txt
q_44_m_44_1_5,9_solutions_architect_professional,9_solutions_architect_professional_results.txt
q_44_m_44_3_8,9_solutions_architect_professional,9_solutions_architect_professional_results.txt
q_44_m_44_4_5,9_solutions_architect_professional,9_solutions_architect_professional_results.txt
q_44_m_44_5_7,9_solutions_architect_professional,9_solutions_architect_professional_results.txt
q_44_m_44_5_8,9_solutions_architect_professional,9_solutions_architect_professional_results.txt
q_45_m_45_3_5,9_solutions_architect_professional,9_solutions_architect_professional_results.txt
q_45_m_45_4_1,9_solutions_architect_professional,9_solutions_architect_professional_results.txt
q_45_m_45_4_4,9_solutions_architect_professional,9_solutions_architect_professional_results.txt
q_42_m_42_5_20,9_solutions_architect_professional,9_solutions_architect_professional_results.txt
q_44_m_44_1_9,9_solutions_architect_professional,9_solutions_architect_professional_results.txt
q_44_m_44_3_9,9_solutions_architect_professional,9_solutions_architect_professional_results.txt
q_44_m_44_2_9,9_solutions_architect_professional,9_solutions_architect_professional_results.txt
q_44_m_44_5_9,9_solutions_architect_professional,9_solutions_architect_professional_results.txt
q_44_m_44_1_10,9_solutions_architect_professional,9_solutions_architect_professional_results.txt
q_44_m_44_3_10,9_solutions_architect_professional,9_solutions_architect_professional_results.txt
q_44_m_44_4_10,9_solutions_architect_professional,9_solutions_architect_professional_results.txt
q_44_m_44_5_10,9_solutions_architect_professional,9_solutions_architect_professional_results.txt
q_44_m_44_3_11,9_solutions_architect_professional,9_solutions_architect_professional_results.txt
q_44_m_44_2_11,9_solutions_architect_professional,9_solutions_architect_professional_results.txt
q_44_m_44_5_11,9_solutions_architect_professional,9_solutions_architect_professional_results.txt
q_44_m_44_1_12,9_solutions_architect_professional,9_solutions_architect_professional_results.txt
q_44_m_44_3_12,9_solutions_architect_professional,9_solutions_architect_professional_results.txt
q_44_m_44_4_12,9_solutions_architect_professional,9_solutions_architect_professional_results.txt
q_44_m_44_2_12,9_solutions_architect_professional,9_solutions_architect_professional_results.txt
q_44_m_44_5_12,9_solutions_architect_professional,9_solutions_architect_professional_results.txt
q_44_m_44_1_13,9_solutions_architect_professional,9_solutions_architect_professional_results.txt
q_44_m_44_3_13,9_solutions_architect_professional,9_solutions_architect_professional_results.txt
q_44_m_44_2_13,9_solutions_architect_professional,9_solutions_architect_professional_results.txt
q_44_m_44_5_13,9_solutions_architect_professional,9_solutions_architect_professional_results.txt
q_44_m_44_1_14,9_solutions_architect_professional,9_solutions_architect_professional_results.txt
q_44_m_44_4_14,9_solutions_architect_professional,9_solutions_architect_professional_results.txt
q_44_m_44_1_15,9_solutions_architect_professional,9_solutions_architect_professional_results.txt
q_44_m_44_2_15,9_solutions_architect_professional,9_solutions_architect_professional_results.txt
q_44_m_44_5_15,9_solutions_architect_professional,9_solutions_architect_professional_results.txt
q_44_m_44_1_16,9_solutions_architect_professional,9_solutions_architect_professional_results.txt
q_44_m_44_3_16,9_solutions_architect_professional,9_solutions_architect_professional_results.txt
q_44_m_44_4_16,9_solutions_architect_professional,9_solutions_architect_professional_results.txt
q_44_m_44_2_16,9_solutions_architect_professional,9_solutions_architect_professional_results.txt
q_44_m_44_3_17,9_solutions_architect_professional,9_solutions_architect_professional_results.txt
q_44_m_44_2_17,9_solutions_architect_professional,9_solutions_architect_professional_results.txt
q_44_m_44_1_18,9_solutions_architect_professional,9_solutions_architect_professional_results.txt
q_44_m_44_3_18,9_solutions_architect_professional,9_solutions_architect_professional_results.txt
q_44_m_44_4_18,9_solutions_architect_professional,9_solutions_architect_professional_results.txt
q_44_m_44_2_18,9_solutions_architect_professional,9_solutions_architect_professional_results.txt
q_44_m_44_5_18,9_solutions_architect_professional,9_solutions_architect_professional_results.txt
q_44_m_44_1_19,9_solutions_architect_professional,9_solutions_architect_professional_results.txt
q_44_m_44_3_19,9_solutions_architect_professional,9_solutions_architect_professional_results.txt
q_44_m_44_4_19,9_solutions_architect_professional,9_solutions_architect_professional_results.txt
q_44_m_44_2_19,9_solutions_architect_professional,9_solutions_architect_professional_results.txt
q_44_m_44_5_19,9_solutions_architect_professional,9_solutions_architect_professional_results.txt
q_44_m_44_1_20,9_solutions_architect_professional,9_solutions_architect_professional_results.txt
q_44_m_44_3_20,9_solutions_architect_professional,9_solutions_architect_professional_results.txt
q_44_m_44_4_20,9_solutions_architect_professional,9_solutions_architect_professional_results.txt
q_44_m_44_2_20,9_solutions_architect_professional,9_solutions_architect_professional_results.txt
q_44_m_44_5_20,9_solutions_architect_professional,9_solutions_architect_professional_results.txt
q_43_m_43_1_9,9_solutions_architect_professional,9_solutions_architect_professional_results.txt
q_43_m_43_4_9,9_solutions_architect_professional,9_solutions_architect_professional_results.txt
q_43_m_43_3_9,9_solutions_architect_professional,9_solutions_architect_professional_results.txt
q_43_m_43_1_11,9_solutions_architect_professional,9_solutions_architect_professional_results.txt
q_43_m_43_4_11,9_solutions_architect_professional,9_solutions_architect_professional_results.txt
q_43_m_43_3_11,9_solutions_architect_professional,9_solutions_architect_professional_results.txt
q_43_m_43_4_5,9_solutions_architect_professional,9_solutions_architect_professional_results.txt
q_43_m_43_5_6,9_solutions_architect_professional,9_solutions_architect_professional_results.txt
q_43_m_43_2_7,9_solutions_architect_professional,9_solutions_architect_professional_results.txt
q_43_m_43_4_7,9_solutions_architect_professional,9_solutions_architect_professional_results.txt
q_43_m_43_6_7,9_solutions_architect_professional,9_solutions_architect_professional_results.txt
q_43_m_43_1_8,9_solutions_architect_professional,9_solutions_architect_professional_results.txt
q_43_m_43_5_8,9_solutions_architect_professional,9_solutions_architect_professional_results.txt
q_43_m_43_1_13,9_solutions_architect_professional,9_solutions_architect_professional_results.txt
q_43_m_43_2_15,9_solutions_architect_professional,9_solutions_architect_professional_results.txt
q_43_m_43_5_14,9_solutions_architect_professional,9_solutions_architect_professional_results.txt
q_43_m_43_5_16,9_solutions_architect_professional,9_solutions_architect_professional_results.txt
q_43_m_43_4_13,9_solutions_architect_professional,9_solutions_architect_professional_results.txt
q_43_m_43_6_13,9_solutions_architect_professional,9_solutions_architect_professional_results.txt
q_43_m_43_6_14,9_solutions_architect_professional,9_solutions_architect_professional_results.txt
q_43_m_43_6_15,9_solutions_architect_professional,9_solutions_architect_professional_results.txt
q_43_m_43_6_16,9_solutions_architect_professional,9_solutions_architect_professional_results.txt
q_43_m_43_3_13,9_solutions_architect_professional,9_solutions_architect_professional_results.txt
q_43_m_43_3_14,9_solutions_architect_professional,9_solutions_architect_professional_results.txt
q_43_m_43_3_15,9_solutions_architect_professional,9_solutions_architect_professional_results.txt
q_43_m_43_3_16,9_solutions_architect_professional,9_solutions_architect_professional_results.txt
q_43_m_43_4_17,9_solutions_architect_professional,9_solutions_architect_professional_results.txt
q_43_m_43_3_17,9_solutions_architect_professional,9_solutions_architect_professional_results.txt
q_43_m_43_1_18,9_solutions_architect_professional,9_solutions_architect_professional_results.txt
q_43_m_43_2_18,9_solutions_architect_professional,9_solutions_architect_professional_results.txt
q_43_m_43_4_18,9_solutions_architect_professional,9_solutions_architect_professional_results.txt
q_45_m_45_4_7,9_solutions_architect_professional,9_solutions_architect_professional_results.txt
q_45_m_45_1_8,9_solutions_architect_professional,9_solutions_architect_professional_results.txt
q_45_m_45_4_8,9_solutions_architect_professional,9_solutions_architect_professional_results.txt
q_45_m_45_4_10,9_solutions_architect_professional,9_solutions_architect_professional_results.txt
q_45_m_45_1_10,9_solutions_architect_professional,9_solutions_architect_professional_results.txt
q_45_m_45_2_12,9_solutions_architect_professional,9_solutions_architect_professional_results.txt
q_45_m_45_4_12,9_solutions_architect_professional,9_solutions_architect_professional_results.txt
q_45_m_45_3_13,9_solutions_architect_professional,9_solutions_architect_professional_results.txt
q_45_m_45_4_13,9_solutions_architect_professional,9_solutions_architect_professional_results.txt
q_45_m_45_2_14,9_solutions_architect_professional,9_solutions_architect_professional_results.txt
q_45_m_45_3_14,9_solutions_architect_professional,9_solutions_architect_professional_results.txt
q_45_m_45_1_21,9_solutions_architect_professional,9_solutions_architect_professional_results.txt
q_45_m_45_4_14,9_solutions_architect_professional,9_solutions_architect_professional_results.txt
q_45_m_45_2_15,9_solutions_architect_professional,9_solutions_architect_professional_results.txt
q_45_m_45_2_16,9_solutions_architect_professional,9_solutions_architect_professional_results.txt
q_45_m_45_3_17,9_solutions_architect_professional,9_solutions_architect_professional_results.txt
q_45_m_45_1_18,9_solutions_architect_professional,9_solutions_architect_professional_results.txt
q_45_m_45_2_18,9_solutions_architect_professional,9_solutions_architect_professional_results.txt
q_45_m_45_2_19,9_solutions_architect_professional,9_solutions_architect_professional_results.txt
q_45_m_45_3_19,9_solutions_architect_professional,9_solutions_architect_professional_results.txt
q_45_m_45_1_19,9_solutions_architect_professional,9_solutions_architect_professional_results.txt
q_45_m_45_3_20,9_solutions_architect_professional,9_solutions_architect_professional_results.txt
q_45_m_45_2_20,9_solutions_architect_professional,9_solutions_architect_professional_results.txt
q_45_m_45_4_21,9_solutions_architect_professional,9_solutions_architect_professional_results.txt
q_45_m_45_2_24,9_solutions_architect_professional,9_solutions_architect_professional_results.txt
q_45_m_45_1_24,9_solutions_architect_professional,9_solutions_architect_professional_results.txt
q_45_m_45_3_25,9_solutions_architect_professional,9_solutions_architect_professional_results.txt
q_45_m_45_2_25,9_solutions_architect_professional,9_solutions_architect_professional_results.txt
q_45_m_45_1_25,9_solutions_architect_professional,9_solutions_architect_professional_results.txt
q_42_m_42_1_32,9_solutions_architect_professional,9_solutions_architect_professional_results.txt
q_42_m_42_1_56,9_solutions_architect_professional,9_solutions_architect_professional_results.txt
q_42_m_42_4_44,9_solutions_architect_professional,9_solutions_architect_professional_results.txt
q_42_m_42_4_45,9_solutions_architect_professional,9_solutions_architect_professional_results.txt
q_42_m_42_4_48,9_solutions_architect_professional,9_solutions_architect_professional_results.txt
q_42_m_42_3_26,9_solutions_architect_professional,9_solutions_architect_professional_results.txt
q_42_m_42_3_52,9_solutions_architect_professional,9_solutions_architect_professional_results.txt
q_42_m_42_2_27,9_solutions_architect_professional,9_solutions_architect_professional_results.txt
q_42_m_42_2_28,9_solutions_architect_professional,9_solutions_architect_professional_results.txt
q_44_m_44_3_28,9_solutions_architect_professional,9_solutions_architect_professional_results.txt
q_44_m_44_2_26,9_solutions_architect_professional,9_solutions_architect_professional_results.txt
q_44_m_44_2_40,9_solutions_architect_professional,9_solutions_architect_professional_results.txt
q_44_m_44_2_49,9_solutions_architect_professional,9_solutions_architect_professional_results.txt
q_44_m_44_5_35,9_solutions_architect_professional,9_solutions_architect_professional_results.txt
q_43_m_43_1_27,9_solutions_architect_professional,9_solutions_architect_professional_results.txt
q_43_m_43_1_31,9_solutions_architect_professional,9_solutions_architect_professional_results.txt
q_43_m_43_2_30,9_solutions_architect_professional,9_solutions_architect_professional_results.txt
q_43_m_43_6_25,9_solutions_architect_professional,9_solutions_architect_professional_results.txt
q_43_m_43_6_35,9_solutions_architect_professional,9_solutions_architect_professional_results.txt
q_42_m_42_1_69,9_solutions_architect_professional,9_solutions_architect_professional_results.txt
q_42_m_42_4_76,9_solutions_architect_professional,9_solutions_architect_professional_results.txt
q_42_m_42_3_57,9_solutions_architect_professional,9_solutions_architect_professional_results.txt
q_42_m_42_5_45,9_solutions_architect_professional,9_solutions_architect_professional_results.txt
q_42_m_42_1_93,9_solutions_architect_professional,9_solutions_architect_professional_results.txt
q_42_m_42_1_99,9_solutions_architect_professional,9_solutions_architect_professional_results.txt
q_42_m_42_3_84,9_solutions_architect_professional,9_solutions_architect_professional_results.txt
q_42_m_42_3_86,9_solutions_architect_professional,9_solutions_architect_professional_results.txt
q_42_m_42_2_44,9_solutions_architect_professional,9_solutions_architect_professional_results.txt
q_43_m_43_5_46,9_solutions_architect_professional,9_solutions_architect_professional_results.txt
q_43_m_43_5_53,9_solutions_architect_professional,9_solutions_architect_professional_results.txt
q_43_m_43_3_50,9_solutions_architect_professional,9_solutions_architect_professional_results.txt
q_43_m_43_3_51,9_solutions_architect_professional,9_solutions_architect_professional_results.txt
q_43_m_43_3_59,9_solutions_architect_professional,9_solutions_architect_professional_results.txt
q_43_m_43_2_42,9_solutions_architect_professional,9_solutions_architect_professional_results.txt
q_43_m_43_4_49,9_solutions_architect_professional,9_solutions_architect_professional_results.txt
q_43_m_43_6_48,9_solutions_architect_professional,9_solutions_architect_professional_results.txt
q_44_m_44_1_71,9_solutions_architect_professional,9_solutions_architect_professional_results.txt
q_44_m_44_1_73,9_solutions_architect_professional,9_solutions_architect_professional_results.txt
q_44_m_44_1_83,9_solutions_architect_professional,9_solutions_architect_professional_results.txt
q_44_m_44_2_58,9_solutions_architect_professional,9_solutions_architect_professional_results.txt
q_44_m_44_3_65,9_solutions_architect_professional,9_solutions_architect_professional_results.txt
q_44_m_44_3_66,9_solutions_architect_professional,9_solutions_architect_professional_results.txt
q_44_m_44_5_44,9_solutions_architect_professional,9_solutions_architect_professional_results.txt
q_45_m_45_1_36,9_solutions_architect_professional,9_solutions_architect_professional_results.txt
q_45_m_45_2_43,9_solutions_architect_professional,9_solutions_architect_professional_results.txt
q_43_m_43_1_76,9_solutions_architect_professional,9_solutions_architect_professional_results.txt
q_43_m_43_1_85,9_solutions_architect_professional,9_solutions_architect_professional_results.txt
q_43_m_43_1_92,9_solutions_architect_professional,9_solutions_architect_professional_results.txt
q_43_m_43_1_94,9_solutions_architect_professional,9_solutions_architect_professional_results.txt
q_43_m_43_1_97,9_solutions_architect_professional,9_solutions_architect_professional_results.txt
q_43_m_43_2_54,9_solutions_architect_professional,9_solutions_architect_professional_results.txt
q_43_m_43_2_72,9_solutions_architect_professional,9_solutions_architect_professional_results.txt
q_43_m_43_5_74,9_solutions_architect_professional,9_solutions_architect_professional_results.txt
q_44_m_44_1_109,9_solutions_architect_professional,9_solutions_architect_professional_results.txt
q_44_m_44_1_110,9_solutions_architect_professional,9_solutions_architect_professional_results.txt
q_44_m_44_3_75,9_solutions_architect_professional,9_solutions_architect_professional_results.txt
q_44_m_44_3_77,9_solutions_architect_professional,9_solutions_architect_professional_results.txt
q_44_m_44_3_86,9_solutions_architect_professional,9_solutions_architect_professional_results.txt
q_44_m_44_3_96,9_solutions_architect_professional,9_solutions_architect_professional_results.txt
q_44_m_44_4_56,9_solutions_architect_professional,9_solutions_architect_professional_results.txt
q_44_m_44_4_57,9_solutions_architect_professional,9_solutions_architect_professional_results.txt
q_44_m_44_4_67,9_solutions_architect_professional,9_solutions_architect_professional_results.txt
q_45_m_45_3_65,9_solutions_architect_professional,9_solutions_architect_professional_results.txt
q_45_m_45_4_52,9_solutions_architect_professional,9_solutions_architect_professional_results.txt
q_45_m_45_4_55,9_solutions_architect_professional,9_solutions_architect_professional_results.txt
q_45_m_45_4_66,9_solutions_architect_professional,9_solutions_architect_professional_results.txt
q_45_m_45_4_68,9_solutions_architect_professional,9_solutions_architect_professional_results.txt
q_45_m_45_4_73,9_solutions_architect_professional,9_solutions_architect_professional_results.txt
q_45_m_45_1_55,9_solutions_architect_professional,9_solutions_architect_professional_results.txt
q_45_m_45_1_79,9_solutions_architect_professional,9_solutions_architect_professional_results.txt
q_45_m_45_1_81,9_solutions_architect_professional,9_solutions_architect_professional_results.txt
q_45_m_45_1_101,9_solutions_architect_professional,9_solutions_architect_professional_results.txt
q_45_m_45_2_89,9_solutions_architect_professional,9_solutions_architect_professional_results.txt
q_45_m_45_3_82,9_solutions_architect_professional,9_solutions_architect_professional_results.txt
